{"link": {"source": [0, 0, 0, 0, 0, 0, 1, 1, 1, 1, 1, 2, 2, 2, 2, 3, 3, 3, 4, 4, 4, 4, 5, 5, 5, 5, 6, 6, 6, 7, 7, 10, 10, 10, 10, 10, 11, 11, 11, 11, 12, 12, 12, 13, 13, 15, 15, 15, 15, 16, 16, 16, 16, 17, 17, 17, 18, 18], "target": [4, 5, 6, 7, 8, 9, 5, 6, 7, 8, 9, 6, 7, 8, 9, 7, 8, 9, 10, 11, 13, 14, 11, 12, 13, 14, 12, 13, 14, 13, 14, 15, 16, 17, 18, 19, 16, 17, 18, 19, 17, 18, 19, 18, 19, 20, 21, 22, 24, 21, 22, 23, 24, 22, 23, 24, 23, 24], "value": [428, 296, 45, 18, 311, 49, 260, 56, 7, 163, 35, 46, 10, 48, 8, 60, 39, 10, 384, 28, 2, 14, 515, 19, 6, 16, 130, 9, 8, 75, 20, 367, 9, 2, 1, 5, 508, 17, 7, 11, 134, 6, 9, 77, 15, 338, 17, 2, 10, 475, 17, 5, 20, 136, 3, 14, 79, 12], "color": ["rgba(31.0,119.0,180.0,0.2)", "rgba(31.0,119.0,180.0,0.2)", "rgba(31.0,119.0,180.0,0.2)", "rgba(31.0,119.0,180.0,0.2)", "rgba(31.0,119.0,180.0,0.2)", "rgba(31.0,119.0,180.0,0.2)", "rgba(44.0,160.0,44.0,0.2)", "rgba(44.0,160.0,44.0,0.2)", "rgba(44.0,160.0,44.0,0.2)", "rgba(44.0,160.0,44.0,0.2)", "rgba(44.0,160.0,44.0,0.2)", "rgba(255.0,127.0,14.0,0.2)", "rgba(255.0,127.0,14.0,0.2)", "rgba(255.0,127.0,14.0,0.2)", "rgba(255.0,127.0,14.0,0.2)", "rgba(214.0,39.0,40.0,0.2)", "rgba(214.0,39.0,40.0,0.2)", "rgba(214.0,39.0,40.0,0.2)", "rgba(31.0,119.0,180.0,0.2)", "rgba(31.0,119.0,180.0,0.2)", "rgba(31.0,119.0,180.0,0.2)", "rgba(31.0,119.0,180.0,0.2)", "rgba(44.0,160.0,44.0,0.2)", "rgba(44.0,160.0,44.0,0.2)", "rgba(44.0,160.0,44.0,0.2)", "rgba(44.0,160.0,44.0,0.2)", "rgba(255.0,127.0,14.0,0.2)", "rgba(255.0,127.0,14.0,0.2)", "rgba(255.0,127.0,14.0,0.2)", "rgba(214.0,39.0,40.0,0.2)", "rgba(214.0,39.0,40.0,0.2)", "rgba(31.0,119.0,180.0,0.2)", "rgba(31.0,119.0,180.0,0.2)", "rgba(31.0,119.0,180.0,0.2)", "rgba(31.0,119.0,180.0,0.2)", "rgba(31.0,119.0,180.0,0.2)", "rgba(44.0,160.0,44.0,0.2)", "rgba(44.0,160.0,44.0,0.2)", "rgba(44.0,160.0,44.0,0.2)", "rgba(44.0,160.0,44.0,0.2)", "rgba(255.0,127.0,14.0,0.2)", "rgba(255.0,127.0,14.0,0.2)", "rgba(255.0,127.0,14.0,0.2)", "rgba(214.0,39.0,40.0,0.2)", "rgba(214.0,39.0,40.0,0.2)", "rgba(31.0,119.0,180.0,0.2)", "rgba(31.0,119.0,180.0,0.2)", "rgba(31.0,119.0,180.0,0.2)", "rgba(31.0,119.0,180.0,0.2)", "rgba(44.0,160.0,44.0,0.2)", "rgba(44.0,160.0,44.0,0.2)", "rgba(44.0,160.0,44.0,0.2)", "rgba(44.0,160.0,44.0,0.2)", "rgba(255.0,127.0,14.0,0.2)", "rgba(255.0,127.0,14.0,0.2)", "rgba(255.0,127.0,14.0,0.2)", "rgba(214.0,39.0,40.0,0.2)", "rgba(214.0,39.0,40.0,0.2)"], "customdata": [[0.37314734088927637, 1.0], [0.25806451612903225, 0.5323741007194245], [0.03923278116826504, 0.30612244897959184], [0.015693112467306015, 0.18947368421052632], [0.27114210985178727, 0.5543672014260249], [0.042720139494333044, 0.4803921568627451], [0.4990403071017274, 0.4676258992805755], [0.10748560460652591, 0.38095238095238093], [0.013435700575815739, 0.07368421052631578], [0.31285988483685223, 0.2905525846702317], [0.0671785028790787, 0.3431372549019608], [0.4107142857142857, 0.3129251700680272], [0.08928571428571429, 0.10526315789473684], [0.42857142857142855, 0.0855614973262032], [0.07142857142857142, 0.0784313725490196], [0.5504587155963303, 0.631578947368421], [0.3577981651376147, 0.06951871657754011], [0.09174311926605505, 0.09803921568627451], [0.897196261682243, 1.0], [0.06542056074766354, 0.05156537753222836], [0.004672897196261682, 0.021739130434782608], [0.03271028037383177, 0.2413793103448276], [0.9262589928057554, 0.9484346224677717], [0.0341726618705036, 0.12751677852348994], [0.01079136690647482, 0.06521739130434782], [0.02877697841726619, 0.27586206896551724], [0.8843537414965986, 0.87248322147651], [0.061224489795918366, 0.09782608695652174], [0.05442176870748299, 0.13793103448275862], [0.7894736842105263, 0.8152173913043478], [0.21052631578947367, 0.3448275862068966], [0.9557291666666666, 1.0], [0.0234375, 0.017408123791102514], [0.005208333333333333, 0.013071895424836602], [0.0026041666666666665, 0.01098901098901099], [0.013020833333333334, 0.125], [0.9355432780847146, 0.9825918762088974], [0.03130755064456722, 0.1111111111111111], [0.01289134438305709, 0.07692307692307693], [0.020257826887661142, 0.275], [0.8993288590604027, 0.8758169934640523], [0.040268456375838924, 0.06593406593406594], [0.06040268456375839, 0.225], [0.8369565217391305, 0.8461538461538461], [0.16304347826086957, 0.375], [0.9209809264305178, 1.0], [0.04632152588555858, 0.034552845528455285], [0.005449591280653951, 0.012903225806451613], [0.027247956403269755, 0.17857142857142858], [0.9187620889748549, 0.9654471544715447], [0.03288201160541586, 0.10967741935483871], [0.009671179883945842, 0.05747126436781609], [0.03868471953578337, 0.35714285714285715], [0.8888888888888888, 0.8774193548387097], [0.0196078431372549, 0.034482758620689655], [0.0915032679738562, 0.25], [0.8681318681318682, 0.9080459770114943], [0.13186813186813187, 0.21428571428571427]], "hovertemplate": "<b>%{source.customdata} → %{target.customdata}</b><br>%{value:.0f} patients<br>• %{customdata[0]:.1%} of %{source.customdata}<br>• %{customdata[1]:.1%} of %{target.customdata}<extra></extra>"}, "node": {"label": ["1147 pts", "521 pts", "112 pts", "109 pts", "428 pts", "556 pts", "147 pts", "95 pts", "D in ICU<br>561 pts", "102 pts", "384 pts", "543 pts", "149 pts", "92 pts", "58 pts", "367 pts", "517 pts", "153 pts", "91 pts", "40 pts", "338 pts", "492 pts", "155 pts", "87 pts", "56 pts"], "x": [0.001, 0.001, 0.001, 0.001, 0.2712916666666667, 0.2712916666666667, 0.2712916666666667, 0.2712916666666667, 0.14654166666666668, 0.2712916666666667, 0.4792083333333333, 0.4792083333333333, 0.4792083333333333, 0.4792083333333333, 0.4792083333333333, 0.687125, 0.687125, 0.687125, 0.687125, 0.687125, 0.999, 0.999, 0.999, 0.999, 0.999], "y": [-0.1, 0.125, 0.35, 0.5750000000000001, -0.1, 0.08000000000000002, 0.26, 0.44000000000000006, 0.8, 0.6200000000000001, -0.1, 0.08000000000000002, 0.26, 0.44000000000000006, 0.6200000000000001, -0.1, 0.08000000000000002, 0.26, 0.44000000000000006, 0.6200000000000001, -0.1, 0.08000000000000002, 0.26, 0.44000000000000006, 0.6200000000000001], "color": ["rgba(31.0,119.0,180.0,0.8)", "rgba(44.0,160.0,44.0,0.8)", "rgba(255.0,127.0,14.0,0.8)", "rgba(214.0,39.0,40.0,0.8)", "rgba(31.0,119.0,180.0,0.8)", "rgba(44.0,160.0,44.0,0.8)", "rgba(255.0,127.0,14.0,0.8)", "rgba(214.0,39.0,40.0,0.8)", "rgba(148.0,103.0,189.0,0.8)", "rgba(148.0,103.0,189.0,0.8)", "rgba(31.0,119.0,180.0,0.8)", "rgba(44.0,160.0,44.0,0.8)", "rgba(255.0,127.0,14.0,0.8)", "rgba(214.0,39.0,40.0,0.8)", "rgba(148.0,103.0,189.0,0.8)", "rgba(31.0,119.0,180.0,0.8)", "rgba(44.0,160.0,44.0,0.8)", "rgba(255.0,127.0,14.0,0.8)", "rgba(214.0,39.0,40.0,0.8)", "rgba(148.0,103.0,189.0,0.8)", "rgba(31.0,119.0,180.0,0.8)", "rgba(44.0,160.0,44.0,0.8)", "rgba(255.0,127.0,14.0,0.8)", "rgba(214.0,39.0,40.0,0.8)", "rgba(148.0,103.0,189.0,0.8)"], "pad": 10, "thickness": 40, "customdata": ["CCI: 0 at admission", "CCI: 1-2 at admission", "CCI: 3-4 at admission", "CCI: 5+ at admission", "CCI: 0 at discharge", "CCI: 1-2 at discharge", "CCI: 3-4 at discharge", "CCI: 5+ at discharge", "Death in ICU", "Death at discharge", "CCI: 0 at 6 months", "CCI: 1-2 at 6 months", "CCI: 3-4 at 6 months", "CCI: 5+ at 6 months", "Death at 6 months", "CCI: 0 at 1 year", "CCI: 1-2 at 1 year", "CCI: 3-4 at 1 year", "CCI: 5+ at 1 year", "Death at 1 year", "CCI: 0 at 2 year", "CCI: 1-2 at 2 year", "CCI: 3-4 at 2 year", "CCI: 5+ at 2 year", "Death at 2 year"], "hovertemplate": "%{customdata}<br>%{value:.0f} patients<extra></extra>"}, "loc_map": {"0": {"x": 0.001, "text": "Admission"}, "1": {"x": 0.2712916666666667, "text": "Discharge"}, "180": {"x": 0.4792083333333333, "text": "6 months"}, "365": {"x": 0.687125, "text": "1 year"}, "730": {"x": 0.999, "text": "2 year"}}}