{"link": {"source": [0, 0, 0, 0, 0, 1, 1, 1, 1, 2, 2, 2, 3, 3, 3, 3, 4, 4, 4, 5, 5, 8, 8, 8, 8, 9, 9, 9, 10, 10, 12, 12, 12, 12, 13, 13, 13, 14, 14], "target": [3, 4, 5, 6, 7, 4, 5, 6, 7, 5, 6, 7, 8, 9, 10, 11, 9, 10, 11, 10, 11, 12, 13, 14, 15, 13, 14, 15, 14, 15, 16, 17, 18, 19, 17, 18, 19, 18, 19], "value": [1063, 390, 94, 645, 97, 219, 57, 195, 42, 161, 176, 40, 973, 50, 5, 35, 528, 39, 42, 267, 45, 868, 81, 6, 18, 506, 42, 30, 283, 28, 760, 72, 5, 31, 480, 62, 45, 294, 37], "color": ["rgba(44.0,160.0,44.0,0.2)", "rgba(44.0,160.0,44.0,0.2)", "rgba(44.0,160.0,44.0,0.2)", "rgba(44.0,160.0,44.0,0.2)", "rgba(44.0,160.0,44.0,0.2)", "rgba(255.0,127.0,14.0,0.2)", "rgba(255.0,127.0,14.0,0.2)", "rgba(255.0,127.0,14.0,0.2)", "rgba(255.0,127.0,14.0,0.2)", "rgba(214.0,39.0,40.0,0.2)", "rgba(214.0,39.0,40.0,0.2)", "rgba(214.0,39.0,40.0,0.2)", "rgba(44.0,160.0,44.0,0.2)", "rgba(44.0,160.0,44.0,0.2)", "rgba(44.0,160.0,44.0,0.2)", "rgba(44.0,160.0,44.0,0.2)", "rgba(255.0,127.0,14.0,0.2)", "rgba(255.0,127.0,14.0,0.2)", "rgba(255.0,127.0,14.0,0.2)", "rgba(214.0,39.0,40.0,0.2)", "rgba(214.0,39.0,40.0,0.2)", "rgba(44.0,160.0,44.0,0.2)", "rgba(44.0,160.0,44.0,0.2)", "rgba(44.0,160.0,44.0,0.2)", "rgba(44.0,160.0,44.0,0.2)", "rgba(255.0,127.0,14.0,0.2)", "rgba(255.0,127.0,14.0,0.2)", "rgba(255.0,127.0,14.0,0.2)", "rgba(214.0,39.0,40.0,0.2)", "rgba(214.0,39.0,40.0,0.2)", "rgba(44.0,160.0,44.0,0.2)", "rgba(44.0,160.0,44.0,0.2)", "rgba(44.0,160.0,44.0,0.2)", "rgba(44.0,160.0,44.0,0.2)", "rgba(255.0,127.0,14.0,0.2)", "rgba(255.0,127.0,14.0,0.2)", "rgba(255.0,127.0,14.0,0.2)", "rgba(214.0,39.0,40.0,0.2)", "rgba(214.0,39.0,40.0,0.2)"], "customdata": [[0.4643949322848405, 1.0], [0.17038007863695936, 0.6403940886699507], [0.04106596767147226, 0.30128205128205127], [0.2817824377457405, 0.6348425196850394], [0.04237658366098733, 0.5418994413407822], [0.4269005847953216, 0.35960591133004927], [0.1111111111111111, 0.18269230769230768], [0.38011695906432746, 0.1919291338582677], [0.08187134502923976, 0.2346368715083799], [0.4270557029177719, 0.5160256410256411], [0.46684350132625996, 0.1732283464566929], [0.10610079575596817, 0.22346368715083798], [0.9153339604891816, 1.0], [0.047036688617121354, 0.08650519031141868], [0.004703668861712135, 0.01607717041800643], [0.03292568203198495, 0.28688524590163933], [0.8669950738916257, 0.9134948096885813], [0.06403940886699508, 0.12540192926045016], [0.06896551724137931, 0.3442622950819672], [0.8557692307692307, 0.8585209003215434], [0.14423076923076922, 0.36885245901639346], [0.8920863309352518, 1.0], [0.08324768756423433, 0.13798977853492334], [0.006166495375128468, 0.01812688821752266], [0.018499486125385406, 0.23684210526315788], [0.8754325259515571, 0.8620102214650767], [0.0726643598615917, 0.1268882175226586], [0.05190311418685121, 0.39473684210526316], [0.909967845659164, 0.8549848942598187], [0.09003215434083602, 0.3684210526315789], [0.8755760368663594, 1.0], [0.08294930875576037, 0.13043478260869565], [0.00576036866359447, 0.013850415512465374], [0.03571428571428571, 0.2743362831858407], [0.817717206132879, 0.8695652173913043], [0.10562180579216354, 0.17174515235457063], [0.07666098807495741, 0.39823008849557523], [0.8882175226586103, 0.814404432132964], [0.11178247734138973, 0.3274336283185841]], "hovertemplate": "<b>%{source.customdata} → %{target.customdata}</b><br>%{value:.0f} patients<br>• %{customdata[0]:.1%} of %{source.customdata}<br>• %{customdata[1]:.1%} of %{target.customdata}<extra></extra>"}, "node": {"label": ["2289 pts<br>72.0%", "513 pts<br>16.1%", "377 pts<br>11.9%", "1063 pts<br>53.6%", "609 pts<br>30.7%", "312 pts<br>15.7%", "D in ICU<br>1016 pts", "179 pts", "973 pts<br>52.3%", "578 pts<br>31.0%", "311 pts<br>16.7%", "122 pts", "868 pts<br>48.6%", "587 pts<br>32.9%", "331 pts<br>18.5%", "76 pts", "760 pts<br>45.4%", "552 pts<br>33.0%", "361 pts<br>21.6%", "113 pts"], "x": [0.001, 0.001, 0.001, 0.2712916666666667, 0.2712916666666667, 0.2712916666666667, 0.14654166666666668, 0.2712916666666667, 0.4792083333333333, 0.4792083333333333, 0.4792083333333333, 0.4792083333333333, 0.687125, 0.687125, 0.687125, 0.687125, 0.999, 0.999, 0.999, 0.999], "y": [-0.1, 0.19999999999999998, 0.5, -0.1, 0.125, 0.35, 0.8, 0.5750000000000001, -0.1, 0.125, 0.35, 0.5750000000000001, -0.1, 0.125, 0.35, 0.5750000000000001, -0.1, 0.125, 0.35, 0.5750000000000001], "color": ["rgba(44.0,160.0,44.0,0.8)", "rgba(255.0,127.0,14.0,0.8)", "rgba(214.0,39.0,40.0,0.8)", "rgba(44.0,160.0,44.0,0.8)", "rgba(255.0,127.0,14.0,0.8)", "rgba(214.0,39.0,40.0,0.8)", "rgba(148.0,103.0,189.0,0.8)", "rgba(148.0,103.0,189.0,0.8)", "rgba(44.0,160.0,44.0,0.8)", "rgba(255.0,127.0,14.0,0.8)", "rgba(214.0,39.0,40.0,0.8)", "rgba(148.0,103.0,189.0,0.8)", "rgba(44.0,160.0,44.0,0.8)", "rgba(255.0,127.0,14.0,0.8)", "rgba(214.0,39.0,40.0,0.8)", "rgba(148.0,103.0,189.0,0.8)", "rgba(44.0,160.0,44.0,0.8)", "rgba(255.0,127.0,14.0,0.8)", "rgba(214.0,39.0,40.0,0.8)", "rgba(148.0,103.0,189.0,0.8)"], "pad": 10, "thickness": 40, "customdata": ["CCI: 1-2 at admission", "CCI: 3-4 at admission", "CCI: 5+ at admission", "CCI: 1-2 at discharge", "CCI: 3-4 at discharge", "CCI: 5+ at discharge", "Death in ICU", "Death at discharge", "CCI: 1-2 at 6 months", "CCI: 3-4 at 6 months", "CCI: 5+ at 6 months", "Death at 6 months", "CCI: 1-2 at 1 year", "CCI: 3-4 at 1 year", "CCI: 5+ at 1 year", "Death at 1 year", "CCI: 1-2 at 2 year", "CCI: 3-4 at 2 year", "CCI: 5+ at 2 year", "Death at 2 year"], "hovertemplate": "%{customdata}<br>%{value:.0f} patients<extra></extra>"}, "loc_map": {"0": {"x": 0.001, "text": "Admission"}, "1": {"x": 0.2712916666666667, "text": "Discharge"}, "180": {"x": 0.4792083333333333, "text": "6 months"}, "365": {"x": 0.687125, "text": "1 year"}, "730": {"x": 0.999, "text": "2 year"}}}