{"link": {"source": [0, 0, 0, 0, 0, 1, 1, 1, 1, 2, 2, 2, 3, 3, 3, 3, 4, 4, 4, 5, 5, 8, 8, 8, 8, 9, 9, 9, 10, 10, 12, 12, 12, 12, 13, 13, 13, 14, 14], "target": [3, 4, 5, 6, 7, 4, 5, 6, 7, 5, 6, 7, 8, 9, 10, 11, 9, 10, 11, 10, 11, 12, 13, 14, 15, 13, 14, 15, 14, 15, 16, 17, 18, 19, 17, 18, 19, 18, 19], "value": [747, 216, 38, 410, 67, 126, 22, 103, 19, 77, 48, 16, 684, 37, 2, 24, 318, 13, 11, 114, 23, 610, 61, 3, 10, 309, 35, 11, 110, 19, 527, 59, 6, 18, 325, 22, 23, 133, 15], "color": ["rgba(44.0,160.0,44.0,0.2)", "rgba(44.0,160.0,44.0,0.2)", "rgba(44.0,160.0,44.0,0.2)", "rgba(44.0,160.0,44.0,0.2)", "rgba(44.0,160.0,44.0,0.2)", "rgba(255.0,127.0,14.0,0.2)", "rgba(255.0,127.0,14.0,0.2)", "rgba(255.0,127.0,14.0,0.2)", "rgba(255.0,127.0,14.0,0.2)", "rgba(214.0,39.0,40.0,0.2)", "rgba(214.0,39.0,40.0,0.2)", "rgba(214.0,39.0,40.0,0.2)", "rgba(44.0,160.0,44.0,0.2)", "rgba(44.0,160.0,44.0,0.2)", "rgba(44.0,160.0,44.0,0.2)", "rgba(44.0,160.0,44.0,0.2)", "rgba(255.0,127.0,14.0,0.2)", "rgba(255.0,127.0,14.0,0.2)", "rgba(255.0,127.0,14.0,0.2)", "rgba(214.0,39.0,40.0,0.2)", "rgba(214.0,39.0,40.0,0.2)", "rgba(44.0,160.0,44.0,0.2)", "rgba(44.0,160.0,44.0,0.2)", "rgba(44.0,160.0,44.0,0.2)", "rgba(44.0,160.0,44.0,0.2)", "rgba(255.0,127.0,14.0,0.2)", "rgba(255.0,127.0,14.0,0.2)", "rgba(255.0,127.0,14.0,0.2)", "rgba(214.0,39.0,40.0,0.2)", "rgba(214.0,39.0,40.0,0.2)", "rgba(44.0,160.0,44.0,0.2)", "rgba(44.0,160.0,44.0,0.2)", "rgba(44.0,160.0,44.0,0.2)", "rgba(44.0,160.0,44.0,0.2)", "rgba(255.0,127.0,14.0,0.2)", "rgba(255.0,127.0,14.0,0.2)", "rgba(255.0,127.0,14.0,0.2)", "rgba(214.0,39.0,40.0,0.2)", "rgba(214.0,39.0,40.0,0.2)"], "customdata": [[0.5054127198917456, 1.0], [0.14614343707713126, 0.631578947368421], [0.02571041948579161, 0.2773722627737226], [0.2774018944519621, 0.7308377896613191], [0.04533152909336942, 0.6568627450980392], [0.4666666666666667, 0.3684210526315789], [0.08148148148148149, 0.16058394160583941], [0.3814814814814815, 0.1836007130124777], [0.07037037037037037, 0.18627450980392157], [0.5460992907801419, 0.5620437956204379], [0.3404255319148936, 0.0855614973262032], [0.11347517730496454, 0.1568627450980392], [0.9156626506024096, 1.0], [0.049531459170013385, 0.10422535211267606], [0.002677376171352075, 0.015503875968992248], [0.0321285140562249, 0.41379310344827586], [0.9298245614035088, 0.895774647887324], [0.038011695906432746, 0.10077519379844961], [0.03216374269005848, 0.1896551724137931], [0.8321167883211679, 0.8837209302325582], [0.1678832116788321, 0.39655172413793105], [0.8918128654970761, 1.0], [0.0891812865497076, 0.16486486486486487], [0.0043859649122807015, 0.02027027027027027], [0.014619883040935672, 0.25], [0.8704225352112676, 0.8351351351351352], [0.09859154929577464, 0.23648648648648649], [0.030985915492957747, 0.275], [0.8527131782945736, 0.7432432432432432], [0.14728682170542637, 0.475], [0.8639344262295082, 1.0], [0.09672131147540984, 0.15364583333333334], [0.009836065573770493, 0.037267080745341616], [0.029508196721311476, 0.32142857142857145], [0.8783783783783784, 0.8463541666666666], [0.05945945945945946, 0.13664596273291926], [0.062162162162162166, 0.4107142857142857], [0.8986486486486487, 0.8260869565217391], [0.10135135135135136, 0.26785714285714285]], "hovertemplate": "<b>%{source.customdata} → %{target.customdata}</b><br>%{value:.0f} patients<br>• %{customdata[0]:.1%} of %{source.customdata}<br>• %{customdata[1]:.1%} of %{target.customdata}<extra></extra>"}, "node": {"label": ["1478 pts<br>78.2%", "270 pts<br>14.3%", "141 pts<br>7.5%", "747 pts<br>60.9%", "342 pts<br>27.9%", "137 pts<br>11.2%", "D in ICU<br>561 pts", "102 pts", "684 pts<br>58.6%", "355 pts<br>30.4%", "129 pts<br>11.0%", "58 pts", "610 pts<br>54.1%", "370 pts<br>32.8%", "148 pts<br>13.1%", "40 pts", "527 pts<br>49.2%", "384 pts<br>35.8%", "161 pts<br>15.0%", "56 pts"], "x": [0.001, 0.001, 0.001, 0.2712916666666667, 0.2712916666666667, 0.2712916666666667, 0.14654166666666668, 0.2712916666666667, 0.4792083333333333, 0.4792083333333333, 0.4792083333333333, 0.4792083333333333, 0.687125, 0.687125, 0.687125, 0.687125, 0.999, 0.999, 0.999, 0.999], "y": [-0.1, 0.19999999999999998, 0.5, -0.1, 0.125, 0.35, 0.8, 0.5750000000000001, -0.1, 0.125, 0.35, 0.5750000000000001, -0.1, 0.125, 0.35, 0.5750000000000001, -0.1, 0.125, 0.35, 0.5750000000000001], "color": ["rgba(44.0,160.0,44.0,0.8)", "rgba(255.0,127.0,14.0,0.8)", "rgba(214.0,39.0,40.0,0.8)", "rgba(44.0,160.0,44.0,0.8)", "rgba(255.0,127.0,14.0,0.8)", "rgba(214.0,39.0,40.0,0.8)", "rgba(148.0,103.0,189.0,0.8)", "rgba(148.0,103.0,189.0,0.8)", "rgba(44.0,160.0,44.0,0.8)", "rgba(255.0,127.0,14.0,0.8)", "rgba(214.0,39.0,40.0,0.8)", "rgba(148.0,103.0,189.0,0.8)", "rgba(44.0,160.0,44.0,0.8)", "rgba(255.0,127.0,14.0,0.8)", "rgba(214.0,39.0,40.0,0.8)", "rgba(148.0,103.0,189.0,0.8)", "rgba(44.0,160.0,44.0,0.8)", "rgba(255.0,127.0,14.0,0.8)", "rgba(214.0,39.0,40.0,0.8)", "rgba(148.0,103.0,189.0,0.8)"], "pad": 10, "thickness": 40, "customdata": ["CCI: 1-2 at admission", "CCI: 3-4 at admission", "CCI: 5+ at admission", "CCI: 1-2 at discharge", "CCI: 3-4 at discharge", "CCI: 5+ at discharge", "Death in ICU", "Death at discharge", "CCI: 1-2 at 6 months", "CCI: 3-4 at 6 months", "CCI: 5+ at 6 months", "Death at 6 months", "CCI: 1-2 at 1 year", "CCI: 3-4 at 1 year", "CCI: 5+ at 1 year", "Death at 1 year", "CCI: 1-2 at 2 year", "CCI: 3-4 at 2 year", "CCI: 5+ at 2 year", "Death at 2 year"], "hovertemplate": "%{customdata}<br>%{value:.0f} patients<extra></extra>"}, "loc_map": {"0": {"x": 0.001, "text": "Admission"}, "1": {"x": 0.2712916666666667, "text": "Discharge"}, "180": {"x": 0.4792083333333333, "text": "6 months"}, "365": {"x": 0.687125, "text": "1 year"}, "730": {"x": 0.999, "text": "2 year"}}}