{"link": {"source": [0, 0, 0, 0, 0, 1, 1, 1, 1, 2, 2, 2, 3, 3, 3, 3, 4, 4, 4, 5, 5, 8, 8, 8, 8, 9, 9, 9, 10, 10, 12, 12, 12, 12, 13, 13, 13, 14, 14], "target": [3, 4, 5, 6, 7, 4, 5, 6, 7, 5, 6, 7, 8, 9, 10, 11, 9, 10, 11, 10, 11, 12, 13, 14, 15, 13, 14, 15, 14, 15, 16, 17, 18, 19, 17, 18, 19, 18, 19], "value": [1053, 1181, 287, 1228, 272, 1302, 616, 1174, 265, 809, 866, 223, 891, 90, 9, 63, 2086, 169, 228, 1426, 286, 765, 92, 7, 27, 1839, 246, 91, 1440, 164, 571, 148, 11, 35, 1585, 208, 138, 1478, 215], "color": ["rgba(44.0,160.0,44.0,0.2)", "rgba(44.0,160.0,44.0,0.2)", "rgba(44.0,160.0,44.0,0.2)", "rgba(44.0,160.0,44.0,0.2)", "rgba(44.0,160.0,44.0,0.2)", "rgba(255.0,127.0,14.0,0.2)", "rgba(255.0,127.0,14.0,0.2)", "rgba(255.0,127.0,14.0,0.2)", "rgba(255.0,127.0,14.0,0.2)", "rgba(214.0,39.0,40.0,0.2)", "rgba(214.0,39.0,40.0,0.2)", "rgba(214.0,39.0,40.0,0.2)", "rgba(44.0,160.0,44.0,0.2)", "rgba(44.0,160.0,44.0,0.2)", "rgba(44.0,160.0,44.0,0.2)", "rgba(44.0,160.0,44.0,0.2)", "rgba(255.0,127.0,14.0,0.2)", "rgba(255.0,127.0,14.0,0.2)", "rgba(255.0,127.0,14.0,0.2)", "rgba(214.0,39.0,40.0,0.2)", "rgba(214.0,39.0,40.0,0.2)", "rgba(44.0,160.0,44.0,0.2)", "rgba(44.0,160.0,44.0,0.2)", "rgba(44.0,160.0,44.0,0.2)", "rgba(44.0,160.0,44.0,0.2)", "rgba(255.0,127.0,14.0,0.2)", "rgba(255.0,127.0,14.0,0.2)", "rgba(255.0,127.0,14.0,0.2)", "rgba(214.0,39.0,40.0,0.2)", "rgba(214.0,39.0,40.0,0.2)", "rgba(44.0,160.0,44.0,0.2)", "rgba(44.0,160.0,44.0,0.2)", "rgba(44.0,160.0,44.0,0.2)", "rgba(44.0,160.0,44.0,0.2)", "rgba(255.0,127.0,14.0,0.2)", "rgba(255.0,127.0,14.0,0.2)", "rgba(255.0,127.0,14.0,0.2)", "rgba(214.0,39.0,40.0,0.2)", "rgba(214.0,39.0,40.0,0.2)"], "customdata": [[0.26187515543397166, 1.0], [0.2937080328276548, 0.47563431333064843], [0.07137527978114896, 0.16764018691588786], [0.30539666749564787, 0.37576499388004897], [0.06764486446157672, 0.35789473684210527], [0.387846291331546, 0.5243656866693516], [0.18349717009234434, 0.3598130841121495], [0.3497170092344355, 0.35924112607099146], [0.07893952934167411, 0.34868421052631576], [0.4262381454162276, 0.4725467289719626], [0.45626975763962063, 0.26499388004895963], [0.11749209694415173, 0.29342105263157897], [0.8461538461538461, 1.0], [0.08547008547008547, 0.04136029411764706], [0.008547008547008548, 0.005610972568578554], [0.05982905982905983, 0.10918544194107452], [0.8401127668143374, 0.9586397058823529], [0.06806282722513089, 0.10536159600997506], [0.09182440596053161, 0.3951473136915078], [0.8329439252336449, 0.8890274314214464], [0.16705607476635514, 0.49566724436741766], [0.8585858585858586, 1.0], [0.10325476992143659, 0.047643707923355774], [0.007856341189674524, 0.004134672179562906], [0.030303030303030304, 0.09574468085106383], [0.8451286764705882, 0.9523562920766442], [0.1130514705882353, 0.14530419373892497], [0.04181985294117647, 0.32269503546099293], [0.8977556109725686, 0.8505611340815121], [0.10224438902743142, 0.5815602836879432], [0.74640522875817, 1.0], [0.1934640522875817, 0.08540103866128101], [0.01437908496732026, 0.00648202710665881], [0.0457516339869281, 0.09020618556701031], [0.8208182288969446, 0.914598961338719], [0.10771620921802175, 0.12256923983500295], [0.07146556188503367, 0.3556701030927835], [0.8730064973419964, 0.8709487330583382], [0.12699350265800355, 0.5541237113402062]], "hovertemplate": "<b>%{source.customdata} → %{target.customdata}</b><br>%{value:.0f} patients<br>• %{customdata[0]:.1%} of %{source.customdata}<br>• %{customdata[1]:.1%} of %{target.customdata}<extra></extra>"}, "node": {"label": ["4021 pts<br>43.3%", "3357 pts<br>36.2%", "1898 pts<br>20.5%", "1053 pts<br>20.1%", "2483 pts<br>47.3%", "1712 pts<br>32.6%", "D in ICU<br>3268 pts", "760 pts", "891 pts<br>19.1%", "2176 pts<br>46.6%", "1604 pts<br>34.3%", "577 pts", "765 pts<br>17.4%", "1931 pts<br>44.0%", "1693 pts<br>38.6%", "282 pts", "571 pts<br>14.3%", "1733 pts<br>43.3%", "1697 pts<br>42.4%", "388 pts"], "x": [0.001, 0.001, 0.001, 0.2712916666666667, 0.2712916666666667, 0.2712916666666667, 0.14654166666666668, 0.2712916666666667, 0.4792083333333333, 0.4792083333333333, 0.4792083333333333, 0.4792083333333333, 0.687125, 0.687125, 0.687125, 0.687125, 0.999, 0.999, 0.999, 0.999], "y": [-0.1, 0.19999999999999998, 0.5, -0.1, 0.125, 0.35, 0.8, 0.5750000000000001, -0.1, 0.125, 0.35, 0.5750000000000001, -0.1, 0.125, 0.35, 0.5750000000000001, -0.1, 0.125, 0.35, 0.5750000000000001], "color": ["rgba(44.0,160.0,44.0,0.8)", "rgba(255.0,127.0,14.0,0.8)", "rgba(214.0,39.0,40.0,0.8)", "rgba(44.0,160.0,44.0,0.8)", "rgba(255.0,127.0,14.0,0.8)", "rgba(214.0,39.0,40.0,0.8)", "rgba(148.0,103.0,189.0,0.8)", "rgba(148.0,103.0,189.0,0.8)", "rgba(44.0,160.0,44.0,0.8)", "rgba(255.0,127.0,14.0,0.8)", "rgba(214.0,39.0,40.0,0.8)", "rgba(148.0,103.0,189.0,0.8)", "rgba(44.0,160.0,44.0,0.8)", "rgba(255.0,127.0,14.0,0.8)", "rgba(214.0,39.0,40.0,0.8)", "rgba(148.0,103.0,189.0,0.8)", "rgba(44.0,160.0,44.0,0.8)", "rgba(255.0,127.0,14.0,0.8)", "rgba(214.0,39.0,40.0,0.8)", "rgba(148.0,103.0,189.0,0.8)"], "pad": 10, "thickness": 40, "customdata": ["CCI: 1-2 at admission", "CCI: 3-4 at admission", "CCI: 5+ at admission", "CCI: 1-2 at discharge", "CCI: 3-4 at discharge", "CCI: 5+ at discharge", "Death in ICU", "Death at discharge", "CCI: 1-2 at 6 months", "CCI: 3-4 at 6 months", "CCI: 5+ at 6 months", "Death at 6 months", "CCI: 1-2 at 1 year", "CCI: 3-4 at 1 year", "CCI: 5+ at 1 year", "Death at 1 year", "CCI: 1-2 at 2 year", "CCI: 3-4 at 2 year", "CCI: 5+ at 2 year", "Death at 2 year"], "hovertemplate": "%{customdata}<br>%{value:.0f} patients<extra></extra>"}, "loc_map": {"0": {"x": 0.001, "text": "Admission"}, "1": {"x": 0.2712916666666667, "text": "Discharge"}, "180": {"x": 0.4792083333333333, "text": "6 months"}, "365": {"x": 0.687125, "text": "1 year"}, "730": {"x": 0.999, "text": "2 year"}}}