{"link": {"source": [0, 0, 0, 0, 0, 0, 1, 1, 1, 1, 1, 2, 2, 2, 2, 3, 3, 3, 4, 4, 4, 4, 5, 5, 5, 5, 6, 6, 6, 7, 7, 10, 10, 10, 10, 11, 11, 11, 11, 12, 12, 12, 13, 13, 15, 15, 15, 15, 15, 16, 16, 16, 16, 17, 17, 17, 18, 18], "target": [4, 5, 6, 7, 8, 9, 5, 6, 7, 8, 9, 6, 7, 8, 9, 7, 8, 9, 10, 11, 12, 14, 11, 12, 13, 14, 12, 13, 14, 13, 14, 15, 16, 17, 19, 16, 17, 18, 19, 17, 18, 19, 18, 19, 20, 21, 22, 23, 24, 21, 22, 23, 24, 22, 23, 24, 23, 24], "value": [438, 471, 80, 25, 492, 104, 503, 145, 23, 406, 84, 126, 28, 164, 34, 86, 124, 34, 378, 40, 2, 18, 826, 50, 11, 87, 284, 24, 43, 119, 43, 356, 10, 2, 10, 795, 35, 6, 30, 293, 15, 28, 138, 16, 319, 19, 2, 3, 13, 707, 33, 6, 59, 280, 21, 29, 130, 29], "color": ["rgba(31.0,119.0,180.0,0.2)", "rgba(31.0,119.0,180.0,0.2)", "rgba(31.0,119.0,180.0,0.2)", "rgba(31.0,119.0,180.0,0.2)", "rgba(31.0,119.0,180.0,0.2)", "rgba(31.0,119.0,180.0,0.2)", "rgba(44.0,160.0,44.0,0.2)", "rgba(44.0,160.0,44.0,0.2)", "rgba(44.0,160.0,44.0,0.2)", "rgba(44.0,160.0,44.0,0.2)", "rgba(44.0,160.0,44.0,0.2)", "rgba(255.0,127.0,14.0,0.2)", "rgba(255.0,127.0,14.0,0.2)", "rgba(255.0,127.0,14.0,0.2)", "rgba(255.0,127.0,14.0,0.2)", "rgba(214.0,39.0,40.0,0.2)", "rgba(214.0,39.0,40.0,0.2)", "rgba(214.0,39.0,40.0,0.2)", "rgba(31.0,119.0,180.0,0.2)", "rgba(31.0,119.0,180.0,0.2)", "rgba(31.0,119.0,180.0,0.2)", "rgba(31.0,119.0,180.0,0.2)", "rgba(44.0,160.0,44.0,0.2)", "rgba(44.0,160.0,44.0,0.2)", "rgba(44.0,160.0,44.0,0.2)", "rgba(44.0,160.0,44.0,0.2)", "rgba(255.0,127.0,14.0,0.2)", "rgba(255.0,127.0,14.0,0.2)", "rgba(255.0,127.0,14.0,0.2)", "rgba(214.0,39.0,40.0,0.2)", "rgba(214.0,39.0,40.0,0.2)", "rgba(31.0,119.0,180.0,0.2)", "rgba(31.0,119.0,180.0,0.2)", "rgba(31.0,119.0,180.0,0.2)", "rgba(31.0,119.0,180.0,0.2)", "rgba(44.0,160.0,44.0,0.2)", "rgba(44.0,160.0,44.0,0.2)", "rgba(44.0,160.0,44.0,0.2)", "rgba(44.0,160.0,44.0,0.2)", "rgba(255.0,127.0,14.0,0.2)", "rgba(255.0,127.0,14.0,0.2)", "rgba(255.0,127.0,14.0,0.2)", "rgba(214.0,39.0,40.0,0.2)", "rgba(214.0,39.0,40.0,0.2)", "rgba(31.0,119.0,180.0,0.2)", "rgba(31.0,119.0,180.0,0.2)", "rgba(31.0,119.0,180.0,0.2)", "rgba(31.0,119.0,180.0,0.2)", "rgba(31.0,119.0,180.0,0.2)", "rgba(44.0,160.0,44.0,0.2)", "rgba(44.0,160.0,44.0,0.2)", "rgba(44.0,160.0,44.0,0.2)", "rgba(44.0,160.0,44.0,0.2)", "rgba(255.0,127.0,14.0,0.2)", "rgba(255.0,127.0,14.0,0.2)", "rgba(255.0,127.0,14.0,0.2)", "rgba(214.0,39.0,40.0,0.2)", "rgba(214.0,39.0,40.0,0.2)"], "customdata": [[0.2720496894409938, 1.0], [0.2925465838509317, 0.48357289527720737], [0.049689440993788817, 0.22792022792022792], [0.015527950310559006, 0.15432098765432098], [0.30559006211180123, 0.4148397976391231], [0.06459627329192547, 0.40625], [0.43324720068906114, 0.5164271047227926], [0.12489233419465978, 0.4131054131054131], [0.019810508182601206, 0.1419753086419753], [0.3496985357450474, 0.342327150084317], [0.07235142118863049, 0.328125], [0.35795454545454547, 0.358974358974359], [0.07954545454545454, 0.1728395061728395], [0.4659090909090909, 0.13827993254637436], [0.09659090909090909, 0.1328125], [0.3524590163934426, 0.5308641975308642], [0.5081967213114754, 0.1045531197301855], [0.13934426229508196, 0.1328125], [0.863013698630137, 1.0], [0.091324200913242, 0.046189376443418015], [0.0045662100456621, 0.005952380952380952], [0.0410958904109589, 0.09424083769633508], [0.8480492813141683, 0.953810623556582], [0.0513347022587269, 0.1488095238095238], [0.011293634496919919, 0.07142857142857142], [0.08932238193018481, 0.45549738219895286], [0.8091168091168092, 0.8452380952380952], [0.06837606837606838, 0.15584415584415584], [0.1225071225071225, 0.225130890052356], [0.7345679012345679, 0.7727272727272727], [0.2654320987654321, 0.225130890052356], [0.9417989417989417, 1.0], [0.026455026455026454, 0.012422360248447204], [0.005291005291005291, 0.006060606060606061], [0.026455026455026454, 0.11904761904761904], [0.918013856812933, 0.9875776397515528], [0.04041570438799076, 0.10606060606060606], [0.006928406466512702, 0.03773584905660377], [0.03464203233256351, 0.35714285714285715], [0.8720238095238095, 0.8878787878787879], [0.044642857142857144, 0.09433962264150944], [0.08333333333333333, 0.3333333333333333], [0.8961038961038961, 0.8679245283018868], [0.1038961038961039, 0.19047619047619047], [0.8960674157303371, 1.0], [0.05337078651685393, 0.026170798898071626], [0.0056179775280898875, 0.006349206349206349], [0.008426966292134831, 0.01875], [0.03651685393258427, 0.1], [0.8782608695652174, 0.9738292011019284], [0.040993788819875775, 0.10476190476190476], [0.007453416149068323, 0.0375], [0.07329192546583851, 0.45384615384615384], [0.8484848484848485, 0.8888888888888888], [0.06363636363636363, 0.13125], [0.08787878787878788, 0.2230769230769231], [0.8176100628930818, 0.8125], [0.18238993710691823, 0.2230769230769231]], "hovertemplate": "<b>%{source.customdata} → %{target.customdata}</b><br>%{value:.0f} patients<br>• %{customdata[0]:.1%} of %{source.customdata}<br>• %{customdata[1]:.1%} of %{target.customdata}<extra></extra>"}, "node": {"label": ["1610 pts", "1161 pts", "352 pts", "244 pts", "438 pts", "974 pts", "351 pts", "162 pts", "D in ICU<br>1186 pts", "256 pts", "378 pts", "866 pts", "336 pts", "154 pts", "191 pts", "356 pts", "805 pts", "330 pts", "159 pts", "84 pts", "319 pts", "726 pts", "315 pts", "160 pts", "130 pts"], "x": [0.001, 0.001, 0.001, 0.001, 0.2712916666666667, 0.2712916666666667, 0.2712916666666667, 0.2712916666666667, 0.14654166666666668, 0.2712916666666667, 0.4792083333333333, 0.4792083333333333, 0.4792083333333333, 0.4792083333333333, 0.4792083333333333, 0.687125, 0.687125, 0.687125, 0.687125, 0.687125, 0.999, 0.999, 0.999, 0.999, 0.999], "y": [-0.1, 0.125, 0.35, 0.5750000000000001, -0.1, 0.08000000000000002, 0.26, 0.44000000000000006, 0.8, 0.6200000000000001, -0.1, 0.08000000000000002, 0.26, 0.44000000000000006, 0.6200000000000001, -0.1, 0.08000000000000002, 0.26, 0.44000000000000006, 0.6200000000000001, -0.1, 0.08000000000000002, 0.26, 0.44000000000000006, 0.6200000000000001], "color": ["rgba(31.0,119.0,180.0,0.8)", "rgba(44.0,160.0,44.0,0.8)", "rgba(255.0,127.0,14.0,0.8)", "rgba(214.0,39.0,40.0,0.8)", "rgba(31.0,119.0,180.0,0.8)", "rgba(44.0,160.0,44.0,0.8)", "rgba(255.0,127.0,14.0,0.8)", "rgba(214.0,39.0,40.0,0.8)", "rgba(148.0,103.0,189.0,0.8)", "rgba(148.0,103.0,189.0,0.8)", "rgba(31.0,119.0,180.0,0.8)", "rgba(44.0,160.0,44.0,0.8)", "rgba(255.0,127.0,14.0,0.8)", "rgba(214.0,39.0,40.0,0.8)", "rgba(148.0,103.0,189.0,0.8)", "rgba(31.0,119.0,180.0,0.8)", "rgba(44.0,160.0,44.0,0.8)", "rgba(255.0,127.0,14.0,0.8)", "rgba(214.0,39.0,40.0,0.8)", "rgba(148.0,103.0,189.0,0.8)", "rgba(31.0,119.0,180.0,0.8)", "rgba(44.0,160.0,44.0,0.8)", "rgba(255.0,127.0,14.0,0.8)", "rgba(214.0,39.0,40.0,0.8)", "rgba(148.0,103.0,189.0,0.8)"], "pad": 10, "thickness": 40, "customdata": ["CCI: 0 at admission", "CCI: 1-2 at admission", "CCI: 3-4 at admission", "CCI: 5+ at admission", "CCI: 0 at discharge", "CCI: 1-2 at discharge", "CCI: 3-4 at discharge", "CCI: 5+ at discharge", "Death in ICU", "Death at discharge", "CCI: 0 at 6 months", "CCI: 1-2 at 6 months", "CCI: 3-4 at 6 months", "CCI: 5+ at 6 months", "Death at 6 months", "CCI: 0 at 1 year", "CCI: 1-2 at 1 year", "CCI: 3-4 at 1 year", "CCI: 5+ at 1 year", "Death at 1 year", "CCI: 0 at 2 year", "CCI: 1-2 at 2 year", "CCI: 3-4 at 2 year", "CCI: 5+ at 2 year", "Death at 2 year"], "hovertemplate": "%{customdata}<br>%{value:.0f} patients<extra></extra>"}, "loc_map": {"0": {"x": 0.001, "text": "Admission"}, "1": {"x": 0.2712916666666667, "text": "Discharge"}, "180": {"x": 0.4792083333333333, "text": "6 months"}, "365": {"x": 0.687125, "text": "1 year"}, "730": {"x": 0.999, "text": "2 year"}}}