{"link": {"source": [0, 0, 0, 0, 0, 0, 1, 1, 1, 1, 1, 2, 2, 2, 2, 3, 3, 3, 4, 4, 4, 4, 4, 5, 5, 5, 5, 6, 6, 6, 7, 7, 10, 10, 10, 10, 11, 11, 11, 11, 12, 12, 12, 13, 13, 15, 15, 15, 15, 15, 16, 16, 16, 16, 17, 17, 17, 18, 18], "target": [4, 5, 6, 7, 8, 9, 5, 6, 7, 8, 9, 6, 7, 8, 9, 7, 8, 9, 10, 11, 12, 13, 14, 11, 12, 13, 14, 12, 13, 14, 13, 14, 15, 16, 18, 19, 16, 17, 18, 19, 17, 18, 19, 18, 19, 20, 21, 22, 23, 24, 21, 22, 23, 24, 22, 23, 24, 23, 24], "value": [809, 266, 39, 10, 290, 33, 178, 43, 4, 80, 16, 26, 5, 30, 3, 50, 46, 6, 761, 38, 1, 2, 7, 404, 15, 1, 24, 103, 1, 4, 61, 8, 704, 51, 1, 5, 406, 25, 5, 6, 109, 7, 3, 61, 4, 636, 58, 1, 1, 8, 419, 28, 1, 9, 117, 8, 9, 64, 10], "color": ["rgba(31.0,119.0,180.0,0.2)", "rgba(31.0,119.0,180.0,0.2)", "rgba(31.0,119.0,180.0,0.2)", "rgba(31.0,119.0,180.0,0.2)", "rgba(31.0,119.0,180.0,0.2)", "rgba(31.0,119.0,180.0,0.2)", "rgba(44.0,160.0,44.0,0.2)", "rgba(44.0,160.0,44.0,0.2)", "rgba(44.0,160.0,44.0,0.2)", "rgba(44.0,160.0,44.0,0.2)", "rgba(44.0,160.0,44.0,0.2)", "rgba(255.0,127.0,14.0,0.2)", "rgba(255.0,127.0,14.0,0.2)", "rgba(255.0,127.0,14.0,0.2)", "rgba(255.0,127.0,14.0,0.2)", "rgba(214.0,39.0,40.0,0.2)", "rgba(214.0,39.0,40.0,0.2)", "rgba(214.0,39.0,40.0,0.2)", "rgba(31.0,119.0,180.0,0.2)", "rgba(31.0,119.0,180.0,0.2)", "rgba(31.0,119.0,180.0,0.2)", "rgba(31.0,119.0,180.0,0.2)", "rgba(31.0,119.0,180.0,0.2)", "rgba(44.0,160.0,44.0,0.2)", "rgba(44.0,160.0,44.0,0.2)", "rgba(44.0,160.0,44.0,0.2)", "rgba(44.0,160.0,44.0,0.2)", "rgba(255.0,127.0,14.0,0.2)", "rgba(255.0,127.0,14.0,0.2)", "rgba(255.0,127.0,14.0,0.2)", "rgba(214.0,39.0,40.0,0.2)", "rgba(214.0,39.0,40.0,0.2)", "rgba(31.0,119.0,180.0,0.2)", "rgba(31.0,119.0,180.0,0.2)", "rgba(31.0,119.0,180.0,0.2)", "rgba(31.0,119.0,180.0,0.2)", "rgba(44.0,160.0,44.0,0.2)", "rgba(44.0,160.0,44.0,0.2)", "rgba(44.0,160.0,44.0,0.2)", "rgba(44.0,160.0,44.0,0.2)", "rgba(255.0,127.0,14.0,0.2)", "rgba(255.0,127.0,14.0,0.2)", "rgba(255.0,127.0,14.0,0.2)", "rgba(214.0,39.0,40.0,0.2)", "rgba(214.0,39.0,40.0,0.2)", "rgba(31.0,119.0,180.0,0.2)", "rgba(31.0,119.0,180.0,0.2)", "rgba(31.0,119.0,180.0,0.2)", "rgba(31.0,119.0,180.0,0.2)", "rgba(31.0,119.0,180.0,0.2)", "rgba(44.0,160.0,44.0,0.2)", "rgba(44.0,160.0,44.0,0.2)", "rgba(44.0,160.0,44.0,0.2)", "rgba(44.0,160.0,44.0,0.2)", "rgba(255.0,127.0,14.0,0.2)", "rgba(255.0,127.0,14.0,0.2)", "rgba(255.0,127.0,14.0,0.2)", "rgba(214.0,39.0,40.0,0.2)", "rgba(214.0,39.0,40.0,0.2)"], "customdata": [[0.5590877677954388, 1.0], [0.18382861091914304, 0.5990990990990991], [0.026952315134761574, 0.3611111111111111], [0.006910850034554251, 0.14492753623188406], [0.20041465100207326, 0.6502242152466368], [0.022805805114029024, 0.5689655172413793], [0.5545171339563862, 0.4009009009009009], [0.13395638629283488, 0.39814814814814814], [0.012461059190031152, 0.057971014492753624], [0.24922118380062305, 0.17937219730941703], [0.04984423676012461, 0.27586206896551724], [0.40625, 0.24074074074074073], [0.078125, 0.07246376811594203], [0.46875, 0.06726457399103139], [0.046875, 0.05172413793103448], [0.49019607843137253, 0.7246376811594203], [0.45098039215686275, 0.1031390134529148], [0.058823529411764705, 0.10344827586206896], [0.9406674907292955, 1.0], [0.04697156983930779, 0.08597285067873303], [0.0012360939431396785, 0.008403361344537815], [0.002472187886279357, 0.03076923076923077], [0.00865265760197775, 0.16279069767441862], [0.9099099099099099, 0.9140271493212669], [0.033783783783783786, 0.12605042016806722], [0.0022522522522522522, 0.015384615384615385], [0.05405405405405406, 0.5581395348837209], [0.9537037037037037, 0.865546218487395], [0.009259259259259259, 0.015384615384615385], [0.037037037037037035, 0.09302325581395349], [0.8840579710144928, 0.9384615384615385], [0.11594202898550725, 0.18604651162790697], [0.9250985545335085, 1.0], [0.06701708278580815, 0.11159737417943107], [0.001314060446780552, 0.013513513513513514], [0.006570302233902759, 0.2777777777777778], [0.918552036199095, 0.888402625820569], [0.05656108597285068, 0.1865671641791045], [0.011312217194570135, 0.06756756756756757], [0.013574660633484163, 0.3333333333333333], [0.9159663865546218, 0.8134328358208955], [0.058823529411764705, 0.0945945945945946], [0.025210084033613446, 0.16666666666666666], [0.9384615384615385, 0.8243243243243243], [0.06153846153846154, 0.2222222222222222], [0.9034090909090909, 1.0], [0.08238636363636363, 0.12159329140461216], [0.0014204545454545455, 0.00684931506849315], [0.0014204545454545455, 0.013513513513513514], [0.011363636363636364, 0.2222222222222222], [0.9168490153172867, 0.8784067085953878], [0.061269146608315096, 0.1917808219178082], [0.002188183807439825, 0.013513513513513514], [0.019693654266958426, 0.25], [0.8731343283582089, 0.8013698630136986], [0.05970149253731343, 0.10810810810810811], [0.06716417910447761, 0.25], [0.8648648648648649, 0.8648648648648649], [0.13513513513513514, 0.2777777777777778]], "hovertemplate": "<b>%{source.customdata} → %{target.customdata}</b><br>%{value:.0f} patients<br>• %{customdata[0]:.1%} of %{source.customdata}<br>• %{customdata[1]:.1%} of %{target.customdata}<extra></extra>"}, "node": {"label": ["1447 pts", "321 pts", "64 pts", "102 pts", "809 pts", "444 pts", "108 pts", "69 pts", "D in ICU<br>446 pts", "58 pts", "761 pts", "442 pts", "119 pts", "65 pts", "43 pts", "704 pts", "457 pts", "134 pts", "74 pts", "18 pts", "636 pts", "477 pts", "146 pts", "74 pts", "36 pts"], "x": [0.001, 0.001, 0.001, 0.001, 0.2712916666666667, 0.2712916666666667, 0.2712916666666667, 0.2712916666666667, 0.14654166666666668, 0.2712916666666667, 0.4792083333333333, 0.4792083333333333, 0.4792083333333333, 0.4792083333333333, 0.4792083333333333, 0.687125, 0.687125, 0.687125, 0.687125, 0.687125, 0.999, 0.999, 0.999, 0.999, 0.999], "y": [-0.1, 0.125, 0.35, 0.5750000000000001, -0.1, 0.08000000000000002, 0.26, 0.44000000000000006, 0.8, 0.6200000000000001, -0.1, 0.08000000000000002, 0.26, 0.44000000000000006, 0.6200000000000001, -0.1, 0.08000000000000002, 0.26, 0.44000000000000006, 0.6200000000000001, -0.1, 0.08000000000000002, 0.26, 0.44000000000000006, 0.6200000000000001], "color": ["rgba(31.0,119.0,180.0,0.8)", "rgba(44.0,160.0,44.0,0.8)", "rgba(255.0,127.0,14.0,0.8)", "rgba(214.0,39.0,40.0,0.8)", "rgba(31.0,119.0,180.0,0.8)", "rgba(44.0,160.0,44.0,0.8)", "rgba(255.0,127.0,14.0,0.8)", "rgba(214.0,39.0,40.0,0.8)", "rgba(148.0,103.0,189.0,0.8)", "rgba(148.0,103.0,189.0,0.8)", "rgba(31.0,119.0,180.0,0.8)", "rgba(44.0,160.0,44.0,0.8)", "rgba(255.0,127.0,14.0,0.8)", "rgba(214.0,39.0,40.0,0.8)", "rgba(148.0,103.0,189.0,0.8)", "rgba(31.0,119.0,180.0,0.8)", "rgba(44.0,160.0,44.0,0.8)", "rgba(255.0,127.0,14.0,0.8)", "rgba(214.0,39.0,40.0,0.8)", "rgba(148.0,103.0,189.0,0.8)", "rgba(31.0,119.0,180.0,0.8)", "rgba(44.0,160.0,44.0,0.8)", "rgba(255.0,127.0,14.0,0.8)", "rgba(214.0,39.0,40.0,0.8)", "rgba(148.0,103.0,189.0,0.8)"], "pad": 10, "thickness": 40, "customdata": ["CCI: 0 at admission", "CCI: 1-2 at admission", "CCI: 3-4 at admission", "CCI: 5+ at admission", "CCI: 0 at discharge", "CCI: 1-2 at discharge", "CCI: 3-4 at discharge", "CCI: 5+ at discharge", "Death in ICU", "Death at discharge", "CCI: 0 at 6 months", "CCI: 1-2 at 6 months", "CCI: 3-4 at 6 months", "CCI: 5+ at 6 months", "Death at 6 months", "CCI: 0 at 1 year", "CCI: 1-2 at 1 year", "CCI: 3-4 at 1 year", "CCI: 5+ at 1 year", "Death at 1 year", "CCI: 0 at 2 year", "CCI: 1-2 at 2 year", "CCI: 3-4 at 2 year", "CCI: 5+ at 2 year", "Death at 2 year"], "hovertemplate": "%{customdata}<br>%{value:.0f} patients<extra></extra>"}, "loc_map": {"0": {"x": 0.001, "text": "Admission"}, "1": {"x": 0.2712916666666667, "text": "Discharge"}, "180": {"x": 0.4792083333333333, "text": "6 months"}, "365": {"x": 0.687125, "text": "1 year"}, "730": {"x": 0.999, "text": "2 year"}}}