{"link": {"source": [0, 0, 0, 0, 0, 1, 1, 1, 1, 2, 2, 2, 3, 3, 3, 3, 4, 4, 4, 5, 5, 8, 8, 8, 8, 9, 9, 9, 10, 10, 12, 12, 12, 12, 13, 13, 13, 14, 14], "target": [3, 4, 5, 6, 7, 4, 5, 6, 7, 5, 6, 7, 8, 9, 10, 11, 9, 10, 11, 10, 11, 12, 13, 14, 15, 13, 14, 15, 14, 15, 16, 17, 18, 19, 17, 18, 19, 18, 19], "value": [615, 710, 182, 736, 168, 799, 448, 768, 181, 569, 578, 155, 513, 50, 7, 45, 1260, 108, 141, 999, 200, 431, 60, 5, 17, 1104, 145, 61, 994, 120, 317, 86, 6, 22, 961, 122, 81, 989, 155], "color": ["rgba(255.0,127.0,14.0,0.2)", "rgba(255.0,127.0,14.0,0.2)", "rgba(255.0,127.0,14.0,0.2)", "rgba(255.0,127.0,14.0,0.2)", "rgba(255.0,127.0,14.0,0.2)", "rgba(44.0,160.0,44.0,0.2)", "rgba(44.0,160.0,44.0,0.2)", "rgba(44.0,160.0,44.0,0.2)", "rgba(44.0,160.0,44.0,0.2)", "rgba(214.0,39.0,40.0,0.2)", "rgba(214.0,39.0,40.0,0.2)", "rgba(214.0,39.0,40.0,0.2)", "rgba(255.0,127.0,14.0,0.2)", "rgba(255.0,127.0,14.0,0.2)", "rgba(255.0,127.0,14.0,0.2)", "rgba(255.0,127.0,14.0,0.2)", "rgba(44.0,160.0,44.0,0.2)", "rgba(44.0,160.0,44.0,0.2)", "rgba(44.0,160.0,44.0,0.2)", "rgba(214.0,39.0,40.0,0.2)", "rgba(214.0,39.0,40.0,0.2)", "rgba(255.0,127.0,14.0,0.2)", "rgba(255.0,127.0,14.0,0.2)", "rgba(255.0,127.0,14.0,0.2)", "rgba(255.0,127.0,14.0,0.2)", "rgba(44.0,160.0,44.0,0.2)", "rgba(44.0,160.0,44.0,0.2)", "rgba(44.0,160.0,44.0,0.2)", "rgba(214.0,39.0,40.0,0.2)", "rgba(214.0,39.0,40.0,0.2)", "rgba(255.0,127.0,14.0,0.2)", "rgba(255.0,127.0,14.0,0.2)", "rgba(255.0,127.0,14.0,0.2)", "rgba(255.0,127.0,14.0,0.2)", "rgba(44.0,160.0,44.0,0.2)", "rgba(44.0,160.0,44.0,0.2)", "rgba(44.0,160.0,44.0,0.2)", "rgba(214.0,39.0,40.0,0.2)", "rgba(214.0,39.0,40.0,0.2)"], "hovertemplate": "<b>From:</b> %{source.customdata}<br><b>To:</b> %{target.customdata}<br>%{value}<extra></extra>"}, "node": {"label": ["2411 pts<br>40.80%", "2196 pts<br>37.16%", "1302 pts<br>22.03%", "615 pts<br>18.51%", "1509 pts<br>45.41%", "1199 pts<br>36.08%", "D in ICU<br>2082 pts", "504 pts", "513 pts<br>17.47%", "1310 pts<br>44.60%", "1114 pts<br>37.93%", "386 pts", "431 pts<br>15.74%", "1164 pts<br>42.50%", "1144 pts<br>41.77%", "198 pts", "317 pts<br>12.78%", "1047 pts<br>42.20%", "1117 pts<br>45.02%", "258 pts"], "x": [0.001, 0.001, 0.001, 0.2712916666666667, 0.2712916666666667, 0.2712916666666667, 0.14654166666666668, 0.2712916666666667, 0.4792083333333333, 0.4792083333333333, 0.4792083333333333, 0.4792083333333333, 0.687125, 0.687125, 0.687125, 0.687125, 0.999, 0.999, 0.999, 0.999], "y": [0.001, 0.33366666666666667, 0.6663333333333333, 0.001, 0.2505, 0.5, 0.999, 0.7494999999999999, 0.001, 0.2505, 0.5, 0.7494999999999999, 0.001, 0.2505, 0.5, 0.7494999999999999, 0.001, 0.2505, 0.5, 0.7494999999999999], "color": ["rgba(255.0,127.0,14.0,0.5)", "rgba(44.0,160.0,44.0,0.5)", "rgba(214.0,39.0,40.0,0.5)", "rgba(255.0,127.0,14.0,0.5)", "rgba(44.0,160.0,44.0,0.5)", "rgba(214.0,39.0,40.0,0.5)", "rgba(148.0,103.0,189.0,0.5)", "rgba(148.0,103.0,189.0,0.5)", "rgba(255.0,127.0,14.0,0.5)", "rgba(44.0,160.0,44.0,0.5)", "rgba(214.0,39.0,40.0,0.5)", "rgba(148.0,103.0,189.0,0.5)", "rgba(255.0,127.0,14.0,0.5)", "rgba(44.0,160.0,44.0,0.5)", "rgba(214.0,39.0,40.0,0.5)", "rgba(148.0,103.0,189.0,0.5)", "rgba(255.0,127.0,14.0,0.5)", "rgba(44.0,160.0,44.0,0.5)", "rgba(214.0,39.0,40.0,0.5)", "rgba(148.0,103.0,189.0,0.5)"], "pad": 10, "thickness": 40, "customdata": ["2411 pts CCI score (before admission)", "2196 pts CCI score (before admission)", "1302 pts CCI score (before admission)", "615 pts CCI score (hospital discharge)", "1509 pts CCI score (hospital discharge)", "1199 pts CCI score (hospital discharge)", "D in ICU<br>2082 pts CCI score (hospital discharge)", "504 pts CCI score (hospital discharge)", "513 pts CCI score (6 months after discharge)", "1310 pts CCI score (6 months after discharge)", "1114 pts CCI score (6 months after discharge)", "386 pts CCI score (6 months after discharge)", "431 pts CCI score (1 year after discharge)", "1164 pts CCI score (1 year after discharge)", "1144 pts CCI score (1 year after discharge)", "198 pts CCI score (1 year after discharge)", "317 pts CCI score (2 years after discharge)", "1047 pts CCI score (2 years after discharge)", "1117 pts CCI score (2 years after discharge)", "258 pts CCI score (2 years after discharge)"], "hovertemplate": "%{customdata} <br> %{value}<extra></extra>"}, "loc_map": {"0": {"x": 0.001, "text": "Before<br>admission"}, "1": {"x": 0.2712916666666667, "text": "Hospital<br>discharge"}, "180": {"x": 0.4792083333333333, "text": "6 months<br>after discharge"}, "365": {"x": 0.687125, "text": "1 year<br>after discharge"}, "730": {"x": 0.999, "text": "2 years<br>after discharge"}}}