{"link": {"source": [0, 0, 0, 0, 1, 1, 1, 2, 2, 2, 3, 3, 6, 6, 6, 7, 7, 9, 9, 9, 10, 10], "target": [2, 3, 4, 5, 3, 4, 5, 6, 7, 8, 7, 8, 9, 10, 11, 10, 11, 12, 13, 14, 13, 14], "value": [822, 1411, 2516, 766, 2549, 3304, 1019, 586, 78, 158, 2929, 1031, 512, 27, 47, 2594, 413, 424, 38, 50, 2093, 528], "color": ["rgba(255.0,127.0,14.0,0.2)", "rgba(255.0,127.0,14.0,0.2)", "rgba(255.0,127.0,14.0,0.2)", "rgba(255.0,127.0,14.0,0.2)", "rgba(214.0,39.0,40.0,0.2)", "rgba(214.0,39.0,40.0,0.2)", "rgba(214.0,39.0,40.0,0.2)", "rgba(255.0,127.0,14.0,0.2)", "rgba(255.0,127.0,14.0,0.2)", "rgba(255.0,127.0,14.0,0.2)", "rgba(214.0,39.0,40.0,0.2)", "rgba(214.0,39.0,40.0,0.2)", "rgba(255.0,127.0,14.0,0.2)", "rgba(255.0,127.0,14.0,0.2)", "rgba(255.0,127.0,14.0,0.2)", "rgba(214.0,39.0,40.0,0.2)", "rgba(214.0,39.0,40.0,0.2)", "rgba(255.0,127.0,14.0,0.2)", "rgba(255.0,127.0,14.0,0.2)", "rgba(255.0,127.0,14.0,0.2)", "rgba(214.0,39.0,40.0,0.2)", "rgba(214.0,39.0,40.0,0.2)"], "customdata": [[0.14904805077062558, 1.0], [0.2558476881233001, 0.3563131313131313], [0.45621033544877604, 0.4323024054982818], [0.13889392565729827, 0.4291316526610644], [0.3709254947613504, 0.6436868686868686], [0.4807916181606519, 0.5676975945017182], [0.14828288707799767, 0.5708683473389355], [0.7128953771289538, 1.0], [0.0948905109489051, 0.025939474559361488], [0.1922141119221411, 0.1328847771236333], [0.7396464646464647, 0.9740605254406385], [0.26035353535353534, 0.8671152228763667], [0.8737201365187713, 1.0], [0.04607508532423208, 0.01030141167493323], [0.08020477815699659, 0.10217391304347827], [0.8626538077818424, 0.9896985883250667], [0.13734619221815764, 0.8978260869565218], [0.828125, 1.0], [0.07421875, 0.017832003754106054], [0.09765625, 0.08650519031141868], [0.7985501716901946, 0.9821679962458939], [0.20144982830980543, 0.9134948096885813]], "hovertemplate": "<b>%{source.customdata} → %{target.customdata}</b><br>%{value:.0f} patients<br>• %{customdata[0]:.1%} of %{source.customdata}<br>• %{customdata[1]:.1%} of %{target.customdata}<extra></extra>"}, "node": {"label": ["5515 pts<br>44.5%", "6872 pts<br>55.5%", "822 pts<br>17.2%", "3960 pts<br>82.8%", "D in ICU<br>5820 pts", "1785 pts", "586 pts<br>16.3%", "3007 pts<br>83.7%", "1189 pts", "512 pts<br>16.3%", "2621 pts<br>83.7%", "460 pts", "424 pts<br>16.6%", "2131 pts<br>83.4%", "578 pts"], "x": [0.001, 0.001, 0.2712916666666667, 0.2712916666666667, 0.14654166666666668, 0.2712916666666667, 0.4792083333333333, 0.4792083333333333, 0.4792083333333333, 0.687125, 0.687125, 0.687125, 0.999, 0.999, 0.999], "y": [-0.1, 0.35, -0.1, 0.19999999999999998, 0.8, 0.5, -0.1, 0.19999999999999998, 0.5, -0.1, 0.19999999999999998, 0.5, -0.1, 0.19999999999999998, 0.5], "color": ["rgba(255.0,127.0,14.0,0.8)", "rgba(214.0,39.0,40.0,0.8)", "rgba(255.0,127.0,14.0,0.8)", "rgba(214.0,39.0,40.0,0.8)", "rgba(148.0,103.0,189.0,0.8)", "rgba(148.0,103.0,189.0,0.8)", "rgba(255.0,127.0,14.0,0.8)", "rgba(214.0,39.0,40.0,0.8)", "rgba(148.0,103.0,189.0,0.8)", "rgba(255.0,127.0,14.0,0.8)", "rgba(214.0,39.0,40.0,0.8)", "rgba(148.0,103.0,189.0,0.8)", "rgba(255.0,127.0,14.0,0.8)", "rgba(214.0,39.0,40.0,0.8)", "rgba(148.0,103.0,189.0,0.8)"], "pad": 10, "thickness": 40, "customdata": ["CCI: 3-4 at admission", "CCI: 5+ at admission", "CCI: 3-4 at discharge", "CCI: 5+ at discharge", "Death in ICU", "Death at discharge", "CCI: 3-4 at 6 months", "CCI: 5+ at 6 months", "Death at 6 months", "CCI: 3-4 at 1 year", "CCI: 5+ at 1 year", "Death at 1 year", "CCI: 3-4 at 2 year", "CCI: 5+ at 2 year", "Death at 2 year"], "hovertemplate": "%{customdata}<br>%{value:.0f} patients<extra></extra>"}, "loc_map": {"0": {"x": 0.001, "text": "Admission"}, "1": {"x": 0.2712916666666667, "text": "Discharge"}, "180": {"x": 0.4792083333333333, "text": "6 months"}, "365": {"x": 0.687125, "text": "1 year"}, "730": {"x": 0.999, "text": "2 year"}}}