{"link": {"source": [0, 0, 0, 0, 0, 0, 1, 1, 1, 1, 1, 2, 2, 2, 2, 3, 3, 3, 4, 4, 4, 4, 4, 5, 5, 5, 5, 6, 6, 6, 7, 7, 10, 10, 10, 11, 11, 11, 11, 12, 12, 12, 13, 13, 15, 15, 15, 15, 15, 16, 16, 16, 16, 17, 17, 17, 18, 18], "target": [4, 5, 6, 7, 8, 9, 5, 6, 7, 8, 9, 6, 7, 8, 9, 7, 8, 9, 10, 11, 12, 13, 14, 11, 12, 13, 14, 12, 13, 14, 13, 14, 15, 16, 19, 16, 17, 18, 19, 17, 18, 19, 18, 19, 20, 21, 22, 23, 24, 21, 22, 23, 24, 22, 23, 24, 23, 24], "value": [1304, 482, 93, 44, 475, 65, 266, 53, 4, 187, 31, 70, 5, 43, 7, 94, 90, 14, 1211, 60, 4, 4, 25, 697, 25, 1, 25, 195, 7, 14, 132, 15, 1126, 80, 5, 703, 38, 4, 12, 206, 9, 9, 136, 8, 1022, 76, 1, 3, 24, 720, 40, 4, 19, 223, 9, 12, 141, 8], "color": ["rgba(31.0,119.0,180.0,0.2)", "rgba(31.0,119.0,180.0,0.2)", "rgba(31.0,119.0,180.0,0.2)", "rgba(31.0,119.0,180.0,0.2)", "rgba(31.0,119.0,180.0,0.2)", "rgba(31.0,119.0,180.0,0.2)", "rgba(44.0,160.0,44.0,0.2)", "rgba(44.0,160.0,44.0,0.2)", "rgba(44.0,160.0,44.0,0.2)", "rgba(44.0,160.0,44.0,0.2)", "rgba(44.0,160.0,44.0,0.2)", "rgba(255.0,127.0,14.0,0.2)", "rgba(255.0,127.0,14.0,0.2)", "rgba(255.0,127.0,14.0,0.2)", "rgba(255.0,127.0,14.0,0.2)", "rgba(214.0,39.0,40.0,0.2)", "rgba(214.0,39.0,40.0,0.2)", "rgba(214.0,39.0,40.0,0.2)", "rgba(31.0,119.0,180.0,0.2)", "rgba(31.0,119.0,180.0,0.2)", "rgba(31.0,119.0,180.0,0.2)", "rgba(31.0,119.0,180.0,0.2)", "rgba(31.0,119.0,180.0,0.2)", "rgba(44.0,160.0,44.0,0.2)", "rgba(44.0,160.0,44.0,0.2)", "rgba(44.0,160.0,44.0,0.2)", "rgba(44.0,160.0,44.0,0.2)", "rgba(255.0,127.0,14.0,0.2)", "rgba(255.0,127.0,14.0,0.2)", "rgba(255.0,127.0,14.0,0.2)", "rgba(214.0,39.0,40.0,0.2)", "rgba(214.0,39.0,40.0,0.2)", "rgba(31.0,119.0,180.0,0.2)", "rgba(31.0,119.0,180.0,0.2)", "rgba(31.0,119.0,180.0,0.2)", "rgba(44.0,160.0,44.0,0.2)", "rgba(44.0,160.0,44.0,0.2)", "rgba(44.0,160.0,44.0,0.2)", "rgba(44.0,160.0,44.0,0.2)", "rgba(255.0,127.0,14.0,0.2)", "rgba(255.0,127.0,14.0,0.2)", "rgba(255.0,127.0,14.0,0.2)", "rgba(214.0,39.0,40.0,0.2)", "rgba(214.0,39.0,40.0,0.2)", "rgba(31.0,119.0,180.0,0.2)", "rgba(31.0,119.0,180.0,0.2)", "rgba(31.0,119.0,180.0,0.2)", "rgba(31.0,119.0,180.0,0.2)", "rgba(31.0,119.0,180.0,0.2)", "rgba(44.0,160.0,44.0,0.2)", "rgba(44.0,160.0,44.0,0.2)", "rgba(44.0,160.0,44.0,0.2)", "rgba(44.0,160.0,44.0,0.2)", "rgba(255.0,127.0,14.0,0.2)", "rgba(255.0,127.0,14.0,0.2)", "rgba(255.0,127.0,14.0,0.2)", "rgba(214.0,39.0,40.0,0.2)", "rgba(214.0,39.0,40.0,0.2)"], "customdata": [[0.5294356475842469, 1.0], [0.195696305318717, 0.6443850267379679], [0.037758830694275276, 0.4305555555555556], [0.017864393016646368, 0.29931972789115646], [0.19285424279334146, 0.5974842767295597], [0.02639058059277304, 0.5555555555555556], [0.49168207024029575, 0.35561497326203206], [0.09796672828096119, 0.24537037037037038], [0.0073937153419593345, 0.027210884353741496], [0.3456561922365989, 0.23522012578616353], [0.05730129390018484, 0.26495726495726496], [0.56, 0.32407407407407407], [0.04, 0.034013605442176874], [0.344, 0.05408805031446541], [0.056, 0.05982905982905983], [0.47474747474747475, 0.6394557823129252], [0.45454545454545453, 0.11320754716981132], [0.0707070707070707, 0.11965811965811966], [0.928680981595092, 1.0], [0.046012269938650305, 0.07926023778071334], [0.003067484662576687, 0.017857142857142856], [0.003067484662576687, 0.027777777777777776], [0.019171779141104295, 0.31645569620253167], [0.9318181818181818, 0.9207397622192867], [0.03342245989304813, 0.11160714285714286], [0.001336898395721925, 0.006944444444444444], [0.03342245989304813, 0.31645569620253167], [0.9027777777777778, 0.8705357142857143], [0.032407407407407406, 0.04861111111111111], [0.06481481481481481, 0.17721518987341772], [0.8979591836734694, 0.9166666666666666], [0.10204081632653061, 0.189873417721519], [0.9298100743187449, 1.0], [0.06606110652353427, 0.10217113665389528], [0.004128819157720892, 0.14705882352941177], [0.9286657859973579, 0.8978288633461047], [0.05019815059445178, 0.1557377049180328], [0.005284015852047556, 0.026845637583892617], [0.015852047556142668, 0.35294117647058826], [0.9196428571428571, 0.8442622950819673], [0.04017857142857143, 0.06040268456375839], [0.04017857142857143, 0.2647058823529412], [0.9444444444444444, 0.912751677852349], [0.05555555555555555, 0.23529411764705882], [0.9076376554174067, 1.0], [0.0674955595026643, 0.09547738693467336], [0.0008880994671403197, 0.003787878787878788], [0.0026642984014209592, 0.01910828025477707], [0.021314387211367674, 0.38095238095238093], [0.9195402298850575, 0.9045226130653267], [0.05108556832694764, 0.15151515151515152], [0.005108556832694764, 0.025477707006369428], [0.024265644955300127, 0.30158730158730157], [0.9139344262295082, 0.8446969696969697], [0.036885245901639344, 0.05732484076433121], [0.04918032786885246, 0.19047619047619047], [0.9463087248322147, 0.8980891719745223], [0.053691275167785234, 0.12698412698412698]], "hovertemplate": "<b>%{source.customdata} → %{target.customdata}</b><br>%{value:.0f} patients<br>• %{customdata[0]:.1%} of %{source.customdata}<br>• %{customdata[1]:.1%} of %{target.customdata}<extra></extra>"}, "node": {"label": ["2463 pts", "541 pts", "125 pts", "198 pts", "1304 pts", "748 pts", "216 pts", "147 pts", "D in ICU<br>795 pts", "117 pts", "1211 pts", "757 pts", "224 pts", "144 pts", "79 pts", "1126 pts", "783 pts", "244 pts", "149 pts", "34 pts", "1022 pts", "796 pts", "264 pts", "157 pts", "63 pts"], "x": [0.001, 0.001, 0.001, 0.001, 0.2712916666666667, 0.2712916666666667, 0.2712916666666667, 0.2712916666666667, 0.14654166666666668, 0.2712916666666667, 0.4792083333333333, 0.4792083333333333, 0.4792083333333333, 0.4792083333333333, 0.4792083333333333, 0.687125, 0.687125, 0.687125, 0.687125, 0.687125, 0.999, 0.999, 0.999, 0.999, 0.999], "y": [-0.1, 0.125, 0.35, 0.5750000000000001, -0.1, 0.08000000000000002, 0.26, 0.44000000000000006, 0.8, 0.6200000000000001, -0.1, 0.08000000000000002, 0.26, 0.44000000000000006, 0.6200000000000001, -0.1, 0.08000000000000002, 0.26, 0.44000000000000006, 0.6200000000000001, -0.1, 0.08000000000000002, 0.26, 0.44000000000000006, 0.6200000000000001], "color": ["rgba(31.0,119.0,180.0,0.8)", "rgba(44.0,160.0,44.0,0.8)", "rgba(255.0,127.0,14.0,0.8)", "rgba(214.0,39.0,40.0,0.8)", "rgba(31.0,119.0,180.0,0.8)", "rgba(44.0,160.0,44.0,0.8)", "rgba(255.0,127.0,14.0,0.8)", "rgba(214.0,39.0,40.0,0.8)", "rgba(148.0,103.0,189.0,0.8)", "rgba(148.0,103.0,189.0,0.8)", "rgba(31.0,119.0,180.0,0.8)", "rgba(44.0,160.0,44.0,0.8)", "rgba(255.0,127.0,14.0,0.8)", "rgba(214.0,39.0,40.0,0.8)", "rgba(148.0,103.0,189.0,0.8)", "rgba(31.0,119.0,180.0,0.8)", "rgba(44.0,160.0,44.0,0.8)", "rgba(255.0,127.0,14.0,0.8)", "rgba(214.0,39.0,40.0,0.8)", "rgba(148.0,103.0,189.0,0.8)", "rgba(31.0,119.0,180.0,0.8)", "rgba(44.0,160.0,44.0,0.8)", "rgba(255.0,127.0,14.0,0.8)", "rgba(214.0,39.0,40.0,0.8)", "rgba(148.0,103.0,189.0,0.8)"], "pad": 10, "thickness": 40, "customdata": ["CCI: 0 at admission", "CCI: 1-2 at admission", "CCI: 3-4 at admission", "CCI: 5+ at admission", "CCI: 0 at discharge", "CCI: 1-2 at discharge", "CCI: 3-4 at discharge", "CCI: 5+ at discharge", "Death in ICU", "Death at discharge", "CCI: 0 at 6 months", "CCI: 1-2 at 6 months", "CCI: 3-4 at 6 months", "CCI: 5+ at 6 months", "Death at 6 months", "CCI: 0 at 1 year", "CCI: 1-2 at 1 year", "CCI: 3-4 at 1 year", "CCI: 5+ at 1 year", "Death at 1 year", "CCI: 0 at 2 year", "CCI: 1-2 at 2 year", "CCI: 3-4 at 2 year", "CCI: 5+ at 2 year", "Death at 2 year"], "hovertemplate": "%{customdata}<br>%{value:.0f} patients<extra></extra>"}, "loc_map": {"0": {"x": 0.001, "text": "Admission"}, "1": {"x": 0.2712916666666667, "text": "Discharge"}, "180": {"x": 0.4792083333333333, "text": "6 months"}, "365": {"x": 0.687125, "text": "1 year"}, "730": {"x": 0.999, "text": "2 year"}}}