{"link": {"source": [0, 0, 0, 0, 0, 0, 1, 1, 1, 1, 1, 2, 2, 2, 2, 3, 3, 3, 4, 4, 4, 4, 5, 5, 5, 5, 6, 6, 6, 7, 7, 10, 10, 10, 10, 11, 11, 11, 11, 12, 12, 12, 13, 13, 15, 15, 15, 15, 15, 16, 16, 16, 16, 17, 17, 17, 18, 18], "target": [4, 5, 6, 7, 8, 9, 5, 6, 7, 8, 9, 6, 7, 8, 9, 7, 8, 9, 10, 11, 12, 14, 11, 12, 13, 14, 12, 13, 14, 13, 14, 15, 16, 17, 19, 16, 17, 18, 19, 17, 18, 19, 18, 19, 20, 21, 22, 23, 24, 21, 22, 23, 24, 22, 23, 24, 23, 24], "value": [287, 310, 43, 7, 387, 74, 351, 101, 15, 334, 68, 88, 20, 140, 23, 50, 106, 27, 242, 29, 2, 14, 556, 38, 4, 63, 182, 17, 33, 67, 25, 225, 8, 2, 7, 537, 24, 3, 21, 190, 11, 21, 79, 9, 196, 14, 1, 3, 11, 481, 21, 3, 40, 180, 14, 22, 78, 15], "color": ["rgba(31.0,119.0,180.0,0.2)", "rgba(31.0,119.0,180.0,0.2)", "rgba(31.0,119.0,180.0,0.2)", "rgba(31.0,119.0,180.0,0.2)", "rgba(31.0,119.0,180.0,0.2)", "rgba(31.0,119.0,180.0,0.2)", "rgba(44.0,160.0,44.0,0.2)", "rgba(44.0,160.0,44.0,0.2)", "rgba(44.0,160.0,44.0,0.2)", "rgba(44.0,160.0,44.0,0.2)", "rgba(44.0,160.0,44.0,0.2)", "rgba(255.0,127.0,14.0,0.2)", "rgba(255.0,127.0,14.0,0.2)", "rgba(255.0,127.0,14.0,0.2)", "rgba(255.0,127.0,14.0,0.2)", "rgba(214.0,39.0,40.0,0.2)", "rgba(214.0,39.0,40.0,0.2)", "rgba(214.0,39.0,40.0,0.2)", "rgba(31.0,119.0,180.0,0.2)", "rgba(31.0,119.0,180.0,0.2)", "rgba(31.0,119.0,180.0,0.2)", "rgba(31.0,119.0,180.0,0.2)", "rgba(44.0,160.0,44.0,0.2)", "rgba(44.0,160.0,44.0,0.2)", "rgba(44.0,160.0,44.0,0.2)", "rgba(44.0,160.0,44.0,0.2)", "rgba(255.0,127.0,14.0,0.2)", "rgba(255.0,127.0,14.0,0.2)", "rgba(255.0,127.0,14.0,0.2)", "rgba(214.0,39.0,40.0,0.2)", "rgba(214.0,39.0,40.0,0.2)", "rgba(31.0,119.0,180.0,0.2)", "rgba(31.0,119.0,180.0,0.2)", "rgba(31.0,119.0,180.0,0.2)", "rgba(31.0,119.0,180.0,0.2)", "rgba(44.0,160.0,44.0,0.2)", "rgba(44.0,160.0,44.0,0.2)", "rgba(44.0,160.0,44.0,0.2)", "rgba(44.0,160.0,44.0,0.2)", "rgba(255.0,127.0,14.0,0.2)", "rgba(255.0,127.0,14.0,0.2)", "rgba(255.0,127.0,14.0,0.2)", "rgba(214.0,39.0,40.0,0.2)", "rgba(214.0,39.0,40.0,0.2)", "rgba(31.0,119.0,180.0,0.2)", "rgba(31.0,119.0,180.0,0.2)", "rgba(31.0,119.0,180.0,0.2)", "rgba(31.0,119.0,180.0,0.2)", "rgba(31.0,119.0,180.0,0.2)", "rgba(44.0,160.0,44.0,0.2)", "rgba(44.0,160.0,44.0,0.2)", "rgba(44.0,160.0,44.0,0.2)", "rgba(44.0,160.0,44.0,0.2)", "rgba(255.0,127.0,14.0,0.2)", "rgba(255.0,127.0,14.0,0.2)", "rgba(255.0,127.0,14.0,0.2)", "rgba(214.0,39.0,40.0,0.2)", "rgba(214.0,39.0,40.0,0.2)"], "customdata": [[0.25902527075812276, 1.0], [0.27978339350180503, 0.4689863842662632], [0.0388086642599278, 0.1853448275862069], [0.00631768953068592, 0.07608695652173914], [0.3492779783393502, 0.40020682523267836], [0.06678700361010831, 0.3854166666666667], [0.4039125431530495, 0.5310136157337367], [0.11622554660529344, 0.4353448275862069], [0.01726121979286536, 0.16304347826086957], [0.38434982738780205, 0.3453981385729059], [0.07825086306098965, 0.3541666666666667], [0.3247232472324723, 0.3793103448275862], [0.07380073800738007, 0.21739130434782608], [0.5166051660516605, 0.14477766287487073], [0.08487084870848709, 0.11979166666666667], [0.273224043715847, 0.5434782608695652], [0.5792349726775956, 0.10961737331954498], [0.14754098360655737, 0.140625], [0.8432055749128919, 1.0], [0.10104529616724739, 0.04957264957264957], [0.006968641114982578, 0.009009009009009009], [0.04878048780487805, 0.1037037037037037], [0.8411497730711044, 0.9504273504273504], [0.057488653555219364, 0.17117117117117117], [0.006051437216338881, 0.045454545454545456], [0.09531013615733737, 0.4666666666666667], [0.7844827586206896, 0.8198198198198198], [0.07327586206896551, 0.19318181818181818], [0.14224137931034483, 0.24444444444444444], [0.7282608695652174, 0.7613636363636364], [0.2717391304347826, 0.18518518518518517], [0.9297520661157025, 1.0], [0.03305785123966942, 0.014678899082568808], [0.008264462809917356, 0.009259259259259259], [0.028925619834710745, 0.1206896551724138], [0.9179487179487179, 0.9853211009174312], [0.041025641025641026, 0.1111111111111111], [0.005128205128205128, 0.03225806451612903], [0.035897435897435895, 0.3620689655172414], [0.8558558558558559, 0.8796296296296297], [0.04954954954954955, 0.11827956989247312], [0.0945945945945946, 0.3620689655172414], [0.8977272727272727, 0.8494623655913979], [0.10227272727272728, 0.15517241379310345], [0.8711111111111111, 1.0], [0.06222222222222222, 0.028282828282828285], [0.0044444444444444444, 0.0049504950495049506], [0.013333333333333334, 0.030612244897959183], [0.04888888888888889, 0.125], [0.8825688073394495, 0.9717171717171718], [0.03853211009174312, 0.10396039603960396], [0.005504587155963303, 0.030612244897959183], [0.07339449541284404, 0.45454545454545453], [0.8333333333333334, 0.8910891089108911], [0.06481481481481481, 0.14285714285714285], [0.10185185185185185, 0.25], [0.8387096774193549, 0.7959183673469388], [0.16129032258064516, 0.17045454545454544]], "hovertemplate": "<b>%{source.customdata} → %{target.customdata}</b><br>%{value:.0f} patients<br>• %{customdata[0]:.1%} of %{source.customdata}<br>• %{customdata[1]:.1%} of %{target.customdata}<extra></extra>"}, "node": {"label": ["1108 pts", "869 pts", "271 pts", "183 pts", "287 pts", "661 pts", "232 pts", "92 pts", "D in ICU<br>967 pts", "192 pts", "242 pts", "585 pts", "222 pts", "88 pts", "135 pts", "225 pts", "545 pts", "216 pts", "93 pts", "58 pts", "196 pts", "495 pts", "202 pts", "98 pts", "88 pts"], "x": [0.001, 0.001, 0.001, 0.001, 0.2712916666666667, 0.2712916666666667, 0.2712916666666667, 0.2712916666666667, 0.14654166666666668, 0.2712916666666667, 0.4792083333333333, 0.4792083333333333, 0.4792083333333333, 0.4792083333333333, 0.4792083333333333, 0.687125, 0.687125, 0.687125, 0.687125, 0.687125, 0.999, 0.999, 0.999, 0.999, 0.999], "y": [-0.1, 0.125, 0.35, 0.5750000000000001, -0.1, 0.08000000000000002, 0.26, 0.44000000000000006, 0.8, 0.6200000000000001, -0.1, 0.08000000000000002, 0.26, 0.44000000000000006, 0.6200000000000001, -0.1, 0.08000000000000002, 0.26, 0.44000000000000006, 0.6200000000000001, -0.1, 0.08000000000000002, 0.26, 0.44000000000000006, 0.6200000000000001], "color": ["rgba(31.0,119.0,180.0,0.8)", "rgba(44.0,160.0,44.0,0.8)", "rgba(255.0,127.0,14.0,0.8)", "rgba(214.0,39.0,40.0,0.8)", "rgba(31.0,119.0,180.0,0.8)", "rgba(44.0,160.0,44.0,0.8)", "rgba(255.0,127.0,14.0,0.8)", "rgba(214.0,39.0,40.0,0.8)", "rgba(148.0,103.0,189.0,0.8)", "rgba(148.0,103.0,189.0,0.8)", "rgba(31.0,119.0,180.0,0.8)", "rgba(44.0,160.0,44.0,0.8)", "rgba(255.0,127.0,14.0,0.8)", "rgba(214.0,39.0,40.0,0.8)", "rgba(148.0,103.0,189.0,0.8)", "rgba(31.0,119.0,180.0,0.8)", "rgba(44.0,160.0,44.0,0.8)", "rgba(255.0,127.0,14.0,0.8)", "rgba(214.0,39.0,40.0,0.8)", "rgba(148.0,103.0,189.0,0.8)", "rgba(31.0,119.0,180.0,0.8)", "rgba(44.0,160.0,44.0,0.8)", "rgba(255.0,127.0,14.0,0.8)", "rgba(214.0,39.0,40.0,0.8)", "rgba(148.0,103.0,189.0,0.8)"], "pad": 10, "thickness": 40, "customdata": ["CCI: 0 at admission", "CCI: 1-2 at admission", "CCI: 3-4 at admission", "CCI: 5+ at admission", "CCI: 0 at discharge", "CCI: 1-2 at discharge", "CCI: 3-4 at discharge", "CCI: 5+ at discharge", "Death in ICU", "Death at discharge", "CCI: 0 at 6 months", "CCI: 1-2 at 6 months", "CCI: 3-4 at 6 months", "CCI: 5+ at 6 months", "Death at 6 months", "CCI: 0 at 1 year", "CCI: 1-2 at 1 year", "CCI: 3-4 at 1 year", "CCI: 5+ at 1 year", "Death at 1 year", "CCI: 0 at 2 year", "CCI: 1-2 at 2 year", "CCI: 3-4 at 2 year", "CCI: 5+ at 2 year", "Death at 2 year"], "hovertemplate": "%{customdata}<br>%{value:.0f} patients<extra></extra>"}, "loc_map": {"0": {"x": 0.001, "text": "Admission"}, "1": {"x": 0.2712916666666667, "text": "Discharge"}, "180": {"x": 0.4792083333333333, "text": "6 months"}, "365": {"x": 0.687125, "text": "1 year"}, "730": {"x": 0.999, "text": "2 year"}}}