{"link": {"source": [0, 0, 0, 0, 0, 0, 1, 1, 1, 1, 1, 2, 2, 2, 2, 3, 3, 3, 4, 4, 4, 4, 4, 5, 5, 5, 5, 6, 6, 6, 7, 7, 10, 10, 10, 11, 11, 11, 11, 12, 12, 12, 13, 13, 15, 15, 15, 15, 16, 16, 16, 16, 17, 17, 17, 18, 18], "target": [4, 5, 6, 7, 8, 9, 5, 6, 7, 8, 9, 6, 7, 8, 9, 7, 8, 9, 10, 11, 12, 13, 14, 11, 12, 13, 14, 12, 13, 14, 13, 14, 15, 16, 19, 16, 17, 18, 19, 17, 18, 19, 18, 19, 20, 21, 23, 24, 21, 22, 23, 24, 22, 23, 24, 23, 24], "value": [912, 328, 47, 34, 367, 49, 194, 38, 2, 160, 27, 51, 4, 36, 7, 77, 77, 12, 837, 47, 3, 3, 22, 482, 19, 1, 20, 125, 3, 8, 106, 11, 778, 55, 4, 494, 26, 1, 8, 137, 6, 4, 108, 5, 702, 54, 2, 20, 505, 27, 1, 16, 148, 6, 9, 110, 5], "color": ["rgba(31.0,119.0,180.0,0.2)", "rgba(31.0,119.0,180.0,0.2)", "rgba(31.0,119.0,180.0,0.2)", "rgba(31.0,119.0,180.0,0.2)", "rgba(31.0,119.0,180.0,0.2)", "rgba(31.0,119.0,180.0,0.2)", "rgba(44.0,160.0,44.0,0.2)", "rgba(44.0,160.0,44.0,0.2)", "rgba(44.0,160.0,44.0,0.2)", "rgba(44.0,160.0,44.0,0.2)", "rgba(44.0,160.0,44.0,0.2)", "rgba(255.0,127.0,14.0,0.2)", "rgba(255.0,127.0,14.0,0.2)", "rgba(255.0,127.0,14.0,0.2)", "rgba(255.0,127.0,14.0,0.2)", "rgba(214.0,39.0,40.0,0.2)", "rgba(214.0,39.0,40.0,0.2)", "rgba(214.0,39.0,40.0,0.2)", "rgba(31.0,119.0,180.0,0.2)", "rgba(31.0,119.0,180.0,0.2)", "rgba(31.0,119.0,180.0,0.2)", "rgba(31.0,119.0,180.0,0.2)", "rgba(31.0,119.0,180.0,0.2)", "rgba(44.0,160.0,44.0,0.2)", "rgba(44.0,160.0,44.0,0.2)", "rgba(44.0,160.0,44.0,0.2)", "rgba(44.0,160.0,44.0,0.2)", "rgba(255.0,127.0,14.0,0.2)", "rgba(255.0,127.0,14.0,0.2)", "rgba(255.0,127.0,14.0,0.2)", "rgba(214.0,39.0,40.0,0.2)", "rgba(214.0,39.0,40.0,0.2)", "rgba(31.0,119.0,180.0,0.2)", "rgba(31.0,119.0,180.0,0.2)", "rgba(31.0,119.0,180.0,0.2)", "rgba(44.0,160.0,44.0,0.2)", "rgba(44.0,160.0,44.0,0.2)", "rgba(44.0,160.0,44.0,0.2)", "rgba(44.0,160.0,44.0,0.2)", "rgba(255.0,127.0,14.0,0.2)", "rgba(255.0,127.0,14.0,0.2)", "rgba(255.0,127.0,14.0,0.2)", "rgba(214.0,39.0,40.0,0.2)", "rgba(214.0,39.0,40.0,0.2)", "rgba(31.0,119.0,180.0,0.2)", "rgba(31.0,119.0,180.0,0.2)", "rgba(31.0,119.0,180.0,0.2)", "rgba(31.0,119.0,180.0,0.2)", "rgba(44.0,160.0,44.0,0.2)", "rgba(44.0,160.0,44.0,0.2)", "rgba(44.0,160.0,44.0,0.2)", "rgba(44.0,160.0,44.0,0.2)", "rgba(255.0,127.0,14.0,0.2)", "rgba(255.0,127.0,14.0,0.2)", "rgba(255.0,127.0,14.0,0.2)", "rgba(214.0,39.0,40.0,0.2)", "rgba(214.0,39.0,40.0,0.2)"], "customdata": [[0.5250431778929189, 1.0], [0.1888313183649971, 0.6283524904214559], [0.027058146229130685, 0.34558823529411764], [0.01957397812320092, 0.2905982905982906], [0.21128382268278642, 0.5734375], [0.028209556706966035, 0.5157894736842106], [0.46080760095011875, 0.3716475095785441], [0.09026128266033254, 0.27941176470588236], [0.004750593824228029, 0.017094017094017096], [0.38004750593824227, 0.25], [0.06413301662707839, 0.28421052631578947], [0.5204081632653061, 0.375], [0.04081632653061224, 0.03418803418803419], [0.3673469387755102, 0.05625], [0.07142857142857142, 0.07368421052631578], [0.463855421686747, 0.6581196581196581], [0.463855421686747, 0.1203125], [0.07228915662650602, 0.12631578947368421], [0.9177631578947368, 1.0], [0.051535087719298246, 0.0888468809073724], [0.003289473684210526, 0.02040816326530612], [0.003289473684210526, 0.02654867256637168], [0.02412280701754386, 0.36065573770491804], [0.9233716475095786, 0.9111531190926276], [0.03639846743295019, 0.1292517006802721], [0.0019157088122605363, 0.008849557522123894], [0.038314176245210725, 0.32786885245901637], [0.9191176470588235, 0.8503401360544217], [0.022058823529411766, 0.02654867256637168], [0.058823529411764705, 0.13114754098360656], [0.905982905982906, 0.9380530973451328], [0.09401709401709402, 0.18032786885245902], [0.929510155316607, 1.0], [0.06571087216248507, 0.10018214936247723], [0.0047789725209080045, 0.19047619047619047], [0.9338374291115312, 0.8998178506375227], [0.04914933837429111, 0.15950920245398773], [0.001890359168241966, 0.008695652173913044], [0.015122873345935728, 0.38095238095238093], [0.9319727891156463, 0.8404907975460123], [0.04081632653061224, 0.05217391304347826], [0.027210884353741496, 0.19047619047619047], [0.9557522123893806, 0.9391304347826087], [0.04424778761061947, 0.23809523809523808], [0.9023136246786633, 1.0], [0.06940874035989718, 0.09660107334525939], [0.002570694087403599, 0.01680672268907563], [0.02570694087403599, 0.4], [0.9198542805100182, 0.9033989266547406], [0.04918032786885246, 0.15428571428571428], [0.0018214936247723133, 0.008403361344537815], [0.029143897996357013, 0.32], [0.9079754601226994, 0.8457142857142858], [0.03680981595092025, 0.05042016806722689], [0.05521472392638037, 0.18], [0.9565217391304348, 0.9243697478991597], [0.043478260869565216, 0.1]], "hovertemplate": "<b>%{source.customdata} → %{target.customdata}</b><br>%{value:.0f} patients<br>• %{customdata[0]:.1%} of %{source.customdata}<br>• %{customdata[1]:.1%} of %{target.customdata}<extra></extra>"}, "node": {"label": ["1737 pts<br>71.7%", "421 pts<br>17.4%", "98 pts<br>4.0%", "166 pts<br>6.9%", "912 pts<br>54.1%", "522 pts<br>30.9%", "136 pts<br>8.1%", "117 pts<br>6.9%", "D in ICU<br>640 pts", "95 pts", "837 pts<br>51.5%", "529 pts<br>32.5%", "147 pts<br>9.0%", "113 pts<br>6.9%", "61 pts", "778 pts<br>48.5%", "549 pts<br>34.2%", "163 pts<br>10.2%", "115 pts<br>7.2%", "21 pts", "702 pts<br>45.1%", "559 pts<br>35.9%", "175 pts<br>11.3%", "119 pts<br>7.7%", "50 pts"], "x": [0.001, 0.001, 0.001, 0.001, 0.2712916666666667, 0.2712916666666667, 0.2712916666666667, 0.2712916666666667, 0.14654166666666668, 0.2712916666666667, 0.4792083333333333, 0.4792083333333333, 0.4792083333333333, 0.4792083333333333, 0.4792083333333333, 0.687125, 0.687125, 0.687125, 0.687125, 0.687125, 0.999, 0.999, 0.999, 0.999, 0.999], "y": [-0.1, 0.125, 0.35, 0.5750000000000001, -0.1, 0.08000000000000002, 0.26, 0.44000000000000006, 0.8, 0.6200000000000001, -0.1, 0.08000000000000002, 0.26, 0.44000000000000006, 0.6200000000000001, -0.1, 0.08000000000000002, 0.26, 0.44000000000000006, 0.6200000000000001, -0.1, 0.08000000000000002, 0.26, 0.44000000000000006, 0.6200000000000001], "color": ["rgba(31.0,119.0,180.0,0.8)", "rgba(44.0,160.0,44.0,0.8)", "rgba(255.0,127.0,14.0,0.8)", "rgba(214.0,39.0,40.0,0.8)", "rgba(31.0,119.0,180.0,0.8)", "rgba(44.0,160.0,44.0,0.8)", "rgba(255.0,127.0,14.0,0.8)", "rgba(214.0,39.0,40.0,0.8)", "rgba(148.0,103.0,189.0,0.8)", "rgba(148.0,103.0,189.0,0.8)", "rgba(31.0,119.0,180.0,0.8)", "rgba(44.0,160.0,44.0,0.8)", "rgba(255.0,127.0,14.0,0.8)", "rgba(214.0,39.0,40.0,0.8)", "rgba(148.0,103.0,189.0,0.8)", "rgba(31.0,119.0,180.0,0.8)", "rgba(44.0,160.0,44.0,0.8)", "rgba(255.0,127.0,14.0,0.8)", "rgba(214.0,39.0,40.0,0.8)", "rgba(148.0,103.0,189.0,0.8)", "rgba(31.0,119.0,180.0,0.8)", "rgba(44.0,160.0,44.0,0.8)", "rgba(255.0,127.0,14.0,0.8)", "rgba(214.0,39.0,40.0,0.8)", "rgba(148.0,103.0,189.0,0.8)"], "pad": 10, "thickness": 40, "customdata": ["CCI: 0 at admission", "CCI: 1-2 at admission", "CCI: 3-4 at admission", "CCI: 5+ at admission", "CCI: 0 at discharge", "CCI: 1-2 at discharge", "CCI: 3-4 at discharge", "CCI: 5+ at discharge", "Death in ICU", "Death at discharge", "CCI: 0 at 6 months", "CCI: 1-2 at 6 months", "CCI: 3-4 at 6 months", "CCI: 5+ at 6 months", "Death at 6 months", "CCI: 0 at 1 year", "CCI: 1-2 at 1 year", "CCI: 3-4 at 1 year", "CCI: 5+ at 1 year", "Death at 1 year", "CCI: 0 at 2 year", "CCI: 1-2 at 2 year", "CCI: 3-4 at 2 year", "CCI: 5+ at 2 year", "Death at 2 year"], "hovertemplate": "%{customdata}<br>%{value:.0f} patients<extra></extra>"}, "loc_map": {"0": {"x": 0.001, "text": "Admission"}, "1": {"x": 0.2712916666666667, "text": "Discharge"}, "180": {"x": 0.4792083333333333, "text": "6 months"}, "365": {"x": 0.687125, "text": "1 year"}, "730": {"x": 0.999, "text": "2 year"}}}