{"link": {"source": [0, 0, 0, 0, 0, 0, 1, 1, 1, 1, 1, 2, 2, 2, 2, 3, 3, 3, 4, 4, 4, 4, 4, 5, 5, 5, 5, 6, 6, 6, 7, 7, 10, 10, 10, 10, 11, 11, 11, 11, 12, 12, 12, 13, 13, 15, 15, 15, 16, 16, 16, 16, 17, 17, 17, 18, 18], "target": [4, 5, 6, 7, 8, 9, 5, 6, 7, 8, 9, 6, 7, 8, 9, 7, 8, 9, 10, 11, 12, 13, 14, 11, 12, 13, 14, 12, 13, 14, 13, 14, 15, 16, 17, 19, 16, 17, 18, 19, 17, 18, 19, 18, 19, 20, 21, 24, 21, 22, 23, 24, 22, 23, 24, 23, 24], "value": [376, 534, 108, 22, 940, 245, 764, 312, 60, 1171, 320, 321, 119, 490, 144, 179, 332, 93, 273, 42, 6, 3, 52, 972, 77, 14, 235, 553, 48, 140, 276, 104, 234, 19, 1, 19, 852, 58, 13, 91, 520, 34, 82, 292, 49, 198, 25, 11, 696, 64, 9, 102, 435, 37, 107, 264, 75], "color": ["rgba(31.0,119.0,180.0,0.2)", "rgba(31.0,119.0,180.0,0.2)", "rgba(31.0,119.0,180.0,0.2)", "rgba(31.0,119.0,180.0,0.2)", "rgba(31.0,119.0,180.0,0.2)", "rgba(31.0,119.0,180.0,0.2)", "rgba(44.0,160.0,44.0,0.2)", "rgba(44.0,160.0,44.0,0.2)", "rgba(44.0,160.0,44.0,0.2)", "rgba(44.0,160.0,44.0,0.2)", "rgba(44.0,160.0,44.0,0.2)", "rgba(255.0,127.0,14.0,0.2)", "rgba(255.0,127.0,14.0,0.2)", "rgba(255.0,127.0,14.0,0.2)", "rgba(255.0,127.0,14.0,0.2)", "rgba(214.0,39.0,40.0,0.2)", "rgba(214.0,39.0,40.0,0.2)", "rgba(214.0,39.0,40.0,0.2)", "rgba(31.0,119.0,180.0,0.2)", "rgba(31.0,119.0,180.0,0.2)", "rgba(31.0,119.0,180.0,0.2)", "rgba(31.0,119.0,180.0,0.2)", "rgba(31.0,119.0,180.0,0.2)", "rgba(44.0,160.0,44.0,0.2)", "rgba(44.0,160.0,44.0,0.2)", "rgba(44.0,160.0,44.0,0.2)", "rgba(44.0,160.0,44.0,0.2)", "rgba(255.0,127.0,14.0,0.2)", "rgba(255.0,127.0,14.0,0.2)", "rgba(255.0,127.0,14.0,0.2)", "rgba(214.0,39.0,40.0,0.2)", "rgba(214.0,39.0,40.0,0.2)", "rgba(31.0,119.0,180.0,0.2)", "rgba(31.0,119.0,180.0,0.2)", "rgba(31.0,119.0,180.0,0.2)", "rgba(31.0,119.0,180.0,0.2)", "rgba(44.0,160.0,44.0,0.2)", "rgba(44.0,160.0,44.0,0.2)", "rgba(44.0,160.0,44.0,0.2)", "rgba(44.0,160.0,44.0,0.2)", "rgba(255.0,127.0,14.0,0.2)", "rgba(255.0,127.0,14.0,0.2)", "rgba(255.0,127.0,14.0,0.2)", "rgba(214.0,39.0,40.0,0.2)", "rgba(214.0,39.0,40.0,0.2)", "rgba(31.0,119.0,180.0,0.2)", "rgba(31.0,119.0,180.0,0.2)", "rgba(31.0,119.0,180.0,0.2)", "rgba(44.0,160.0,44.0,0.2)", "rgba(44.0,160.0,44.0,0.2)", "rgba(44.0,160.0,44.0,0.2)", "rgba(44.0,160.0,44.0,0.2)", "rgba(255.0,127.0,14.0,0.2)", "rgba(255.0,127.0,14.0,0.2)", "rgba(255.0,127.0,14.0,0.2)", "rgba(214.0,39.0,40.0,0.2)", "rgba(214.0,39.0,40.0,0.2)"], "customdata": [[0.1689887640449438, 1.0], [0.24, 0.41140215716486905], [0.04853932584269663, 0.145748987854251], [0.009887640449438202, 0.05789473684210526], [0.42247191011235957, 0.320490964882373], [0.1101123595505618, 0.3054862842892768], [0.2908260373049105, 0.588597842835131], [0.11876665397792158, 0.42105263157894735], [0.022839741149600305, 0.15789473684210525], [0.44575561476969927, 0.3992499147630413], [0.12181195279786829, 0.39900249376558605], [0.2988826815642458, 0.4331983805668016], [0.11080074487895716, 0.3131578947368421], [0.45623836126629425, 0.16706443914081145], [0.1340782122905028, 0.17955112219451372], [0.29635761589403975, 0.4710526315789474], [0.5496688741721855, 0.1131946812137743], [0.15397350993377484, 0.11596009975062344], [0.726063829787234, 1.0], [0.11170212765957446, 0.04142011834319527], [0.015957446808510637, 0.009433962264150943], [0.007978723404255319, 0.008797653958944282], [0.13829787234042554, 0.09792843691148775], [0.74884437596302, 0.9585798816568047], [0.059322033898305086, 0.12106918238993711], [0.01078582434514638, 0.04105571847507331], [0.1810477657935285, 0.4425612052730697], [0.7462887989203779, 0.8694968553459119], [0.06477732793522267, 0.14076246334310852], [0.18893387314439947, 0.263653483992467], [0.7263157894736842, 0.8093841642228738], [0.2736842105263158, 0.1958568738229755], [0.8571428571428571, 1.0], [0.0695970695970696, 0.021814006888633754], [0.003663003663003663, 0.0017271157167530224], [0.0695970695970696, 0.07883817427385892], [0.8402366863905325, 0.9781859931113662], [0.05719921104536489, 0.1001727115716753], [0.01282051282051282, 0.038348082595870206], [0.08974358974358974, 0.3775933609958506], [0.8176100628930818, 0.8981001727115717], [0.05345911949685535, 0.10029498525073746], [0.1289308176100629, 0.34024896265560167], [0.8563049853372434, 0.8613569321533924], [0.1436950146627566, 0.2033195020746888], [0.8461538461538461, 1.0], [0.10683760683760683, 0.03467406380027739], [0.04700854700854701, 0.03728813559322034], [0.799081515499426, 0.9653259361997226], [0.07347876004592423, 0.1282565130260521], [0.010332950631458095, 0.02903225806451613], [0.11710677382319173, 0.34576271186440677], [0.7512953367875648, 0.8717434869739479], [0.06390328151986183, 0.11935483870967742], [0.1848013816925734, 0.36271186440677966], [0.7787610619469026, 0.8516129032258064], [0.22123893805309736, 0.2542372881355932]], "hovertemplate": "<b>%{source.customdata} → %{target.customdata}</b><br>%{value:.0f} patients<br>• %{customdata[0]:.1%} of %{source.customdata}<br>• %{customdata[1]:.1%} of %{target.customdata}<extra></extra>"}, "node": {"label": ["2225 pts<br>34.1%", "2627 pts<br>40.2%", "1074 pts<br>16.4%", "604 pts<br>9.2%", "376 pts<br>13.5%", "1298 pts<br>46.4%", "741 pts<br>26.5%", "380 pts<br>13.6%", "D in ICU<br>2933 pts", "802 pts", "273 pts<br>12.1%", "1014 pts<br>44.8%", "636 pts<br>28.1%", "341 pts<br>15.1%", "531 pts", "234 pts<br>11.6%", "871 pts<br>43.1%", "579 pts<br>28.6%", "339 pts<br>16.8%", "241 pts", "198 pts<br>11.5%", "721 pts<br>41.7%", "499 pts<br>28.9%", "310 pts<br>17.9%", "295 pts"], "x": [0.001, 0.001, 0.001, 0.001, 0.2712916666666667, 0.2712916666666667, 0.2712916666666667, 0.2712916666666667, 0.14654166666666668, 0.2712916666666667, 0.4792083333333333, 0.4792083333333333, 0.4792083333333333, 0.4792083333333333, 0.4792083333333333, 0.687125, 0.687125, 0.687125, 0.687125, 0.687125, 0.999, 0.999, 0.999, 0.999, 0.999], "y": [-0.1, 0.125, 0.35, 0.5750000000000001, -0.1, 0.08000000000000002, 0.26, 0.44000000000000006, 0.8, 0.6200000000000001, -0.1, 0.08000000000000002, 0.26, 0.44000000000000006, 0.6200000000000001, -0.1, 0.08000000000000002, 0.26, 0.44000000000000006, 0.6200000000000001, -0.1, 0.08000000000000002, 0.26, 0.44000000000000006, 0.6200000000000001], "color": ["rgba(31.0,119.0,180.0,0.8)", "rgba(44.0,160.0,44.0,0.8)", "rgba(255.0,127.0,14.0,0.8)", "rgba(214.0,39.0,40.0,0.8)", "rgba(31.0,119.0,180.0,0.8)", "rgba(44.0,160.0,44.0,0.8)", "rgba(255.0,127.0,14.0,0.8)", "rgba(214.0,39.0,40.0,0.8)", "rgba(148.0,103.0,189.0,0.8)", "rgba(148.0,103.0,189.0,0.8)", "rgba(31.0,119.0,180.0,0.8)", "rgba(44.0,160.0,44.0,0.8)", "rgba(255.0,127.0,14.0,0.8)", "rgba(214.0,39.0,40.0,0.8)", "rgba(148.0,103.0,189.0,0.8)", "rgba(31.0,119.0,180.0,0.8)", "rgba(44.0,160.0,44.0,0.8)", "rgba(255.0,127.0,14.0,0.8)", "rgba(214.0,39.0,40.0,0.8)", "rgba(148.0,103.0,189.0,0.8)", "rgba(31.0,119.0,180.0,0.8)", "rgba(44.0,160.0,44.0,0.8)", "rgba(255.0,127.0,14.0,0.8)", "rgba(214.0,39.0,40.0,0.8)", "rgba(148.0,103.0,189.0,0.8)"], "pad": 10, "thickness": 40, "customdata": ["CCI: 0 at admission", "CCI: 1-2 at admission", "CCI: 3-4 at admission", "CCI: 5+ at admission", "CCI: 0 at discharge", "CCI: 1-2 at discharge", "CCI: 3-4 at discharge", "CCI: 5+ at discharge", "Death in ICU", "Death at discharge", "CCI: 0 at 6 months", "CCI: 1-2 at 6 months", "CCI: 3-4 at 6 months", "CCI: 5+ at 6 months", "Death at 6 months", "CCI: 0 at 1 year", "CCI: 1-2 at 1 year", "CCI: 3-4 at 1 year", "CCI: 5+ at 1 year", "Death at 1 year", "CCI: 0 at 2 year", "CCI: 1-2 at 2 year", "CCI: 3-4 at 2 year", "CCI: 5+ at 2 year", "Death at 2 year"], "hovertemplate": "%{customdata}<br>%{value:.0f} patients<extra></extra>"}, "loc_map": {"0": {"x": 0.001, "text": "Admission"}, "1": {"x": 0.2712916666666667, "text": "Discharge"}, "180": {"x": 0.4792083333333333, "text": "6 months"}, "365": {"x": 0.687125, "text": "1 year"}, "730": {"x": 0.999, "text": "2 year"}}}