{"link": {"source": [0, 0, 0, 0, 0, 0, 1, 1, 1, 1, 1, 2, 2, 2, 2, 3, 3, 3, 4, 4, 4, 4, 4, 5, 5, 5, 5, 6, 6, 6, 7, 7, 10, 10, 10, 11, 11, 11, 11, 12, 12, 12, 13, 13, 15, 15, 15, 15, 16, 16, 16, 16, 17, 17, 17, 18, 18], "target": [4, 5, 6, 7, 8, 9, 5, 6, 7, 8, 9, 6, 7, 8, 9, 7, 8, 9, 10, 11, 12, 13, 14, 11, 12, 13, 14, 12, 13, 14, 13, 14, 15, 16, 19, 16, 17, 18, 19, 17, 18, 19, 18, 19, 20, 21, 22, 24, 21, 22, 23, 24, 22, 23, 24, 23, 24], "value": [196, 316, 50, 10, 874, 286, 365, 179, 37, 890, 270, 155, 50, 356, 115, 78, 183, 53, 117, 19, 5, 1, 54, 435, 48, 9, 189, 244, 29, 111, 108, 67, 98, 8, 11, 368, 20, 4, 62, 228, 22, 47, 115, 32, 80, 7, 2, 9, 263, 31, 10, 72, 170, 19, 59, 86, 55], "color": ["rgba(31.0,119.0,180.0,0.2)", "rgba(31.0,119.0,180.0,0.2)", "rgba(31.0,119.0,180.0,0.2)", "rgba(31.0,119.0,180.0,0.2)", "rgba(31.0,119.0,180.0,0.2)", "rgba(31.0,119.0,180.0,0.2)", "rgba(44.0,160.0,44.0,0.2)", "rgba(44.0,160.0,44.0,0.2)", "rgba(44.0,160.0,44.0,0.2)", "rgba(44.0,160.0,44.0,0.2)", "rgba(44.0,160.0,44.0,0.2)", "rgba(255.0,127.0,14.0,0.2)", "rgba(255.0,127.0,14.0,0.2)", "rgba(255.0,127.0,14.0,0.2)", "rgba(255.0,127.0,14.0,0.2)", "rgba(214.0,39.0,40.0,0.2)", "rgba(214.0,39.0,40.0,0.2)", "rgba(214.0,39.0,40.0,0.2)", "rgba(31.0,119.0,180.0,0.2)", "rgba(31.0,119.0,180.0,0.2)", "rgba(31.0,119.0,180.0,0.2)", "rgba(31.0,119.0,180.0,0.2)", "rgba(31.0,119.0,180.0,0.2)", "rgba(44.0,160.0,44.0,0.2)", "rgba(44.0,160.0,44.0,0.2)", "rgba(44.0,160.0,44.0,0.2)", "rgba(44.0,160.0,44.0,0.2)", "rgba(255.0,127.0,14.0,0.2)", "rgba(255.0,127.0,14.0,0.2)", "rgba(255.0,127.0,14.0,0.2)", "rgba(214.0,39.0,40.0,0.2)", "rgba(214.0,39.0,40.0,0.2)", "rgba(31.0,119.0,180.0,0.2)", "rgba(31.0,119.0,180.0,0.2)", "rgba(31.0,119.0,180.0,0.2)", "rgba(44.0,160.0,44.0,0.2)", "rgba(44.0,160.0,44.0,0.2)", "rgba(44.0,160.0,44.0,0.2)", "rgba(44.0,160.0,44.0,0.2)", "rgba(255.0,127.0,14.0,0.2)", "rgba(255.0,127.0,14.0,0.2)", "rgba(255.0,127.0,14.0,0.2)", "rgba(214.0,39.0,40.0,0.2)", "rgba(214.0,39.0,40.0,0.2)", "rgba(31.0,119.0,180.0,0.2)", "rgba(31.0,119.0,180.0,0.2)", "rgba(31.0,119.0,180.0,0.2)", "rgba(31.0,119.0,180.0,0.2)", "rgba(44.0,160.0,44.0,0.2)", "rgba(44.0,160.0,44.0,0.2)", "rgba(44.0,160.0,44.0,0.2)", "rgba(44.0,160.0,44.0,0.2)", "rgba(255.0,127.0,14.0,0.2)", "rgba(255.0,127.0,14.0,0.2)", "rgba(255.0,127.0,14.0,0.2)", "rgba(214.0,39.0,40.0,0.2)", "rgba(214.0,39.0,40.0,0.2)"], "customdata": [[0.11316397228637413, 1.0], [0.18244803695150116, 0.46402349486049926], [0.028868360277136258, 0.13020833333333334], [0.005773672055427252, 0.05714285714285714], [0.5046189376443418, 0.3795049934867564], [0.1651270207852194, 0.39502762430939226], [0.20964962665134979, 0.5359765051395007], [0.10281447443997703, 0.4661458333333333], [0.02125215393452039, 0.21142857142857144], [0.511200459506031, 0.3864524533217542], [0.15508328546812178, 0.3729281767955801], [0.22928994082840237, 0.4036458333333333], [0.07396449704142012, 0.2857142857142857], [0.5266272189349113, 0.15458098132870168], [0.17011834319526628, 0.15883977900552487], [0.2484076433121019, 0.44571428571428573], [0.5828025477707006, 0.07946157186278767], [0.16878980891719744, 0.07320441988950276], [0.5969387755102041, 1.0], [0.09693877551020408, 0.04185022026431718], [0.025510204081632654, 0.016835016835016835], [0.00510204081632653, 0.006802721088435374], [0.2755102040816326, 0.12826603325415678], [0.6387665198237885, 0.9581497797356828], [0.07048458149779736, 0.16161616161616163], [0.013215859030837005, 0.061224489795918366], [0.2775330396475771, 0.4489311163895487], [0.6354166666666666, 0.8215488215488216], [0.07552083333333333, 0.19727891156462585], [0.2890625, 0.26365795724465557], [0.6171428571428571, 0.7346938775510204], [0.38285714285714284, 0.15914489311163896], [0.8376068376068376, 1.0], [0.06837606837606838, 0.02127659574468085], [0.09401709401709402, 0.07236842105263158], [0.8105726872246696, 0.9787234042553191], [0.04405286343612335, 0.08064516129032258], [0.00881057268722467, 0.028368794326241134], [0.13656387665198239, 0.40789473684210525], [0.7676767676767676, 0.9193548387096774], [0.07407407407407407, 0.15602836879432624], [0.15824915824915825, 0.3092105263157895], [0.782312925170068, 0.8156028368794326], [0.21768707482993196, 0.21052631578947367], [0.8163265306122449, 1.0], [0.07142857142857142, 0.025925925925925925], [0.02040816326530612, 0.009852216748768473], [0.09183673469387756, 0.046153846153846156], [0.699468085106383, 0.9740740740740741], [0.08244680851063829, 0.15270935960591134], [0.026595744680851064, 0.08695652173913043], [0.19148936170212766, 0.36923076923076925], [0.6854838709677419, 0.8374384236453202], [0.07661290322580645, 0.16521739130434782], [0.23790322580645162, 0.30256410256410254], [0.6099290780141844, 0.7478260869565218], [0.3900709219858156, 0.28205128205128205]], "hovertemplate": "<b>%{source.customdata} → %{target.customdata}</b><br>%{value:.0f} patients<br>• %{customdata[0]:.1%} of %{source.customdata}<br>• %{customdata[1]:.1%} of %{target.customdata}<extra></extra>"}, "node": {"label": ["1732 pts", "1741 pts", "676 pts", "314 pts", "196 pts", "681 pts", "384 pts", "175 pts", "D in ICU<br>2303 pts", "724 pts", "117 pts", "454 pts", "297 pts", "147 pts", "421 pts", "98 pts", "376 pts", "248 pts", "141 pts", "152 pts", "80 pts", "270 pts", "203 pts", "115 pts", "195 pts"], "x": [0.001, 0.001, 0.001, 0.001, 0.2712916666666667, 0.2712916666666667, 0.2712916666666667, 0.2712916666666667, 0.14654166666666668, 0.2712916666666667, 0.4792083333333333, 0.4792083333333333, 0.4792083333333333, 0.4792083333333333, 0.4792083333333333, 0.687125, 0.687125, 0.687125, 0.687125, 0.687125, 0.999, 0.999, 0.999, 0.999, 0.999], "y": [-0.1, 0.125, 0.35, 0.5750000000000001, -0.1, 0.08000000000000002, 0.26, 0.44000000000000006, 0.8, 0.6200000000000001, -0.1, 0.08000000000000002, 0.26, 0.44000000000000006, 0.6200000000000001, -0.1, 0.08000000000000002, 0.26, 0.44000000000000006, 0.6200000000000001, -0.1, 0.08000000000000002, 0.26, 0.44000000000000006, 0.6200000000000001], "color": ["rgba(31.0,119.0,180.0,0.8)", "rgba(44.0,160.0,44.0,0.8)", "rgba(255.0,127.0,14.0,0.8)", "rgba(214.0,39.0,40.0,0.8)", "rgba(31.0,119.0,180.0,0.8)", "rgba(44.0,160.0,44.0,0.8)", "rgba(255.0,127.0,14.0,0.8)", "rgba(214.0,39.0,40.0,0.8)", "rgba(148.0,103.0,189.0,0.8)", "rgba(148.0,103.0,189.0,0.8)", "rgba(31.0,119.0,180.0,0.8)", "rgba(44.0,160.0,44.0,0.8)", "rgba(255.0,127.0,14.0,0.8)", "rgba(214.0,39.0,40.0,0.8)", "rgba(148.0,103.0,189.0,0.8)", "rgba(31.0,119.0,180.0,0.8)", "rgba(44.0,160.0,44.0,0.8)", "rgba(255.0,127.0,14.0,0.8)", "rgba(214.0,39.0,40.0,0.8)", "rgba(148.0,103.0,189.0,0.8)", "rgba(31.0,119.0,180.0,0.8)", "rgba(44.0,160.0,44.0,0.8)", "rgba(255.0,127.0,14.0,0.8)", "rgba(214.0,39.0,40.0,0.8)", "rgba(148.0,103.0,189.0,0.8)"], "pad": 10, "thickness": 40, "customdata": ["CCI: 0 at admission", "CCI: 1-2 at admission", "CCI: 3-4 at admission", "CCI: 5+ at admission", "CCI: 0 at discharge", "CCI: 1-2 at discharge", "CCI: 3-4 at discharge", "CCI: 5+ at discharge", "Death in ICU", "Death at discharge", "CCI: 0 at 6 months", "CCI: 1-2 at 6 months", "CCI: 3-4 at 6 months", "CCI: 5+ at 6 months", "Death at 6 months", "CCI: 0 at 1 year", "CCI: 1-2 at 1 year", "CCI: 3-4 at 1 year", "CCI: 5+ at 1 year", "Death at 1 year", "CCI: 0 at 2 year", "CCI: 1-2 at 2 year", "CCI: 3-4 at 2 year", "CCI: 5+ at 2 year", "Death at 2 year"], "hovertemplate": "%{customdata}<br>%{value:.0f} patients<extra></extra>"}, "loc_map": {"0": {"x": 0.001, "text": "Admission"}, "1": {"x": 0.2712916666666667, "text": "Discharge"}, "180": {"x": 0.4792083333333333, "text": "6 months"}, "365": {"x": 0.687125, "text": "1 year"}, "730": {"x": 0.999, "text": "2 year"}}}