{"link": {"source": [0, 0, 0, 0, 1, 1, 1, 2, 2, 2, 3, 3, 6, 6, 6, 7, 7, 9, 9, 9, 10, 10], "target": [2, 3, 4, 5, 3, 4, 5, 6, 7, 8, 7, 8, 9, 10, 11, 10, 11, 12, 13, 14, 13, 14], "value": [479, 898, 1900, 530, 1667, 2629, 719, 317, 58, 104, 1838, 727, 276, 14, 27, 1617, 279, 224, 22, 30, 1264, 367], "color": ["rgba(44.0,160.0,44.0,0.2)", "rgba(44.0,160.0,44.0,0.2)", "rgba(44.0,160.0,44.0,0.2)", "rgba(44.0,160.0,44.0,0.2)", "rgba(214.0,39.0,40.0,0.2)", "rgba(214.0,39.0,40.0,0.2)", "rgba(214.0,39.0,40.0,0.2)", "rgba(44.0,160.0,44.0,0.2)", "rgba(44.0,160.0,44.0,0.2)", "rgba(44.0,160.0,44.0,0.2)", "rgba(214.0,39.0,40.0,0.2)", "rgba(214.0,39.0,40.0,0.2)", "rgba(44.0,160.0,44.0,0.2)", "rgba(44.0,160.0,44.0,0.2)", "rgba(44.0,160.0,44.0,0.2)", "rgba(214.0,39.0,40.0,0.2)", "rgba(214.0,39.0,40.0,0.2)", "rgba(44.0,160.0,44.0,0.2)", "rgba(44.0,160.0,44.0,0.2)", "rgba(44.0,160.0,44.0,0.2)", "rgba(214.0,39.0,40.0,0.2)", "rgba(214.0,39.0,40.0,0.2)"], "hovertemplate": "<b>From:</b> %{source.customdata}<br><b>To:</b> %{target.customdata}<br>%{value}<extra></extra>"}, "node": {"label": ["3807 pts<br>43.15%", "5015 pts<br>56.85%", "479 pts<br>15.74%", "2565 pts<br>84.26%", "D in ICU<br>4529 pts", "1249 pts", "317 pts<br>14.32%", "1896 pts<br>85.68%", "831 pts", "276 pts<br>14.47%", "1631 pts<br>85.53%", "306 pts", "224 pts<br>14.83%", "1286 pts<br>85.17%", "397 pts"], "x": [0.001, 0.001, 0.2712916666666667, 0.2712916666666667, 0.14654166666666668, 0.2712916666666667, 0.4792083333333333, 0.4792083333333333, 0.4792083333333333, 0.687125, 0.687125, 0.687125, 0.999, 0.999, 0.999], "y": [0.001, 0.5, 0.001, 0.33366666666666667, 0.999, 0.6663333333333333, 0.001, 0.33366666666666667, 0.6663333333333333, 0.001, 0.33366666666666667, 0.6663333333333333, 0.001, 0.33366666666666667, 0.6663333333333333], "color": ["rgba(44.0,160.0,44.0,0.5)", "rgba(214.0,39.0,40.0,0.5)", "rgba(44.0,160.0,44.0,0.5)", "rgba(214.0,39.0,40.0,0.5)", "rgba(148.0,103.0,189.0,0.5)", "rgba(148.0,103.0,189.0,0.5)", "rgba(44.0,160.0,44.0,0.5)", "rgba(214.0,39.0,40.0,0.5)", "rgba(148.0,103.0,189.0,0.5)", "rgba(44.0,160.0,44.0,0.5)", "rgba(214.0,39.0,40.0,0.5)", "rgba(148.0,103.0,189.0,0.5)", "rgba(44.0,160.0,44.0,0.5)", "rgba(214.0,39.0,40.0,0.5)", "rgba(148.0,103.0,189.0,0.5)"], "pad": 10, "thickness": 40, "customdata": ["CCI: 3-4 at before admission", "CCI: 5+ at before admission", "CCI: 3-4 at hospital discharge", "CCI: 5+ at hospital discharge", "Death in ICU", "Death at hospital discharge", "CCI: 3-4 at 6 months post-discharge", "CCI: 5+ at 6 months post-discharge", "Death at 6 months post-discharge", "CCI: 3-4 at 1 year post-discharge", "CCI: 5+ at 1 year post-discharge", "Death at 1 year post-discharge", "CCI: 3-4 at 2 years post-discharge", "CCI: 5+ at 2 years post-discharge", "Death at 2 years post-discharge"], "hovertemplate": "%{customdata} <br> %{value}<extra></extra>"}, "loc_map": {"0": {"x": 0.001, "text": "Before<br>admission"}, "1": {"x": 0.2712916666666667, "text": "Hospital<br>discharge"}, "180": {"x": 0.4792083333333333, "text": "6 months<br>post-discharge"}, "365": {"x": 0.687125, "text": "1 year<br>post-discharge"}, "730": {"x": 0.999, "text": "2 years<br>post-discharge"}}}