{"link": {"source": [0, 0, 0, 0, 0, 0, 1, 1, 1, 1, 1, 2, 2, 2, 2, 3, 3, 3, 4, 4, 4, 4, 4, 5, 5, 5, 5, 6, 6, 6, 7, 7, 10, 10, 10, 10, 11, 11, 11, 11, 12, 12, 12, 13, 13, 15, 15, 15, 15, 16, 16, 16, 16, 17, 17, 17, 18, 18], "target": [4, 5, 6, 7, 8, 9, 5, 6, 7, 8, 9, 6, 7, 8, 9, 7, 8, 9, 10, 11, 12, 13, 14, 11, 12, 13, 14, 12, 13, 14, 13, 14, 15, 16, 18, 19, 16, 17, 18, 19, 17, 18, 19, 18, 19, 20, 21, 22, 24, 21, 22, 23, 24, 22, 23, 24, 23, 24], "value": [545, 171, 23, 7, 210, 21, 916, 465, 65, 773, 131, 1674, 1148, 2720, 626, 1592, 2221, 506, 508, 27, 1, 2, 7, 967, 63, 3, 54, 1747, 165, 250, 2148, 664, 468, 35, 1, 4, 893, 79, 4, 18, 1560, 161, 90, 2058, 260, 413, 47, 1, 7, 796, 93, 9, 30, 1341, 160, 138, 1858, 366], "color": ["rgba(31.0,119.0,180.0,0.2)", "rgba(31.0,119.0,180.0,0.2)", "rgba(31.0,119.0,180.0,0.2)", "rgba(31.0,119.0,180.0,0.2)", "rgba(31.0,119.0,180.0,0.2)", "rgba(31.0,119.0,180.0,0.2)", "rgba(44.0,160.0,44.0,0.2)", "rgba(44.0,160.0,44.0,0.2)", "rgba(44.0,160.0,44.0,0.2)", "rgba(44.0,160.0,44.0,0.2)", "rgba(44.0,160.0,44.0,0.2)", "rgba(255.0,127.0,14.0,0.2)", "rgba(255.0,127.0,14.0,0.2)", "rgba(255.0,127.0,14.0,0.2)", "rgba(255.0,127.0,14.0,0.2)", "rgba(214.0,39.0,40.0,0.2)", "rgba(214.0,39.0,40.0,0.2)", "rgba(214.0,39.0,40.0,0.2)", "rgba(31.0,119.0,180.0,0.2)", "rgba(31.0,119.0,180.0,0.2)", "rgba(31.0,119.0,180.0,0.2)", "rgba(31.0,119.0,180.0,0.2)", "rgba(31.0,119.0,180.0,0.2)", "rgba(44.0,160.0,44.0,0.2)", "rgba(44.0,160.0,44.0,0.2)", "rgba(44.0,160.0,44.0,0.2)", "rgba(44.0,160.0,44.0,0.2)", "rgba(255.0,127.0,14.0,0.2)", "rgba(255.0,127.0,14.0,0.2)", "rgba(255.0,127.0,14.0,0.2)", "rgba(214.0,39.0,40.0,0.2)", "rgba(214.0,39.0,40.0,0.2)", "rgba(31.0,119.0,180.0,0.2)", "rgba(31.0,119.0,180.0,0.2)", "rgba(31.0,119.0,180.0,0.2)", "rgba(31.0,119.0,180.0,0.2)", "rgba(44.0,160.0,44.0,0.2)", "rgba(44.0,160.0,44.0,0.2)", "rgba(44.0,160.0,44.0,0.2)", "rgba(44.0,160.0,44.0,0.2)", "rgba(255.0,127.0,14.0,0.2)", "rgba(255.0,127.0,14.0,0.2)", "rgba(255.0,127.0,14.0,0.2)", "rgba(214.0,39.0,40.0,0.2)", "rgba(214.0,39.0,40.0,0.2)", "rgba(31.0,119.0,180.0,0.2)", "rgba(31.0,119.0,180.0,0.2)", "rgba(31.0,119.0,180.0,0.2)", "rgba(31.0,119.0,180.0,0.2)", "rgba(44.0,160.0,44.0,0.2)", "rgba(44.0,160.0,44.0,0.2)", "rgba(44.0,160.0,44.0,0.2)", "rgba(44.0,160.0,44.0,0.2)", "rgba(255.0,127.0,14.0,0.2)", "rgba(255.0,127.0,14.0,0.2)", "rgba(255.0,127.0,14.0,0.2)", "rgba(214.0,39.0,40.0,0.2)", "rgba(214.0,39.0,40.0,0.2)"], "customdata": [[0.5578300921187308, 1.0], [0.1750255885363357, 0.15731370745170192], [0.02354145342886387, 0.010638297872340425], [0.007164790174002047, 0.0024893314366998577], [0.21494370522006143, 0.035449020931802834], [0.021494370522006142, 0.016355140186915886], [0.38978723404255317, 0.8426862925482981], [0.19787234042553192, 0.2150786308973173], [0.027659574468085105, 0.023115220483641535], [0.32893617021276594, 0.13048615800135044], [0.05574468085106383, 0.10202492211838006], [0.2714007782101167, 0.7742830712303422], [0.1861219195849546, 0.40825035561877665], [0.4409857328145266, 0.4591492234976367], [0.10149156939040208, 0.48753894080996885], [0.3686038434822876, 0.566145092460882], [0.5142394072702015, 0.37491559756921], [0.117156749247511, 0.3940809968847352], [0.9321100917431193, 1.0], [0.04954128440366973, 0.02716297786720322], [0.001834862385321101, 0.0005521811154058532], [0.003669724770642202, 0.0008628127696289905], [0.012844036697247707, 0.0071794871794871795], [0.889604415823367, 0.9728370221327968], [0.05795768169273229, 0.034787410270568746], [0.0027598896044158236, 0.0012942191544434857], [0.04967801287948482, 0.055384615384615386], [0.8080481036077706, 0.9646604086140254], [0.07631822386679, 0.07118205349439172], [0.11563367252543941, 0.2564102564102564], [0.7638691322901849, 0.9266609145815358], [0.2361308677098151, 0.681025641025641], [0.9212598425196851, 1.0], [0.0688976377952756, 0.03771551724137931], [0.001968503937007874, 0.0004496402877697842], [0.007874015748031496, 0.010752688172043012], [0.8983903420523138, 0.9622844827586207], [0.079476861167002, 0.04820012202562538], [0.004024144869215292, 0.0017985611510791368], [0.018108651911468814, 0.04838709677419355], [0.8614025400331309, 0.9517998779743746], [0.08890115958034235, 0.07239208633093525], [0.04969630038652678, 0.24193548387096775], [0.8878343399482312, 0.9253597122302158], [0.11216566005176877, 0.6989247311827957], [0.8824786324786325, 1.0], [0.10042735042735043, 0.05575326215895611], [0.002136752136752137, 0.0006968641114982578], [0.014957264957264958, 0.012939001848428836], [0.8577586206896551, 0.9442467378410438], [0.10021551724137931, 0.06480836236933799], [0.009698275862068966, 0.004440059200789344], [0.032327586206896554, 0.05545286506469501], [0.8181818181818182, 0.9344947735191638], [0.09762050030506407, 0.07893438579181056], [0.08419768151311775, 0.25508317929759705], [0.835431654676259, 0.9166255550074001], [0.164568345323741, 0.6765249537892791]], "hovertemplate": "<b>%{source.customdata} → %{target.customdata}</b><br>%{value:.0f} patients<br>• %{customdata[0]:.1%} of %{source.customdata}<br>• %{customdata[1]:.1%} of %{target.customdata}<extra></extra>"}, "node": {"label": ["977 pts", "2350 pts", "6168 pts", "4319 pts", "545 pts", "1087 pts", "2162 pts", "2812 pts", "D in ICU<br>5924 pts", "1284 pts", "508 pts", "994 pts", "1811 pts", "2318 pts", "975 pts", "468 pts", "928 pts", "1639 pts", "2224 pts", "372 pts", "413 pts", "843 pts", "1435 pts", "2027 pts", "541 pts"], "x": [0.001, 0.001, 0.001, 0.001, 0.2712916666666667, 0.2712916666666667, 0.2712916666666667, 0.2712916666666667, 0.14654166666666668, 0.2712916666666667, 0.4792083333333333, 0.4792083333333333, 0.4792083333333333, 0.4792083333333333, 0.4792083333333333, 0.687125, 0.687125, 0.687125, 0.687125, 0.687125, 0.999, 0.999, 0.999, 0.999, 0.999], "y": [-0.1, 0.125, 0.35, 0.5750000000000001, -0.1, 0.08000000000000002, 0.26, 0.44000000000000006, 0.8, 0.6200000000000001, -0.1, 0.08000000000000002, 0.26, 0.44000000000000006, 0.6200000000000001, -0.1, 0.08000000000000002, 0.26, 0.44000000000000006, 0.6200000000000001, -0.1, 0.08000000000000002, 0.26, 0.44000000000000006, 0.6200000000000001], "color": ["rgba(31.0,119.0,180.0,0.8)", "rgba(44.0,160.0,44.0,0.8)", "rgba(255.0,127.0,14.0,0.8)", "rgba(214.0,39.0,40.0,0.8)", "rgba(31.0,119.0,180.0,0.8)", "rgba(44.0,160.0,44.0,0.8)", "rgba(255.0,127.0,14.0,0.8)", "rgba(214.0,39.0,40.0,0.8)", "rgba(148.0,103.0,189.0,0.8)", "rgba(148.0,103.0,189.0,0.8)", "rgba(31.0,119.0,180.0,0.8)", "rgba(44.0,160.0,44.0,0.8)", "rgba(255.0,127.0,14.0,0.8)", "rgba(214.0,39.0,40.0,0.8)", "rgba(148.0,103.0,189.0,0.8)", "rgba(31.0,119.0,180.0,0.8)", "rgba(44.0,160.0,44.0,0.8)", "rgba(255.0,127.0,14.0,0.8)", "rgba(214.0,39.0,40.0,0.8)", "rgba(148.0,103.0,189.0,0.8)", "rgba(31.0,119.0,180.0,0.8)", "rgba(44.0,160.0,44.0,0.8)", "rgba(255.0,127.0,14.0,0.8)", "rgba(214.0,39.0,40.0,0.8)", "rgba(148.0,103.0,189.0,0.8)"], "pad": 10, "thickness": 40, "customdata": ["CCI: 0 at admission", "CCI: 1-2 at admission", "CCI: 3-4 at admission", "CCI: 5+ at admission", "CCI: 0 at discharge", "CCI: 1-2 at discharge", "CCI: 3-4 at discharge", "CCI: 5+ at discharge", "Death in ICU", "Death at discharge", "CCI: 0 at 6 months", "CCI: 1-2 at 6 months", "CCI: 3-4 at 6 months", "CCI: 5+ at 6 months", "Death at 6 months", "CCI: 0 at 1 year", "CCI: 1-2 at 1 year", "CCI: 3-4 at 1 year", "CCI: 5+ at 1 year", "Death at 1 year", "CCI: 0 at 2 year", "CCI: 1-2 at 2 year", "CCI: 3-4 at 2 year", "CCI: 5+ at 2 year", "Death at 2 year"], "hovertemplate": "%{customdata}<br>%{value:.0f} patients<extra></extra>"}, "loc_map": {"0": {"x": 0.001, "text": "Admission"}, "1": {"x": 0.2712916666666667, "text": "Discharge"}, "180": {"x": 0.4792083333333333, "text": "6 months"}, "365": {"x": 0.687125, "text": "1 year"}, "730": {"x": 0.999, "text": "2 year"}}}