{"link": {"source": [0, 0, 0, 0, 0, 0, 1, 1, 1, 1, 1, 2, 2, 2, 2, 3, 3, 3, 4, 4, 4, 4, 4, 5, 5, 5, 5, 6, 6, 6, 7, 7, 10, 10, 10, 10, 11, 11, 11, 11, 12, 12, 12, 13, 13, 15, 15, 15, 15, 16, 16, 16, 16, 17, 17, 17, 18, 18], "target": [4, 5, 6, 7, 8, 9, 5, 6, 7, 8, 9, 6, 7, 8, 9, 7, 8, 9, 10, 11, 12, 13, 14, 11, 12, 13, 14, 12, 13, 14, 13, 14, 15, 16, 18, 19, 16, 17, 18, 19, 17, 18, 19, 18, 19, 20, 21, 22, 24, 21, 22, 23, 24, 22, 23, 24, 23, 24], "value": [283, 447, 65, 10, 1026, 244, 406, 148, 28, 810, 186, 135, 31, 278, 68, 55, 112, 27, 200, 26, 5, 2, 50, 583, 43, 7, 220, 231, 16, 101, 85, 39, 178, 5, 1, 16, 507, 28, 5, 69, 218, 18, 43, 84, 26, 144, 12, 1, 21, 405, 23, 1, 83, 174, 12, 60, 70, 38], "color": ["rgba(31.0,119.0,180.0,0.2)", "rgba(31.0,119.0,180.0,0.2)", "rgba(31.0,119.0,180.0,0.2)", "rgba(31.0,119.0,180.0,0.2)", "rgba(31.0,119.0,180.0,0.2)", "rgba(31.0,119.0,180.0,0.2)", "rgba(44.0,160.0,44.0,0.2)", "rgba(44.0,160.0,44.0,0.2)", "rgba(44.0,160.0,44.0,0.2)", "rgba(44.0,160.0,44.0,0.2)", "rgba(44.0,160.0,44.0,0.2)", "rgba(255.0,127.0,14.0,0.2)", "rgba(255.0,127.0,14.0,0.2)", "rgba(255.0,127.0,14.0,0.2)", "rgba(255.0,127.0,14.0,0.2)", "rgba(214.0,39.0,40.0,0.2)", "rgba(214.0,39.0,40.0,0.2)", "rgba(214.0,39.0,40.0,0.2)", "rgba(31.0,119.0,180.0,0.2)", "rgba(31.0,119.0,180.0,0.2)", "rgba(31.0,119.0,180.0,0.2)", "rgba(31.0,119.0,180.0,0.2)", "rgba(31.0,119.0,180.0,0.2)", "rgba(44.0,160.0,44.0,0.2)", "rgba(44.0,160.0,44.0,0.2)", "rgba(44.0,160.0,44.0,0.2)", "rgba(44.0,160.0,44.0,0.2)", "rgba(255.0,127.0,14.0,0.2)", "rgba(255.0,127.0,14.0,0.2)", "rgba(255.0,127.0,14.0,0.2)", "rgba(214.0,39.0,40.0,0.2)", "rgba(214.0,39.0,40.0,0.2)", "rgba(31.0,119.0,180.0,0.2)", "rgba(31.0,119.0,180.0,0.2)", "rgba(31.0,119.0,180.0,0.2)", "rgba(31.0,119.0,180.0,0.2)", "rgba(44.0,160.0,44.0,0.2)", "rgba(44.0,160.0,44.0,0.2)", "rgba(44.0,160.0,44.0,0.2)", "rgba(44.0,160.0,44.0,0.2)", "rgba(255.0,127.0,14.0,0.2)", "rgba(255.0,127.0,14.0,0.2)", "rgba(255.0,127.0,14.0,0.2)", "rgba(214.0,39.0,40.0,0.2)", "rgba(214.0,39.0,40.0,0.2)", "rgba(31.0,119.0,180.0,0.2)", "rgba(31.0,119.0,180.0,0.2)", "rgba(31.0,119.0,180.0,0.2)", "rgba(31.0,119.0,180.0,0.2)", "rgba(44.0,160.0,44.0,0.2)", "rgba(44.0,160.0,44.0,0.2)", "rgba(44.0,160.0,44.0,0.2)", "rgba(44.0,160.0,44.0,0.2)", "rgba(255.0,127.0,14.0,0.2)", "rgba(255.0,127.0,14.0,0.2)", "rgba(255.0,127.0,14.0,0.2)", "rgba(214.0,39.0,40.0,0.2)", "rgba(214.0,39.0,40.0,0.2)"], "customdata": [[0.1363855421686747, 1.0], [0.21542168674698794, 0.5240328253223916], [0.03132530120481928, 0.1867816091954023], [0.004819277108433735, 0.08064516129032258], [0.4944578313253012, 0.4609164420485175], [0.11759036144578314, 0.46476190476190476], [0.2572877059569075, 0.47596717467760846], [0.09378960709759189, 0.42528735632183906], [0.017743979721166033, 0.22580645161290322], [0.5133079847908745, 0.3638814016172507], [0.11787072243346007, 0.35428571428571426], [0.263671875, 0.3879310344827586], [0.060546875, 0.25], [0.54296875, 0.12488769092542677], [0.1328125, 0.1295238095238095], [0.28350515463917525, 0.4435483870967742], [0.5773195876288659, 0.050314465408805034], [0.13917525773195877, 0.05142857142857143], [0.7067137809187279, 1.0], [0.09187279151943463, 0.042692939244663386], [0.0176678445229682, 0.017921146953405017], [0.007067137809187279, 0.01818181818181818], [0.17667844522968199, 0.12195121951219512], [0.6834701055099648, 0.9573070607553367], [0.05041031652989449, 0.15412186379928317], [0.008206330597889801, 0.06363636363636363], [0.25791324736225085, 0.5365853658536586], [0.6637931034482759, 0.8279569892473119], [0.04597701149425287, 0.14545454545454545], [0.29022988505747127, 0.24634146341463414], [0.6854838709677419, 0.7727272727272727], [0.31451612903225806, 0.0951219512195122], [0.89, 1.0], [0.025, 0.009765625], [0.005, 0.009259259259259259], [0.08, 0.1038961038961039], [0.8325123152709359, 0.990234375], [0.04597701149425287, 0.11382113821138211], [0.008210180623973728, 0.046296296296296294], [0.11330049261083744, 0.44805194805194803], [0.7813620071684588, 0.8861788617886179], [0.06451612903225806, 0.16666666666666666], [0.15412186379928317, 0.2792207792207792], [0.7636363636363637, 0.7777777777777778], [0.23636363636363636, 0.16883116883116883], [0.8089887640449438, 1.0], [0.06741573033707865, 0.02877697841726619], [0.0056179775280898875, 0.005050505050505051], [0.11797752808988764, 0.10396039603960396], [0.791015625, 0.9712230215827338], [0.044921875, 0.11616161616161616], [0.001953125, 0.012048192771084338], [0.162109375, 0.41089108910891087], [0.7073170731707317, 0.8787878787878788], [0.04878048780487805, 0.14457831325301204], [0.24390243902439024, 0.297029702970297], [0.6481481481481481, 0.8433734939759037], [0.35185185185185186, 0.18811881188118812]], "hovertemplate": "<b>%{source.customdata} → %{target.customdata}</b><br>%{value:.0f} patients<br>• %{customdata[0]:.1%} of %{source.customdata}<br>• %{customdata[1]:.1%} of %{target.customdata}<extra></extra>"}, "node": {"label": ["2075 pts", "1578 pts", "512 pts", "194 pts", "283 pts", "853 pts", "348 pts", "124 pts", "D in ICU<br>2226 pts", "525 pts", "200 pts", "609 pts", "279 pts", "110 pts", "410 pts", "178 pts", "512 pts", "246 pts", "108 pts", "154 pts", "144 pts", "417 pts", "198 pts", "83 pts", "202 pts"], "x": [0.001, 0.001, 0.001, 0.001, 0.2712916666666667, 0.2712916666666667, 0.2712916666666667, 0.2712916666666667, 0.14654166666666668, 0.2712916666666667, 0.4792083333333333, 0.4792083333333333, 0.4792083333333333, 0.4792083333333333, 0.4792083333333333, 0.687125, 0.687125, 0.687125, 0.687125, 0.687125, 0.999, 0.999, 0.999, 0.999, 0.999], "y": [-0.1, 0.125, 0.35, 0.5750000000000001, -0.1, 0.08000000000000002, 0.26, 0.44000000000000006, 0.8, 0.6200000000000001, -0.1, 0.08000000000000002, 0.26, 0.44000000000000006, 0.6200000000000001, -0.1, 0.08000000000000002, 0.26, 0.44000000000000006, 0.6200000000000001, -0.1, 0.08000000000000002, 0.26, 0.44000000000000006, 0.6200000000000001], "color": ["rgba(31.0,119.0,180.0,0.8)", "rgba(44.0,160.0,44.0,0.8)", "rgba(255.0,127.0,14.0,0.8)", "rgba(214.0,39.0,40.0,0.8)", "rgba(31.0,119.0,180.0,0.8)", "rgba(44.0,160.0,44.0,0.8)", "rgba(255.0,127.0,14.0,0.8)", "rgba(214.0,39.0,40.0,0.8)", "rgba(148.0,103.0,189.0,0.8)", "rgba(148.0,103.0,189.0,0.8)", "rgba(31.0,119.0,180.0,0.8)", "rgba(44.0,160.0,44.0,0.8)", "rgba(255.0,127.0,14.0,0.8)", "rgba(214.0,39.0,40.0,0.8)", "rgba(148.0,103.0,189.0,0.8)", "rgba(31.0,119.0,180.0,0.8)", "rgba(44.0,160.0,44.0,0.8)", "rgba(255.0,127.0,14.0,0.8)", "rgba(214.0,39.0,40.0,0.8)", "rgba(148.0,103.0,189.0,0.8)", "rgba(31.0,119.0,180.0,0.8)", "rgba(44.0,160.0,44.0,0.8)", "rgba(255.0,127.0,14.0,0.8)", "rgba(214.0,39.0,40.0,0.8)", "rgba(148.0,103.0,189.0,0.8)"], "pad": 10, "thickness": 40, "customdata": ["CCI: 0 at admission", "CCI: 1-2 at admission", "CCI: 3-4 at admission", "CCI: 5+ at admission", "CCI: 0 at discharge", "CCI: 1-2 at discharge", "CCI: 3-4 at discharge", "CCI: 5+ at discharge", "Death in ICU", "Death at discharge", "CCI: 0 at 6 months", "CCI: 1-2 at 6 months", "CCI: 3-4 at 6 months", "CCI: 5+ at 6 months", "Death at 6 months", "CCI: 0 at 1 year", "CCI: 1-2 at 1 year", "CCI: 3-4 at 1 year", "CCI: 5+ at 1 year", "Death at 1 year", "CCI: 0 at 2 year", "CCI: 1-2 at 2 year", "CCI: 3-4 at 2 year", "CCI: 5+ at 2 year", "Death at 2 year"], "hovertemplate": "%{customdata}<br>%{value:.0f} patients<extra></extra>"}, "loc_map": {"0": {"x": 0.001, "text": "Admission"}, "1": {"x": 0.2712916666666667, "text": "Discharge"}, "180": {"x": 0.4792083333333333, "text": "6 months"}, "365": {"x": 0.687125, "text": "1 year"}, "730": {"x": 0.999, "text": "2 year"}}}