{"link": {"source": [0, 0, 0, 0, 0, 0, 1, 1, 1, 1, 1, 2, 2, 2, 2, 3, 3, 3, 4, 4, 4, 4, 5, 5, 5, 5, 6, 6, 6, 7, 7, 10, 10, 10, 10, 10, 11, 11, 11, 11, 12, 12, 12, 13, 13, 15, 15, 15, 16, 16, 16, 16, 17, 17, 17, 18, 18], "target": [4, 5, 6, 7, 8, 9, 5, 6, 7, 8, 9, 6, 7, 8, 9, 7, 8, 9, 10, 11, 13, 14, 11, 12, 13, 14, 12, 13, 14, 13, 14, 15, 16, 17, 18, 19, 16, 17, 18, 19, 17, 18, 19, 18, 19, 20, 21, 24, 21, 22, 23, 24, 22, 23, 24, 23, 24], "value": [292, 184, 22, 4, 235, 35, 174, 40, 5, 137, 23, 37, 5, 42, 8, 36, 35, 3, 261, 18, 1, 12, 329, 12, 3, 14, 83, 9, 7, 39, 11, 249, 5, 2, 1, 4, 326, 10, 3, 8, 85, 4, 6, 47, 5, 229, 13, 7, 301, 12, 3, 15, 82, 3, 12, 47, 8], "color": ["rgba(31.0,119.0,180.0,0.2)", "rgba(31.0,119.0,180.0,0.2)", "rgba(31.0,119.0,180.0,0.2)", "rgba(31.0,119.0,180.0,0.2)", "rgba(31.0,119.0,180.0,0.2)", "rgba(31.0,119.0,180.0,0.2)", "rgba(44.0,160.0,44.0,0.2)", "rgba(44.0,160.0,44.0,0.2)", "rgba(44.0,160.0,44.0,0.2)", "rgba(44.0,160.0,44.0,0.2)", "rgba(44.0,160.0,44.0,0.2)", "rgba(255.0,127.0,14.0,0.2)", "rgba(255.0,127.0,14.0,0.2)", "rgba(255.0,127.0,14.0,0.2)", "rgba(255.0,127.0,14.0,0.2)", "rgba(214.0,39.0,40.0,0.2)", "rgba(214.0,39.0,40.0,0.2)", "rgba(214.0,39.0,40.0,0.2)", "rgba(31.0,119.0,180.0,0.2)", "rgba(31.0,119.0,180.0,0.2)", "rgba(31.0,119.0,180.0,0.2)", "rgba(31.0,119.0,180.0,0.2)", "rgba(44.0,160.0,44.0,0.2)", "rgba(44.0,160.0,44.0,0.2)", "rgba(44.0,160.0,44.0,0.2)", "rgba(44.0,160.0,44.0,0.2)", "rgba(255.0,127.0,14.0,0.2)", "rgba(255.0,127.0,14.0,0.2)", "rgba(255.0,127.0,14.0,0.2)", "rgba(214.0,39.0,40.0,0.2)", "rgba(214.0,39.0,40.0,0.2)", "rgba(31.0,119.0,180.0,0.2)", "rgba(31.0,119.0,180.0,0.2)", "rgba(31.0,119.0,180.0,0.2)", "rgba(31.0,119.0,180.0,0.2)", "rgba(31.0,119.0,180.0,0.2)", "rgba(44.0,160.0,44.0,0.2)", "rgba(44.0,160.0,44.0,0.2)", "rgba(44.0,160.0,44.0,0.2)", "rgba(44.0,160.0,44.0,0.2)", "rgba(255.0,127.0,14.0,0.2)", "rgba(255.0,127.0,14.0,0.2)", "rgba(255.0,127.0,14.0,0.2)", "rgba(214.0,39.0,40.0,0.2)", "rgba(214.0,39.0,40.0,0.2)", "rgba(31.0,119.0,180.0,0.2)", "rgba(31.0,119.0,180.0,0.2)", "rgba(31.0,119.0,180.0,0.2)", "rgba(44.0,160.0,44.0,0.2)", "rgba(44.0,160.0,44.0,0.2)", "rgba(44.0,160.0,44.0,0.2)", "rgba(44.0,160.0,44.0,0.2)", "rgba(255.0,127.0,14.0,0.2)", "rgba(255.0,127.0,14.0,0.2)", "rgba(255.0,127.0,14.0,0.2)", "rgba(214.0,39.0,40.0,0.2)", "rgba(214.0,39.0,40.0,0.2)"], "customdata": [[0.37823834196891193, 1.0], [0.23834196891191708, 0.5139664804469274], [0.02849740932642487, 0.2222222222222222], [0.0051813471502590676, 0.08], [0.30440414507772023, 0.5233853006681515], [0.04533678756476684, 0.5072463768115942], [0.45910290237467016, 0.4860335195530726], [0.10554089709762533, 0.40404040404040403], [0.013192612137203167, 0.1], [0.36147757255936674, 0.3051224944320713], [0.06068601583113457, 0.3333333333333333], [0.40217391304347827, 0.37373737373737376], [0.05434782608695652, 0.1], [0.45652173913043476, 0.0935412026726058], [0.08695652173913043, 0.11594202898550725], [0.4864864864864865, 0.72], [0.47297297297297297, 0.0779510022271715], [0.04054054054054054, 0.043478260869565216], [0.8938356164383562, 1.0], [0.06164383561643835, 0.05187319884726225], [0.003424657534246575, 0.019230769230769232], [0.0410958904109589, 0.2727272727272727], [0.9189944134078212, 0.9481268011527377], [0.0335195530726257, 0.12631578947368421], [0.008379888268156424, 0.057692307692307696], [0.03910614525139665, 0.3181818181818182], [0.8383838383838383, 0.8736842105263158], [0.09090909090909091, 0.17307692307692307], [0.0707070707070707, 0.1590909090909091], [0.78, 0.75], [0.22, 0.25], [0.9540229885057471, 1.0], [0.019157088122605363, 0.015105740181268883], [0.007662835249042145, 0.020618556701030927], [0.0038314176245210726, 0.01818181818181818], [0.01532567049808429, 0.17391304347826086], [0.9394812680115274, 0.9848942598187311], [0.02881844380403458, 0.10309278350515463], [0.008645533141210375, 0.05454545454545454], [0.023054755043227664, 0.34782608695652173], [0.8947368421052632, 0.8762886597938144], [0.042105263157894736, 0.07272727272727272], [0.06315789473684211, 0.2608695652173913], [0.9038461538461539, 0.8545454545454545], [0.09615384615384616, 0.21739130434782608], [0.9196787148594378, 1.0], [0.05220883534136546, 0.041401273885350316], [0.028112449799196786, 0.16666666666666666], [0.9093655589123867, 0.9585987261146497], [0.03625377643504532, 0.1276595744680851], [0.00906344410876133, 0.05660377358490566], [0.045317220543806644, 0.35714285714285715], [0.845360824742268, 0.8723404255319149], [0.030927835051546393, 0.05660377358490566], [0.12371134020618557, 0.2857142857142857], [0.8545454545454545, 0.8867924528301887], [0.14545454545454545, 0.19047619047619047]], "hovertemplate": "<b>%{source.customdata} → %{target.customdata}</b><br>%{value:.0f} patients<br>• %{customdata[0]:.1%} of %{source.customdata}<br>• %{customdata[1]:.1%} of %{target.customdata}<extra></extra>"}, "node": {"label": ["772 pts<br>58.6%", "379 pts<br>28.8%", "92 pts<br>7.0%", "74 pts<br>5.6%", "292 pts<br>36.5%", "358 pts<br>44.8%", "99 pts<br>12.4%", "50 pts<br>6.3%", "D in ICU<br>449 pts", "69 pts", "261 pts<br>34.6%", "347 pts<br>46.0%", "95 pts<br>12.6%", "52 pts<br>6.9%", "44 pts", "249 pts<br>34.0%", "331 pts<br>45.2%", "97 pts<br>13.3%", "55 pts<br>7.5%", "23 pts", "229 pts<br>33.2%", "314 pts<br>45.5%", "94 pts<br>13.6%", "53 pts<br>7.7%", "42 pts"], "x": [0.001, 0.001, 0.001, 0.001, 0.2712916666666667, 0.2712916666666667, 0.2712916666666667, 0.2712916666666667, 0.14654166666666668, 0.2712916666666667, 0.4792083333333333, 0.4792083333333333, 0.4792083333333333, 0.4792083333333333, 0.4792083333333333, 0.687125, 0.687125, 0.687125, 0.687125, 0.687125, 0.999, 0.999, 0.999, 0.999, 0.999], "y": [-0.1, 0.125, 0.35, 0.5750000000000001, -0.1, 0.08000000000000002, 0.26, 0.44000000000000006, 0.8, 0.6200000000000001, -0.1, 0.08000000000000002, 0.26, 0.44000000000000006, 0.6200000000000001, -0.1, 0.08000000000000002, 0.26, 0.44000000000000006, 0.6200000000000001, -0.1, 0.08000000000000002, 0.26, 0.44000000000000006, 0.6200000000000001], "color": ["rgba(31.0,119.0,180.0,0.8)", "rgba(44.0,160.0,44.0,0.8)", "rgba(255.0,127.0,14.0,0.8)", "rgba(214.0,39.0,40.0,0.8)", "rgba(31.0,119.0,180.0,0.8)", "rgba(44.0,160.0,44.0,0.8)", "rgba(255.0,127.0,14.0,0.8)", "rgba(214.0,39.0,40.0,0.8)", "rgba(148.0,103.0,189.0,0.8)", "rgba(148.0,103.0,189.0,0.8)", "rgba(31.0,119.0,180.0,0.8)", "rgba(44.0,160.0,44.0,0.8)", "rgba(255.0,127.0,14.0,0.8)", "rgba(214.0,39.0,40.0,0.8)", "rgba(148.0,103.0,189.0,0.8)", "rgba(31.0,119.0,180.0,0.8)", "rgba(44.0,160.0,44.0,0.8)", "rgba(255.0,127.0,14.0,0.8)", "rgba(214.0,39.0,40.0,0.8)", "rgba(148.0,103.0,189.0,0.8)", "rgba(31.0,119.0,180.0,0.8)", "rgba(44.0,160.0,44.0,0.8)", "rgba(255.0,127.0,14.0,0.8)", "rgba(214.0,39.0,40.0,0.8)", "rgba(148.0,103.0,189.0,0.8)"], "pad": 10, "thickness": 40, "customdata": ["CCI: 0 at admission", "CCI: 1-2 at admission", "CCI: 3-4 at admission", "CCI: 5+ at admission", "CCI: 0 at discharge", "CCI: 1-2 at discharge", "CCI: 3-4 at discharge", "CCI: 5+ at discharge", "Death in ICU", "Death at discharge", "CCI: 0 at 6 months", "CCI: 1-2 at 6 months", "CCI: 3-4 at 6 months", "CCI: 5+ at 6 months", "Death at 6 months", "CCI: 0 at 1 year", "CCI: 1-2 at 1 year", "CCI: 3-4 at 1 year", "CCI: 5+ at 1 year", "Death at 1 year", "CCI: 0 at 2 year", "CCI: 1-2 at 2 year", "CCI: 3-4 at 2 year", "CCI: 5+ at 2 year", "Death at 2 year"], "hovertemplate": "%{customdata}<br>%{value:.0f} patients<extra></extra>"}, "loc_map": {"0": {"x": 0.001, "text": "Admission"}, "1": {"x": 0.2712916666666667, "text": "Discharge"}, "180": {"x": 0.4792083333333333, "text": "6 months"}, "365": {"x": 0.687125, "text": "1 year"}, "730": {"x": 0.999, "text": "2 year"}}}