{"link": {"source": [0, 0, 0, 0, 0, 1, 1, 1, 1, 2, 2, 2, 3, 3, 3, 3, 4, 4, 4, 5, 5, 8, 8, 8, 8, 9, 9, 9, 10, 10, 12, 12, 12, 12, 13, 13, 13, 14, 14], "target": [3, 4, 5, 6, 7, 4, 5, 6, 7, 5, 6, 7, 8, 9, 10, 11, 9, 10, 11, 10, 11, 12, 13, 14, 15, 13, 14, 15, 14, 15, 16, 17, 18, 19, 17, 18, 19, 18, 19], "value": [763, 222, 51, 502, 65, 152, 26, 151, 30, 109, 151, 31, 695, 40, 5, 23, 324, 24, 26, 153, 33, 624, 54, 4, 13, 312, 30, 22, 166, 16, 545, 47, 4, 28, 295, 41, 30, 179, 21], "color": ["rgba(255.0,127.0,14.0,0.2)", "rgba(255.0,127.0,14.0,0.2)", "rgba(255.0,127.0,14.0,0.2)", "rgba(255.0,127.0,14.0,0.2)", "rgba(255.0,127.0,14.0,0.2)", "rgba(44.0,160.0,44.0,0.2)", "rgba(44.0,160.0,44.0,0.2)", "rgba(44.0,160.0,44.0,0.2)", "rgba(44.0,160.0,44.0,0.2)", "rgba(214.0,39.0,40.0,0.2)", "rgba(214.0,39.0,40.0,0.2)", "rgba(214.0,39.0,40.0,0.2)", "rgba(255.0,127.0,14.0,0.2)", "rgba(255.0,127.0,14.0,0.2)", "rgba(255.0,127.0,14.0,0.2)", "rgba(255.0,127.0,14.0,0.2)", "rgba(44.0,160.0,44.0,0.2)", "rgba(44.0,160.0,44.0,0.2)", "rgba(44.0,160.0,44.0,0.2)", "rgba(214.0,39.0,40.0,0.2)", "rgba(214.0,39.0,40.0,0.2)", "rgba(255.0,127.0,14.0,0.2)", "rgba(255.0,127.0,14.0,0.2)", "rgba(255.0,127.0,14.0,0.2)", "rgba(255.0,127.0,14.0,0.2)", "rgba(44.0,160.0,44.0,0.2)", "rgba(44.0,160.0,44.0,0.2)", "rgba(44.0,160.0,44.0,0.2)", "rgba(214.0,39.0,40.0,0.2)", "rgba(214.0,39.0,40.0,0.2)", "rgba(255.0,127.0,14.0,0.2)", "rgba(255.0,127.0,14.0,0.2)", "rgba(255.0,127.0,14.0,0.2)", "rgba(255.0,127.0,14.0,0.2)", "rgba(44.0,160.0,44.0,0.2)", "rgba(44.0,160.0,44.0,0.2)", "rgba(44.0,160.0,44.0,0.2)", "rgba(214.0,39.0,40.0,0.2)", "rgba(214.0,39.0,40.0,0.2)"], "hovertemplate": "<b>From:</b> %{source.customdata}<br><b>To:</b> %{target.customdata}<br>%{value}<extra></extra>"}, "node": {"label": ["1603 pts<br>71.15%", "359 pts<br>15.93%", "291 pts<br>12.92%", "763 pts<br>57.67%", "374 pts<br>28.27%", "186 pts<br>14.06%", "D in ICU<br>804 pts", "126 pts", "695 pts<br>56.00%", "364 pts<br>29.33%", "182 pts<br>14.67%", "82 pts", "624 pts<br>52.44%", "366 pts<br>30.76%", "200 pts<br>16.81%", "51 pts", "545 pts<br>49.05%", "342 pts<br>30.78%", "224 pts<br>20.16%", "79 pts"], "x": [0.001, 0.001, 0.001, 0.2712916666666667, 0.2712916666666667, 0.2712916666666667, 0.14654166666666668, 0.2712916666666667, 0.4792083333333333, 0.4792083333333333, 0.4792083333333333, 0.4792083333333333, 0.687125, 0.687125, 0.687125, 0.687125, 0.999, 0.999, 0.999, 0.999], "y": [0.001, 0.33366666666666667, 0.6663333333333333, 0.001, 0.2505, 0.5, 0.999, 0.7494999999999999, 0.001, 0.2505, 0.5, 0.7494999999999999, 0.001, 0.2505, 0.5, 0.7494999999999999, 0.001, 0.2505, 0.5, 0.7494999999999999], "color": ["rgba(255.0,127.0,14.0,0.5)", "rgba(44.0,160.0,44.0,0.5)", "rgba(214.0,39.0,40.0,0.5)", "rgba(255.0,127.0,14.0,0.5)", "rgba(44.0,160.0,44.0,0.5)", "rgba(214.0,39.0,40.0,0.5)", "rgba(148.0,103.0,189.0,0.5)", "rgba(148.0,103.0,189.0,0.5)", "rgba(255.0,127.0,14.0,0.5)", "rgba(44.0,160.0,44.0,0.5)", "rgba(214.0,39.0,40.0,0.5)", "rgba(148.0,103.0,189.0,0.5)", "rgba(255.0,127.0,14.0,0.5)", "rgba(44.0,160.0,44.0,0.5)", "rgba(214.0,39.0,40.0,0.5)", "rgba(148.0,103.0,189.0,0.5)", "rgba(255.0,127.0,14.0,0.5)", "rgba(44.0,160.0,44.0,0.5)", "rgba(214.0,39.0,40.0,0.5)", "rgba(148.0,103.0,189.0,0.5)"], "pad": 10, "thickness": 40, "customdata": ["1603 pts CCI score (before admission)", "359 pts CCI score (before admission)", "291 pts CCI score (before admission)", "763 pts CCI score (hospital discharge)", "374 pts CCI score (hospital discharge)", "186 pts CCI score (hospital discharge)", "D in ICU<br>804 pts CCI score (hospital discharge)", "126 pts CCI score (hospital discharge)", "695 pts CCI score (6 months after discharge)", "364 pts CCI score (6 months after discharge)", "182 pts CCI score (6 months after discharge)", "82 pts CCI score (6 months after discharge)", "624 pts CCI score (1 year after discharge)", "366 pts CCI score (1 year after discharge)", "200 pts CCI score (1 year after discharge)", "51 pts CCI score (1 year after discharge)", "545 pts CCI score (2 years after discharge)", "342 pts CCI score (2 years after discharge)", "224 pts CCI score (2 years after discharge)", "79 pts CCI score (2 years after discharge)"], "hovertemplate": "%{customdata} <br> %{value}<extra></extra>"}, "loc_map": {"0": {"x": 0.001, "text": "Before<br>admission"}, "1": {"x": 0.2712916666666667, "text": "Hospital<br>discharge"}, "180": {"x": 0.4792083333333333, "text": "6 months<br>after discharge"}, "365": {"x": 0.687125, "text": "1 year<br>after discharge"}, "730": {"x": 0.999, "text": "2 years<br>after discharge"}}}