{"link": {"source": [0, 0, 0, 0, 1, 1, 1, 2, 2, 2, 3, 3, 6, 6, 6, 7, 7, 9, 9, 9, 10, 10], "target": [2, 3, 4, 5, 3, 4, 5, 6, 7, 8, 7, 8, 9, 10, 11, 10, 11, 12, 13, 14, 13, 14], "value": [479, 898, 1900, 530, 1667, 2629, 719, 317, 58, 104, 1838, 727, 276, 14, 27, 1617, 279, 224, 22, 30, 1264, 367], "color": ["rgba(255.0,127.0,14.0,0.2)", "rgba(255.0,127.0,14.0,0.2)", "rgba(255.0,127.0,14.0,0.2)", "rgba(255.0,127.0,14.0,0.2)", "rgba(214.0,39.0,40.0,0.2)", "rgba(214.0,39.0,40.0,0.2)", "rgba(214.0,39.0,40.0,0.2)", "rgba(255.0,127.0,14.0,0.2)", "rgba(255.0,127.0,14.0,0.2)", "rgba(255.0,127.0,14.0,0.2)", "rgba(214.0,39.0,40.0,0.2)", "rgba(214.0,39.0,40.0,0.2)", "rgba(255.0,127.0,14.0,0.2)", "rgba(255.0,127.0,14.0,0.2)", "rgba(255.0,127.0,14.0,0.2)", "rgba(214.0,39.0,40.0,0.2)", "rgba(214.0,39.0,40.0,0.2)", "rgba(255.0,127.0,14.0,0.2)", "rgba(255.0,127.0,14.0,0.2)", "rgba(255.0,127.0,14.0,0.2)", "rgba(214.0,39.0,40.0,0.2)", "rgba(214.0,39.0,40.0,0.2)"], "customdata": [[0.12582085631731021, 1.0], [0.23588127134226425, 0.3500974658869396], [0.4990806409246126, 0.4195186575402959], [0.13921723141581296, 0.4243394715772618], [0.33240279162512465, 0.6499025341130604], [0.5242273180458624, 0.5804813424597042], [0.14336989032901296, 0.5756605284227382], [0.6617954070981211, 1.0], [0.12108559498956159, 0.03059071729957806], [0.21711899791231734, 0.12515042117930206], [0.7165692007797271, 0.9694092827004219], [0.2834307992202729, 0.8748495788206979], [0.8706624605678234, 1.0], [0.04416403785488959, 0.008583690987124463], [0.08517350157728706, 0.08823529411764706], [0.8528481012658228, 0.9914163090128756], [0.14715189873417722, 0.9117647058823529], [0.8115942028985508, 1.0], [0.07971014492753623, 0.017107309486780714], [0.10869565217391304, 0.07556675062972293], [0.7749846719803801, 0.9828926905132193], [0.22501532801961988, 0.924433249370277]], "hovertemplate": "<b>%{source.customdata} → %{target.customdata}</b><br>%{value:.0f} patients<br>• %{customdata[0]:.1%} of %{source.customdata}<br>• %{customdata[1]:.1%} of %{target.customdata}<extra></extra>"}, "node": {"label": ["3807 pts<br>43.2%", "5015 pts<br>56.8%", "479 pts<br>15.7%", "2565 pts<br>84.3%", "D in ICU<br>4529 pts", "1249 pts", "317 pts<br>14.3%", "1896 pts<br>85.7%", "831 pts", "276 pts<br>14.5%", "1631 pts<br>85.5%", "306 pts", "224 pts<br>14.8%", "1286 pts<br>85.2%", "397 pts"], "x": [0.001, 0.001, 0.2712916666666667, 0.2712916666666667, 0.14654166666666668, 0.2712916666666667, 0.4792083333333333, 0.4792083333333333, 0.4792083333333333, 0.687125, 0.687125, 0.687125, 0.999, 0.999, 0.999], "y": [-0.1, 0.35, -0.1, 0.19999999999999998, 0.8, 0.5, -0.1, 0.19999999999999998, 0.5, -0.1, 0.19999999999999998, 0.5, -0.1, 0.19999999999999998, 0.5], "color": ["rgba(255.0,127.0,14.0,0.8)", "rgba(214.0,39.0,40.0,0.8)", "rgba(255.0,127.0,14.0,0.8)", "rgba(214.0,39.0,40.0,0.8)", "rgba(148.0,103.0,189.0,0.8)", "rgba(148.0,103.0,189.0,0.8)", "rgba(255.0,127.0,14.0,0.8)", "rgba(214.0,39.0,40.0,0.8)", "rgba(148.0,103.0,189.0,0.8)", "rgba(255.0,127.0,14.0,0.8)", "rgba(214.0,39.0,40.0,0.8)", "rgba(148.0,103.0,189.0,0.8)", "rgba(255.0,127.0,14.0,0.8)", "rgba(214.0,39.0,40.0,0.8)", "rgba(148.0,103.0,189.0,0.8)"], "pad": 10, "thickness": 40, "customdata": ["CCI: 3-4 at admission", "CCI: 5+ at admission", "CCI: 3-4 at discharge", "CCI: 5+ at discharge", "Death in ICU", "Death at discharge", "CCI: 3-4 at 6 months", "CCI: 5+ at 6 months", "Death at 6 months", "CCI: 3-4 at 1 year", "CCI: 5+ at 1 year", "Death at 1 year", "CCI: 3-4 at 2 year", "CCI: 5+ at 2 year", "Death at 2 year"], "hovertemplate": "%{customdata}<br>%{value:.0f} patients<extra></extra>"}, "loc_map": {"0": {"x": 0.001, "text": "Admission"}, "1": {"x": 0.2712916666666667, "text": "Discharge"}, "180": {"x": 0.4792083333333333, "text": "6 months"}, "365": {"x": 0.687125, "text": "1 year"}, "730": {"x": 0.999, "text": "2 year"}}}