{"link": {"source": [0, 0, 0, 0, 0, 1, 1, 1, 1, 2, 2, 2, 3, 3, 3, 3, 4, 4, 4, 5, 5, 8, 8, 8, 8, 9, 9, 9, 10, 10, 12, 12, 12, 12, 13, 13, 13, 14, 14], "target": [3, 4, 5, 6, 7, 4, 5, 6, 7, 5, 6, 7, 8, 9, 10, 11, 9, 10, 11, 10, 11, 12, 13, 14, 15, 13, 14, 15, 14, 15, 16, 17, 18, 19, 17, 18, 19, 18, 19], "value": [416, 415, 92, 565, 109, 506, 241, 619, 128, 339, 493, 114, 339, 36, 6, 35, 750, 71, 100, 549, 123, 281, 38, 5, 15, 653, 90, 43, 557, 69, 206, 55, 2, 18, 556, 75, 60, 563, 89], "color": ["rgba(44.0,160.0,44.0,0.2)", "rgba(44.0,160.0,44.0,0.2)", "rgba(44.0,160.0,44.0,0.2)", "rgba(44.0,160.0,44.0,0.2)", "rgba(44.0,160.0,44.0,0.2)", "rgba(255.0,127.0,14.0,0.2)", "rgba(255.0,127.0,14.0,0.2)", "rgba(255.0,127.0,14.0,0.2)", "rgba(255.0,127.0,14.0,0.2)", "rgba(214.0,39.0,40.0,0.2)", "rgba(214.0,39.0,40.0,0.2)", "rgba(214.0,39.0,40.0,0.2)", "rgba(44.0,160.0,44.0,0.2)", "rgba(44.0,160.0,44.0,0.2)", "rgba(44.0,160.0,44.0,0.2)", "rgba(44.0,160.0,44.0,0.2)", "rgba(255.0,127.0,14.0,0.2)", "rgba(255.0,127.0,14.0,0.2)", "rgba(255.0,127.0,14.0,0.2)", "rgba(214.0,39.0,40.0,0.2)", "rgba(214.0,39.0,40.0,0.2)", "rgba(44.0,160.0,44.0,0.2)", "rgba(44.0,160.0,44.0,0.2)", "rgba(44.0,160.0,44.0,0.2)", "rgba(44.0,160.0,44.0,0.2)", "rgba(255.0,127.0,14.0,0.2)", "rgba(255.0,127.0,14.0,0.2)", "rgba(255.0,127.0,14.0,0.2)", "rgba(214.0,39.0,40.0,0.2)", "rgba(214.0,39.0,40.0,0.2)", "rgba(44.0,160.0,44.0,0.2)", "rgba(44.0,160.0,44.0,0.2)", "rgba(44.0,160.0,44.0,0.2)", "rgba(44.0,160.0,44.0,0.2)", "rgba(255.0,127.0,14.0,0.2)", "rgba(255.0,127.0,14.0,0.2)", "rgba(255.0,127.0,14.0,0.2)", "rgba(214.0,39.0,40.0,0.2)", "rgba(214.0,39.0,40.0,0.2)"], "customdata": [[0.2604884157795867, 1.0], [0.2598622417031935, 0.4505971769815418], [0.057608015028177834, 0.13690476190476192], [0.3537883531621791, 0.33691115086463924], [0.06825297432686286, 0.31054131054131057], [0.3386880856760375, 0.5494028230184582], [0.16131191432396252, 0.3586309523809524], [0.4143239625167336, 0.36911150864639236], [0.0856760374832664, 0.3646723646723647], [0.3583509513742072, 0.5044642857142857], [0.5211416490486258, 0.2939773404889684], [0.12050739957716702, 0.3247863247863248], [0.8149038461538461, 1.0], [0.08653846153846154, 0.04580152671755725], [0.014423076923076924, 0.009584664536741214], [0.08413461538461539, 0.13565891472868216], [0.8143322475570033, 0.9541984732824428], [0.07709011943539631, 0.1134185303514377], [0.10857763300760044, 0.3875968992248062], [0.8169642857142857, 0.8769968051118211], [0.18303571428571427, 0.47674418604651164], [0.8289085545722714, 1.0], [0.11209439528023599, 0.05499276410998553], [0.014749262536873156, 0.007668711656441718], [0.04424778761061947, 0.11811023622047244], [0.8307888040712468, 0.9450072358900145], [0.11450381679389313, 0.13803680981595093], [0.054707379134860054, 0.33858267716535434], [0.889776357827476, 0.8542944785276073], [0.11022364217252396, 0.5433070866141733], [0.7330960854092526, 1.0], [0.19572953736654805, 0.09001636661211129], [0.0071174377224199285, 0.003125], [0.06405693950177936, 0.10778443113772455], [0.804630969609262, 0.9099836333878887], [0.1085383502170767, 0.1171875], [0.08683068017366136, 0.3592814371257485], [0.8634969325153374, 0.8796875], [0.13650306748466257, 0.5329341317365269]], "hovertemplate": "<b>%{source.customdata} → %{target.customdata}</b><br>%{value:.0f} patients<br>• %{customdata[0]:.1%} of %{source.customdata}<br>• %{customdata[1]:.1%} of %{target.customdata}<extra></extra>"}, "node": {"label": ["1597 pts", "1494 pts", "946 pts", "416 pts", "921 pts", "672 pts", "D in ICU<br>1677 pts", "351 pts", "339 pts", "786 pts", "626 pts", "258 pts", "281 pts", "691 pts", "652 pts", "127 pts", "206 pts", "611 pts", "640 pts", "167 pts"], "x": [0.001, 0.001, 0.001, 0.2712916666666667, 0.2712916666666667, 0.2712916666666667, 0.14654166666666668, 0.2712916666666667, 0.4792083333333333, 0.4792083333333333, 0.4792083333333333, 0.4792083333333333, 0.687125, 0.687125, 0.687125, 0.687125, 0.999, 0.999, 0.999, 0.999], "y": [-0.1, 0.19999999999999998, 0.5, -0.1, 0.125, 0.35, 0.8, 0.5750000000000001, -0.1, 0.125, 0.35, 0.5750000000000001, -0.1, 0.125, 0.35, 0.5750000000000001, -0.1, 0.125, 0.35, 0.5750000000000001], "color": ["rgba(44.0,160.0,44.0,0.8)", "rgba(255.0,127.0,14.0,0.8)", "rgba(214.0,39.0,40.0,0.8)", "rgba(44.0,160.0,44.0,0.8)", "rgba(255.0,127.0,14.0,0.8)", "rgba(214.0,39.0,40.0,0.8)", "rgba(148.0,103.0,189.0,0.8)", "rgba(148.0,103.0,189.0,0.8)", "rgba(44.0,160.0,44.0,0.8)", "rgba(255.0,127.0,14.0,0.8)", "rgba(214.0,39.0,40.0,0.8)", "rgba(148.0,103.0,189.0,0.8)", "rgba(44.0,160.0,44.0,0.8)", "rgba(255.0,127.0,14.0,0.8)", "rgba(214.0,39.0,40.0,0.8)", "rgba(148.0,103.0,189.0,0.8)", "rgba(44.0,160.0,44.0,0.8)", "rgba(255.0,127.0,14.0,0.8)", "rgba(214.0,39.0,40.0,0.8)", "rgba(148.0,103.0,189.0,0.8)"], "pad": 10, "thickness": 40, "customdata": ["CCI: 1-2 at admission", "CCI: 3-4 at admission", "CCI: 5+ at admission", "CCI: 1-2 at discharge", "CCI: 3-4 at discharge", "CCI: 5+ at discharge", "Death in ICU", "Death at discharge", "CCI: 1-2 at 6 months", "CCI: 3-4 at 6 months", "CCI: 5+ at 6 months", "Death at 6 months", "CCI: 1-2 at 1 year", "CCI: 3-4 at 1 year", "CCI: 5+ at 1 year", "Death at 1 year", "CCI: 1-2 at 2 year", "CCI: 3-4 at 2 year", "CCI: 5+ at 2 year", "Death at 2 year"], "hovertemplate": "%{customdata}<br>%{value:.0f} patients<extra></extra>"}, "loc_map": {"0": {"x": 0.001, "text": "Admission"}, "1": {"x": 0.2712916666666667, "text": "Discharge"}, "180": {"x": 0.4792083333333333, "text": "6 months"}, "365": {"x": 0.687125, "text": "1 year"}, "730": {"x": 0.999, "text": "2 year"}}}