{"link": {"source": [0, 0, 0, 0, 0, 0, 1, 1, 1, 1, 1, 2, 2, 2, 2, 3, 3, 3, 4, 4, 4, 4, 4, 5, 5, 5, 5, 6, 6, 6, 7, 7, 10, 10, 10, 10, 11, 11, 11, 11, 12, 12, 12, 13, 13, 15, 15, 15, 15, 16, 16, 16, 16, 17, 17, 17, 18, 18], "target": [4, 5, 6, 7, 8, 9, 5, 6, 7, 8, 9, 6, 7, 8, 9, 7, 8, 9, 10, 11, 12, 13, 14, 11, 12, 13, 14, 12, 13, 14, 13, 14, 15, 16, 18, 19, 16, 17, 18, 19, 17, 18, 19, 18, 19, 20, 21, 22, 24, 21, 22, 23, 24, 22, 23, 24, 23, 24], "value": [387, 457, 93, 7, 809, 186, 522, 175, 25, 732, 174, 166, 41, 255, 72, 98, 142, 29, 288, 41, 4, 1, 53, 751, 61, 9, 158, 319, 30, 85, 116, 55, 253, 21, 1, 13, 704, 34, 3, 51, 337, 11, 36, 131, 25, 218, 19, 2, 14, 597, 37, 4, 87, 302, 23, 46, 108, 38], "color": ["rgba(31.0,119.0,180.0,0.2)", "rgba(31.0,119.0,180.0,0.2)", "rgba(31.0,119.0,180.0,0.2)", "rgba(31.0,119.0,180.0,0.2)", "rgba(31.0,119.0,180.0,0.2)", "rgba(31.0,119.0,180.0,0.2)", "rgba(44.0,160.0,44.0,0.2)", "rgba(44.0,160.0,44.0,0.2)", "rgba(44.0,160.0,44.0,0.2)", "rgba(44.0,160.0,44.0,0.2)", "rgba(44.0,160.0,44.0,0.2)", "rgba(255.0,127.0,14.0,0.2)", "rgba(255.0,127.0,14.0,0.2)", "rgba(255.0,127.0,14.0,0.2)", "rgba(255.0,127.0,14.0,0.2)", "rgba(214.0,39.0,40.0,0.2)", "rgba(214.0,39.0,40.0,0.2)", "rgba(214.0,39.0,40.0,0.2)", "rgba(31.0,119.0,180.0,0.2)", "rgba(31.0,119.0,180.0,0.2)", "rgba(31.0,119.0,180.0,0.2)", "rgba(31.0,119.0,180.0,0.2)", "rgba(31.0,119.0,180.0,0.2)", "rgba(44.0,160.0,44.0,0.2)", "rgba(44.0,160.0,44.0,0.2)", "rgba(44.0,160.0,44.0,0.2)", "rgba(44.0,160.0,44.0,0.2)", "rgba(255.0,127.0,14.0,0.2)", "rgba(255.0,127.0,14.0,0.2)", "rgba(255.0,127.0,14.0,0.2)", "rgba(214.0,39.0,40.0,0.2)", "rgba(214.0,39.0,40.0,0.2)", "rgba(31.0,119.0,180.0,0.2)", "rgba(31.0,119.0,180.0,0.2)", "rgba(31.0,119.0,180.0,0.2)", "rgba(31.0,119.0,180.0,0.2)", "rgba(44.0,160.0,44.0,0.2)", "rgba(44.0,160.0,44.0,0.2)", "rgba(44.0,160.0,44.0,0.2)", "rgba(44.0,160.0,44.0,0.2)", "rgba(255.0,127.0,14.0,0.2)", "rgba(255.0,127.0,14.0,0.2)", "rgba(255.0,127.0,14.0,0.2)", "rgba(214.0,39.0,40.0,0.2)", "rgba(214.0,39.0,40.0,0.2)", "rgba(31.0,119.0,180.0,0.2)", "rgba(31.0,119.0,180.0,0.2)", "rgba(31.0,119.0,180.0,0.2)", "rgba(31.0,119.0,180.0,0.2)", "rgba(44.0,160.0,44.0,0.2)", "rgba(44.0,160.0,44.0,0.2)", "rgba(44.0,160.0,44.0,0.2)", "rgba(44.0,160.0,44.0,0.2)", "rgba(255.0,127.0,14.0,0.2)", "rgba(255.0,127.0,14.0,0.2)", "rgba(255.0,127.0,14.0,0.2)", "rgba(214.0,39.0,40.0,0.2)", "rgba(214.0,39.0,40.0,0.2)"], "customdata": [[0.1995874161939144, 1.0], [0.23568849922640536, 0.466802860061287], [0.0479628674574523, 0.21428571428571427], [0.0036101083032490976, 0.04093567251461988], [0.41722537390407427, 0.41744066047471623], [0.0959257349149046, 0.403470715835141], [0.32063882063882065, 0.533197139938713], [0.1074938574938575, 0.4032258064516129], [0.015356265356265357, 0.14619883040935672], [0.44963144963144963, 0.37770897832817335], [0.10687960687960688, 0.3774403470715835], [0.31086142322097376, 0.3824884792626728], [0.07677902621722846, 0.23976608187134502], [0.47752808988764045, 0.13157894736842105], [0.1348314606741573, 0.1561822125813449], [0.3643122676579926, 0.5730994152046783], [0.5278810408921933, 0.07327141382868937], [0.10780669144981413, 0.06290672451193059], [0.7441860465116279, 1.0], [0.10594315245478036, 0.05176767676767677], [0.0103359173126615, 0.010416666666666666], [0.002583979328165375, 0.00641025641025641], [0.13695090439276486, 0.150997150997151], [0.7671092951991828, 0.9482323232323232], [0.06230847803881512, 0.15885416666666666], [0.009193054136874362, 0.057692307692307696], [0.16138917262512767, 0.45014245014245013], [0.7350230414746544, 0.8307291666666666], [0.06912442396313365, 0.19230769230769232], [0.195852534562212, 0.24216524216524216], [0.6783625730994152, 0.7435897435897436], [0.3216374269005848, 0.15669515669515668], [0.8784722222222222, 1.0], [0.07291666666666667, 0.028965517241379312], [0.003472222222222222, 0.00684931506849315], [0.04513888888888889, 0.104], [0.8888888888888888, 0.9710344827586207], [0.04292929292929293, 0.09164420485175202], [0.003787878787878788, 0.02054794520547945], [0.06439393939393939, 0.408], [0.8776041666666666, 0.9083557951482479], [0.028645833333333332, 0.07534246575342465], [0.09375, 0.288], [0.8397435897435898, 0.8972602739726028], [0.16025641025641027, 0.2], [0.8616600790513834, 1.0], [0.07509881422924901, 0.030844155844155844], [0.007905138339920948, 0.005865102639296188], [0.05533596837944664, 0.07567567567567568], [0.8234482758620689, 0.9691558441558441], [0.05103448275862069, 0.10850439882697947], [0.005517241379310344, 0.02962962962962963], [0.12, 0.4702702702702703], [0.8140161725067385, 0.8856304985337243], [0.06199460916442048, 0.17037037037037037], [0.12398921832884097, 0.24864864864864866], [0.7397260273972602, 0.8], [0.2602739726027397, 0.20540540540540542]], "hovertemplate": "<b>%{source.customdata} → %{target.customdata}</b><br>%{value:.0f} patients<br>• %{customdata[0]:.1%} of %{source.customdata}<br>• %{customdata[1]:.1%} of %{target.customdata}<extra></extra>"}, "node": {"label": ["1939 pts<br>44.4%", "1628 pts<br>37.3%", "534 pts<br>12.2%", "269 pts<br>6.2%", "387 pts<br>19.6%", "979 pts<br>49.7%", "434 pts<br>22.0%", "171 pts<br>8.7%", "D in ICU<br>1938 pts", "461 pts", "288 pts<br>17.8%", "792 pts<br>48.9%", "384 pts<br>23.7%", "156 pts<br>9.6%", "351 pts", "253 pts<br>16.9%", "725 pts<br>48.5%", "371 pts<br>24.8%", "146 pts<br>9.8%", "125 pts", "218 pts<br>16.6%", "616 pts<br>47.0%", "341 pts<br>26.0%", "135 pts<br>10.3%", "185 pts"], "x": [0.001, 0.001, 0.001, 0.001, 0.2712916666666667, 0.2712916666666667, 0.2712916666666667, 0.2712916666666667, 0.14654166666666668, 0.2712916666666667, 0.4792083333333333, 0.4792083333333333, 0.4792083333333333, 0.4792083333333333, 0.4792083333333333, 0.687125, 0.687125, 0.687125, 0.687125, 0.687125, 0.999, 0.999, 0.999, 0.999, 0.999], "y": [-0.1, 0.125, 0.35, 0.5750000000000001, -0.1, 0.08000000000000002, 0.26, 0.44000000000000006, 0.8, 0.6200000000000001, -0.1, 0.08000000000000002, 0.26, 0.44000000000000006, 0.6200000000000001, -0.1, 0.08000000000000002, 0.26, 0.44000000000000006, 0.6200000000000001, -0.1, 0.08000000000000002, 0.26, 0.44000000000000006, 0.6200000000000001], "color": ["rgba(31.0,119.0,180.0,0.8)", "rgba(44.0,160.0,44.0,0.8)", "rgba(255.0,127.0,14.0,0.8)", "rgba(214.0,39.0,40.0,0.8)", "rgba(31.0,119.0,180.0,0.8)", "rgba(44.0,160.0,44.0,0.8)", "rgba(255.0,127.0,14.0,0.8)", "rgba(214.0,39.0,40.0,0.8)", "rgba(148.0,103.0,189.0,0.8)", "rgba(148.0,103.0,189.0,0.8)", "rgba(31.0,119.0,180.0,0.8)", "rgba(44.0,160.0,44.0,0.8)", "rgba(255.0,127.0,14.0,0.8)", "rgba(214.0,39.0,40.0,0.8)", "rgba(148.0,103.0,189.0,0.8)", "rgba(31.0,119.0,180.0,0.8)", "rgba(44.0,160.0,44.0,0.8)", "rgba(255.0,127.0,14.0,0.8)", "rgba(214.0,39.0,40.0,0.8)", "rgba(148.0,103.0,189.0,0.8)", "rgba(31.0,119.0,180.0,0.8)", "rgba(44.0,160.0,44.0,0.8)", "rgba(255.0,127.0,14.0,0.8)", "rgba(214.0,39.0,40.0,0.8)", "rgba(148.0,103.0,189.0,0.8)"], "pad": 10, "thickness": 40, "customdata": ["CCI: 0 at admission", "CCI: 1-2 at admission", "CCI: 3-4 at admission", "CCI: 5+ at admission", "CCI: 0 at discharge", "CCI: 1-2 at discharge", "CCI: 3-4 at discharge", "CCI: 5+ at discharge", "Death in ICU", "Death at discharge", "CCI: 0 at 6 months", "CCI: 1-2 at 6 months", "CCI: 3-4 at 6 months", "CCI: 5+ at 6 months", "Death at 6 months", "CCI: 0 at 1 year", "CCI: 1-2 at 1 year", "CCI: 3-4 at 1 year", "CCI: 5+ at 1 year", "Death at 1 year", "CCI: 0 at 2 year", "CCI: 1-2 at 2 year", "CCI: 3-4 at 2 year", "CCI: 5+ at 2 year", "Death at 2 year"], "hovertemplate": "%{customdata}<br>%{value:.0f} patients<extra></extra>"}, "loc_map": {"0": {"x": 0.001, "text": "Admission"}, "1": {"x": 0.2712916666666667, "text": "Discharge"}, "180": {"x": 0.4792083333333333, "text": "6 months"}, "365": {"x": 0.687125, "text": "1 year"}, "730": {"x": 0.999, "text": "2 year"}}}