{"link": {"source": [0, 0, 0, 0, 0, 1, 1, 1, 1, 2, 2, 2, 3, 3, 3, 3, 4, 4, 4, 5, 5, 8, 8, 8, 8, 9, 9, 9, 10, 10, 12, 12, 12, 12, 13, 13, 13, 14, 14], "target": [3, 4, 5, 6, 7, 4, 5, 6, 7, 5, 6, 7, 8, 9, 10, 11, 9, 10, 11, 10, 11, 12, 13, 14, 15, 13, 14, 15, 14, 15, 16, 17, 18, 19, 17, 18, 19, 18, 19], "value": [510, 128, 13, 317, 47, 84, 16, 90, 13, 48, 42, 9, 466, 22, 1, 21, 194, 9, 9, 63, 14, 417, 40, 2, 7, 187, 20, 9, 66, 7, 360, 38, 5, 14, 192, 17, 18, 78, 10], "color": ["rgba(255.0,127.0,14.0,0.2)", "rgba(255.0,127.0,14.0,0.2)", "rgba(255.0,127.0,14.0,0.2)", "rgba(255.0,127.0,14.0,0.2)", "rgba(255.0,127.0,14.0,0.2)", "rgba(44.0,160.0,44.0,0.2)", "rgba(44.0,160.0,44.0,0.2)", "rgba(44.0,160.0,44.0,0.2)", "rgba(44.0,160.0,44.0,0.2)", "rgba(214.0,39.0,40.0,0.2)", "rgba(214.0,39.0,40.0,0.2)", "rgba(214.0,39.0,40.0,0.2)", "rgba(255.0,127.0,14.0,0.2)", "rgba(255.0,127.0,14.0,0.2)", "rgba(255.0,127.0,14.0,0.2)", "rgba(255.0,127.0,14.0,0.2)", "rgba(44.0,160.0,44.0,0.2)", "rgba(44.0,160.0,44.0,0.2)", "rgba(44.0,160.0,44.0,0.2)", "rgba(214.0,39.0,40.0,0.2)", "rgba(214.0,39.0,40.0,0.2)", "rgba(255.0,127.0,14.0,0.2)", "rgba(255.0,127.0,14.0,0.2)", "rgba(255.0,127.0,14.0,0.2)", "rgba(255.0,127.0,14.0,0.2)", "rgba(44.0,160.0,44.0,0.2)", "rgba(44.0,160.0,44.0,0.2)", "rgba(44.0,160.0,44.0,0.2)", "rgba(214.0,39.0,40.0,0.2)", "rgba(214.0,39.0,40.0,0.2)", "rgba(255.0,127.0,14.0,0.2)", "rgba(255.0,127.0,14.0,0.2)", "rgba(255.0,127.0,14.0,0.2)", "rgba(255.0,127.0,14.0,0.2)", "rgba(44.0,160.0,44.0,0.2)", "rgba(44.0,160.0,44.0,0.2)", "rgba(44.0,160.0,44.0,0.2)", "rgba(214.0,39.0,40.0,0.2)", "rgba(214.0,39.0,40.0,0.2)"], "hovertemplate": "<b>From:</b> %{source.customdata}<br><b>To:</b> %{target.customdata}<br>%{value}<extra></extra>"}, "node": {"label": ["1015 pts", "203 pts", "99 pts", "510 pts", "212 pts", "77 pts", "D in ICU<br>449 pts", "69 pts", "466 pts", "216 pts", "73 pts", "44 pts", "417 pts", "227 pts", "88 pts", "23 pts", "360 pts", "230 pts", "100 pts", "42 pts"], "x": [0.001, 0.001, 0.001, 0.2712916666666667, 0.2712916666666667, 0.2712916666666667, 0.14654166666666668, 0.2712916666666667, 0.4792083333333333, 0.4792083333333333, 0.4792083333333333, 0.4792083333333333, 0.687125, 0.687125, 0.687125, 0.687125, 0.999, 0.999, 0.999, 0.999], "y": [-0.1, 0.19999999999999998, 0.5, -0.1, 0.125, 0.35, 0.8, 0.5750000000000001, -0.1, 0.125, 0.35, 0.5750000000000001, -0.1, 0.125, 0.35, 0.5750000000000001, -0.1, 0.125, 0.35, 0.5750000000000001], "color": ["rgba(255.0,127.0,14.0,0.5)", "rgba(44.0,160.0,44.0,0.5)", "rgba(214.0,39.0,40.0,0.5)", "rgba(255.0,127.0,14.0,0.5)", "rgba(44.0,160.0,44.0,0.5)", "rgba(214.0,39.0,40.0,0.5)", "rgba(148.0,103.0,189.0,0.5)", "rgba(148.0,103.0,189.0,0.5)", "rgba(255.0,127.0,14.0,0.5)", "rgba(44.0,160.0,44.0,0.5)", "rgba(214.0,39.0,40.0,0.5)", "rgba(148.0,103.0,189.0,0.5)", "rgba(255.0,127.0,14.0,0.5)", "rgba(44.0,160.0,44.0,0.5)", "rgba(214.0,39.0,40.0,0.5)", "rgba(148.0,103.0,189.0,0.5)", "rgba(255.0,127.0,14.0,0.5)", "rgba(44.0,160.0,44.0,0.5)", "rgba(214.0,39.0,40.0,0.5)", "rgba(148.0,103.0,189.0,0.5)"], "pad": 10, "thickness": 40, "customdata": ["CCI: 1-2 at admission", "CCI: 3-4 at admission", "CCI: 5+ at admission", "CCI: 1-2 at discharge", "CCI: 3-4 at discharge", "CCI: 5+ at discharge", "Death in ICU", "Death at discharge", "CCI: 1-2 at 6 months", "CCI: 3-4 at 6 months", "CCI: 5+ at 6 months", "Death at 6 months", "CCI: 1-2 at 1 year", "CCI: 3-4 at 1 year", "CCI: 5+ at 1 year", "Death at 1 year", "CCI: 1-2 at 2 year", "CCI: 3-4 at 2 year", "CCI: 5+ at 2 year", "Death at 2 year"], "hovertemplate": "%{customdata} <br> %{value}<extra></extra>"}, "loc_map": {"0": {"x": 0.001, "text": "Admission"}, "1": {"x": 0.2712916666666667, "text": "Discharge"}, "180": {"x": 0.4792083333333333, "text": "6 months"}, "365": {"x": 0.687125, "text": "1 year"}, "730": {"x": 0.999, "text": "2 year"}}}