{"link": {"source": [0, 0, 0, 0, 0, 0, 1, 1, 1, 1, 1, 2, 2, 2, 2, 3, 3, 3, 4, 4, 4, 4, 4, 5, 5, 5, 6, 6, 7, 7, 10, 10, 10, 10, 11, 11, 11, 12, 12, 12, 13, 13, 15, 15, 15, 15, 16, 16, 16, 17, 17, 17, 18, 18], "target": [4, 5, 6, 7, 8, 9, 5, 6, 7, 8, 9, 6, 7, 8, 9, 7, 8, 9, 10, 11, 12, 13, 14, 11, 12, 14, 12, 14, 13, 14, 15, 16, 18, 19, 16, 17, 19, 17, 18, 19, 18, 19, 20, 21, 22, 24, 21, 22, 24, 22, 23, 24, 23, 24], "value": [545, 171, 23, 7, 210, 21, 119, 27, 2, 69, 10, 18, 5, 25, 3, 39, 40, 3, 508, 27, 1, 2, 7, 259, 12, 19, 64, 4, 48, 5, 468, 35, 1, 4, 267, 15, 4, 70, 5, 2, 48, 2, 413, 47, 1, 7, 278, 19, 5, 73, 6, 6, 48, 6], "color": ["rgba(31.0,119.0,180.0,0.2)", "rgba(31.0,119.0,180.0,0.2)", "rgba(31.0,119.0,180.0,0.2)", "rgba(31.0,119.0,180.0,0.2)", "rgba(31.0,119.0,180.0,0.2)", "rgba(31.0,119.0,180.0,0.2)", "rgba(44.0,160.0,44.0,0.2)", "rgba(44.0,160.0,44.0,0.2)", "rgba(44.0,160.0,44.0,0.2)", "rgba(44.0,160.0,44.0,0.2)", "rgba(44.0,160.0,44.0,0.2)", "rgba(255.0,127.0,14.0,0.2)", "rgba(255.0,127.0,14.0,0.2)", "rgba(255.0,127.0,14.0,0.2)", "rgba(255.0,127.0,14.0,0.2)", "rgba(214.0,39.0,40.0,0.2)", "rgba(214.0,39.0,40.0,0.2)", "rgba(214.0,39.0,40.0,0.2)", "rgba(31.0,119.0,180.0,0.2)", "rgba(31.0,119.0,180.0,0.2)", "rgba(31.0,119.0,180.0,0.2)", "rgba(31.0,119.0,180.0,0.2)", "rgba(31.0,119.0,180.0,0.2)", "rgba(44.0,160.0,44.0,0.2)", "rgba(44.0,160.0,44.0,0.2)", "rgba(44.0,160.0,44.0,0.2)", "rgba(255.0,127.0,14.0,0.2)", "rgba(255.0,127.0,14.0,0.2)", "rgba(214.0,39.0,40.0,0.2)", "rgba(214.0,39.0,40.0,0.2)", "rgba(31.0,119.0,180.0,0.2)", "rgba(31.0,119.0,180.0,0.2)", "rgba(31.0,119.0,180.0,0.2)", "rgba(31.0,119.0,180.0,0.2)", "rgba(44.0,160.0,44.0,0.2)", "rgba(44.0,160.0,44.0,0.2)", "rgba(44.0,160.0,44.0,0.2)", "rgba(255.0,127.0,14.0,0.2)", "rgba(255.0,127.0,14.0,0.2)", "rgba(255.0,127.0,14.0,0.2)", "rgba(214.0,39.0,40.0,0.2)", "rgba(214.0,39.0,40.0,0.2)", "rgba(31.0,119.0,180.0,0.2)", "rgba(31.0,119.0,180.0,0.2)", "rgba(31.0,119.0,180.0,0.2)", "rgba(31.0,119.0,180.0,0.2)", "rgba(44.0,160.0,44.0,0.2)", "rgba(44.0,160.0,44.0,0.2)", "rgba(44.0,160.0,44.0,0.2)", "rgba(255.0,127.0,14.0,0.2)", "rgba(255.0,127.0,14.0,0.2)", "rgba(255.0,127.0,14.0,0.2)", "rgba(214.0,39.0,40.0,0.2)", "rgba(214.0,39.0,40.0,0.2)"], "customdata": [[0.5578300921187308, 1.0], [0.1750255885363357, 0.5896551724137931], [0.02354145342886387, 0.3382352941176471], [0.007164790174002047, 0.1320754716981132], [0.21494370522006143, 0.6104651162790697], [0.021494370522006142, 0.5675675675675675], [0.5242290748898678, 0.4103448275862069], [0.11894273127753303, 0.39705882352941174], [0.00881057268722467, 0.03773584905660377], [0.3039647577092511, 0.2005813953488372], [0.04405286343612335, 0.2702702702702703], [0.35294117647058826, 0.2647058823529412], [0.09803921568627451, 0.09433962264150944], [0.49019607843137253, 0.07267441860465117], [0.058823529411764705, 0.08108108108108109], [0.47560975609756095, 0.7358490566037735], [0.4878048780487805, 0.11627906976744186], [0.036585365853658534, 0.08108108108108109], [0.9321100917431193, 1.0], [0.04954128440366973, 0.0944055944055944], [0.001834862385321101, 0.012987012987012988], [0.003669724770642202, 0.04], [0.012844036697247707, 0.2], [0.8931034482758621, 0.9055944055944056], [0.041379310344827586, 0.15584415584415584], [0.06551724137931035, 0.5428571428571428], [0.9411764705882353, 0.8311688311688312], [0.058823529411764705, 0.11428571428571428], [0.9056603773584906, 0.96], [0.09433962264150944, 0.14285714285714285], [0.9212598425196851, 1.0], [0.0688976377952756, 0.11589403973509933], [0.001968503937007874, 0.018518518518518517], [0.007874015748031496, 0.3333333333333333], [0.9335664335664335, 0.8841059602649006], [0.05244755244755245, 0.17647058823529413], [0.013986013986013986, 0.3333333333333333], [0.9090909090909091, 0.8235294117647058], [0.06493506493506493, 0.09259259259259259], [0.025974025974025976, 0.16666666666666666], [0.96, 0.8888888888888888], [0.04, 0.16666666666666666], [0.8824786324786325, 1.0], [0.10042735042735043, 0.14461538461538462], [0.002136752136752137, 0.010752688172043012], [0.014957264957264958, 0.2916666666666667], [0.9205298013245033, 0.8553846153846154], [0.06291390728476821, 0.20430107526881722], [0.016556291390728478, 0.20833333333333334], [0.8588235294117647, 0.7849462365591398], [0.07058823529411765, 0.1111111111111111], [0.07058823529411765, 0.25], [0.8888888888888888, 0.8888888888888888], [0.1111111111111111, 0.25]], "hovertemplate": "<b>%{source.customdata} → %{target.customdata}</b><br>%{value:.0f} patients<br>• %{customdata[0]:.1%} of %{source.customdata}<br>• %{customdata[1]:.1%} of %{target.customdata}<extra></extra>"}, "node": {"label": ["977 pts<br>73.1%", "227 pts<br>17.0%", "51 pts<br>3.8%", "82 pts<br>6.1%", "545 pts<br>57.0%", "290 pts<br>30.3%", "68 pts<br>7.1%", "53 pts<br>5.5%", "D in ICU<br>344 pts", "37 pts", "508 pts<br>55.2%", "286 pts<br>31.1%", "77 pts<br>8.4%", "50 pts<br>5.4%", "35 pts", "468 pts<br>51.5%", "302 pts<br>33.2%", "85 pts<br>9.4%", "54 pts<br>5.9%", "12 pts", "413 pts<br>46.7%", "325 pts<br>36.7%", "93 pts<br>10.5%", "54 pts<br>6.1%", "24 pts"], "x": [0.001, 0.001, 0.001, 0.001, 0.2712916666666667, 0.2712916666666667, 0.2712916666666667, 0.2712916666666667, 0.14654166666666668, 0.2712916666666667, 0.4792083333333333, 0.4792083333333333, 0.4792083333333333, 0.4792083333333333, 0.4792083333333333, 0.687125, 0.687125, 0.687125, 0.687125, 0.687125, 0.999, 0.999, 0.999, 0.999, 0.999], "y": [-0.1, 0.125, 0.35, 0.5750000000000001, -0.1, 0.08000000000000002, 0.26, 0.44000000000000006, 0.8, 0.6200000000000001, -0.1, 0.08000000000000002, 0.26, 0.44000000000000006, 0.6200000000000001, -0.1, 0.08000000000000002, 0.26, 0.44000000000000006, 0.6200000000000001, -0.1, 0.08000000000000002, 0.26, 0.44000000000000006, 0.6200000000000001], "color": ["rgba(31.0,119.0,180.0,0.8)", "rgba(44.0,160.0,44.0,0.8)", "rgba(255.0,127.0,14.0,0.8)", "rgba(214.0,39.0,40.0,0.8)", "rgba(31.0,119.0,180.0,0.8)", "rgba(44.0,160.0,44.0,0.8)", "rgba(255.0,127.0,14.0,0.8)", "rgba(214.0,39.0,40.0,0.8)", "rgba(148.0,103.0,189.0,0.8)", "rgba(148.0,103.0,189.0,0.8)", "rgba(31.0,119.0,180.0,0.8)", "rgba(44.0,160.0,44.0,0.8)", "rgba(255.0,127.0,14.0,0.8)", "rgba(214.0,39.0,40.0,0.8)", "rgba(148.0,103.0,189.0,0.8)", "rgba(31.0,119.0,180.0,0.8)", "rgba(44.0,160.0,44.0,0.8)", "rgba(255.0,127.0,14.0,0.8)", "rgba(214.0,39.0,40.0,0.8)", "rgba(148.0,103.0,189.0,0.8)", "rgba(31.0,119.0,180.0,0.8)", "rgba(44.0,160.0,44.0,0.8)", "rgba(255.0,127.0,14.0,0.8)", "rgba(214.0,39.0,40.0,0.8)", "rgba(148.0,103.0,189.0,0.8)"], "pad": 10, "thickness": 40, "customdata": ["CCI: 0 at admission", "CCI: 1-2 at admission", "CCI: 3-4 at admission", "CCI: 5+ at admission", "CCI: 0 at discharge", "CCI: 1-2 at discharge", "CCI: 3-4 at discharge", "CCI: 5+ at discharge", "Death in ICU", "Death at discharge", "CCI: 0 at 6 months", "CCI: 1-2 at 6 months", "CCI: 3-4 at 6 months", "CCI: 5+ at 6 months", "Death at 6 months", "CCI: 0 at 1 year", "CCI: 1-2 at 1 year", "CCI: 3-4 at 1 year", "CCI: 5+ at 1 year", "Death at 1 year", "CCI: 0 at 2 year", "CCI: 1-2 at 2 year", "CCI: 3-4 at 2 year", "CCI: 5+ at 2 year", "Death at 2 year"], "hovertemplate": "%{customdata}<br>%{value:.0f} patients<extra></extra>"}, "loc_map": {"0": {"x": 0.001, "text": "Admission"}, "1": {"x": 0.2712916666666667, "text": "Discharge"}, "180": {"x": 0.4792083333333333, "text": "6 months"}, "365": {"x": 0.687125, "text": "1 year"}, "730": {"x": 0.999, "text": "2 year"}}}