{"link": {"source": [0, 0, 0, 0, 0, 0, 1, 1, 1, 1, 1, 2, 2, 2, 2, 3, 3, 3, 4, 4, 4, 4, 4, 5, 5, 5, 5, 6, 6, 6, 7, 7, 10, 10, 10, 10, 11, 11, 11, 11, 12, 12, 12, 13, 13, 15, 15, 15, 15, 16, 16, 16, 16, 17, 17, 17, 18, 18], "target": [4, 5, 6, 7, 8, 9, 5, 6, 7, 8, 9, 6, 7, 8, 9, 7, 8, 9, 10, 11, 12, 13, 14, 11, 12, 13, 14, 12, 13, 14, 13, 14, 15, 16, 18, 19, 16, 17, 18, 19, 17, 18, 19, 18, 19, 20, 21, 22, 24, 21, 22, 23, 24, 22, 23, 24, 23, 24], "value": [479, 763, 115, 20, 1900, 530, 771, 327, 65, 1700, 456, 290, 81, 634, 183, 133, 295, 80, 317, 45, 10, 3, 104, 1018, 91, 16, 409, 475, 45, 212, 193, 106, 276, 13, 1, 27, 875, 48, 9, 131, 446, 40, 90, 199, 58, 224, 19, 3, 30, 668, 54, 11, 155, 344, 31, 119, 156, 93], "color": ["rgba(31.0,119.0,180.0,0.2)", "rgba(31.0,119.0,180.0,0.2)", "rgba(31.0,119.0,180.0,0.2)", "rgba(31.0,119.0,180.0,0.2)", "rgba(31.0,119.0,180.0,0.2)", "rgba(31.0,119.0,180.0,0.2)", "rgba(44.0,160.0,44.0,0.2)", "rgba(44.0,160.0,44.0,0.2)", "rgba(44.0,160.0,44.0,0.2)", "rgba(44.0,160.0,44.0,0.2)", "rgba(44.0,160.0,44.0,0.2)", "rgba(255.0,127.0,14.0,0.2)", "rgba(255.0,127.0,14.0,0.2)", "rgba(255.0,127.0,14.0,0.2)", "rgba(255.0,127.0,14.0,0.2)", "rgba(214.0,39.0,40.0,0.2)", "rgba(214.0,39.0,40.0,0.2)", "rgba(214.0,39.0,40.0,0.2)", "rgba(31.0,119.0,180.0,0.2)", "rgba(31.0,119.0,180.0,0.2)", "rgba(31.0,119.0,180.0,0.2)", "rgba(31.0,119.0,180.0,0.2)", "rgba(31.0,119.0,180.0,0.2)", "rgba(44.0,160.0,44.0,0.2)", "rgba(44.0,160.0,44.0,0.2)", "rgba(44.0,160.0,44.0,0.2)", "rgba(44.0,160.0,44.0,0.2)", "rgba(255.0,127.0,14.0,0.2)", "rgba(255.0,127.0,14.0,0.2)", "rgba(255.0,127.0,14.0,0.2)", "rgba(214.0,39.0,40.0,0.2)", "rgba(214.0,39.0,40.0,0.2)", "rgba(31.0,119.0,180.0,0.2)", "rgba(31.0,119.0,180.0,0.2)", "rgba(31.0,119.0,180.0,0.2)", "rgba(31.0,119.0,180.0,0.2)", "rgba(44.0,160.0,44.0,0.2)", "rgba(44.0,160.0,44.0,0.2)", "rgba(44.0,160.0,44.0,0.2)", "rgba(44.0,160.0,44.0,0.2)", "rgba(255.0,127.0,14.0,0.2)", "rgba(255.0,127.0,14.0,0.2)", "rgba(255.0,127.0,14.0,0.2)", "rgba(214.0,39.0,40.0,0.2)", "rgba(214.0,39.0,40.0,0.2)", "rgba(31.0,119.0,180.0,0.2)", "rgba(31.0,119.0,180.0,0.2)", "rgba(31.0,119.0,180.0,0.2)", "rgba(31.0,119.0,180.0,0.2)", "rgba(44.0,160.0,44.0,0.2)", "rgba(44.0,160.0,44.0,0.2)", "rgba(44.0,160.0,44.0,0.2)", "rgba(44.0,160.0,44.0,0.2)", "rgba(255.0,127.0,14.0,0.2)", "rgba(255.0,127.0,14.0,0.2)", "rgba(255.0,127.0,14.0,0.2)", "rgba(214.0,39.0,40.0,0.2)", "rgba(214.0,39.0,40.0,0.2)"], "customdata": [[0.12582085631731021, 1.0], [0.20042027843446283, 0.4973924380704042], [0.030207512477016023, 0.15710382513661203], [0.005253480430785396, 0.06688963210702341], [0.4990806409246126, 0.4195186575402959], [0.13921723141581296, 0.4243394715772618], [0.23229888520638747, 0.5026075619295959], [0.09852365170231997, 0.44672131147540983], [0.01958421211208195, 0.21739130434782608], [0.5122024706236818, 0.3753587988518437], [0.13739078035552876, 0.36509207365892715], [0.2441077441077441, 0.39617486338797814], [0.06818181818181818, 0.2709030100334448], [0.5336700336700336, 0.13998675204239347], [0.15404040404040403, 0.1465172137710168], [0.2618110236220472, 0.44481605351170567], [0.5807086614173228, 0.06513579156546699], [0.15748031496062992, 0.06405124099279423], [0.6617954070981211, 1.0], [0.09394572025052192, 0.04233301975540922], [0.020876826722338204, 0.017361111111111112], [0.006263048016701462, 0.011673151750972763], [0.21711899791231734, 0.12515042117930206], [0.6636245110821382, 0.9576669802445907], [0.059322033898305086, 0.1579861111111111], [0.010430247718383311, 0.0622568093385214], [0.2666232073011734, 0.49217809867629364], [0.6489071038251366, 0.8246527777777778], [0.06147540983606557, 0.17509727626459143], [0.2896174863387978, 0.25511432009626955], [0.6454849498327759, 0.7509727626459144], [0.35451505016722407, 0.12755716004813478], [0.8706624605678234, 1.0], [0.04100946372239748, 0.01463963963963964], [0.0031545741324921135, 0.004016064257028112], [0.08517350157728706, 0.08823529411764706], [0.8231420507996237, 0.9853603603603603], [0.045155221072436504, 0.09716599190283401], [0.008466603951081843, 0.03614457831325301], [0.12323612417685795, 0.42810457516339867], [0.7743055555555556, 0.902834008097166], [0.06944444444444445, 0.1606425702811245], [0.15625, 0.29411764705882354], [0.77431906614786, 0.7991967871485943], [0.22568093385214008, 0.1895424836601307], [0.8115942028985508, 1.0], [0.06884057971014493, 0.027656477438136828], [0.010869565217391304, 0.007481296758104738], [0.10869565217391304, 0.07556675062972293], [0.7522522522522522, 0.9723435225618632], [0.060810810810810814, 0.13466334164588528], [0.012387387387387387, 0.05555555555555555], [0.17454954954954954, 0.3904282115869018], [0.6963562753036437, 0.85785536159601], [0.06275303643724696, 0.15656565656565657], [0.2408906882591093, 0.29974811083123426], [0.6265060240963856, 0.7878787878787878], [0.37349397590361444, 0.23425692695214106]], "hovertemplate": "<b>%{source.customdata} → %{target.customdata}</b><br>%{value:.0f} patients<br>• %{customdata[0]:.1%} of %{source.customdata}<br>• %{customdata[1]:.1%} of %{target.customdata}<extra></extra>"}, "node": {"label": ["3807 pts<br>43.2%", "3319 pts<br>37.6%", "1188 pts<br>13.5%", "508 pts<br>5.8%", "479 pts<br>15.7%", "1534 pts<br>50.4%", "732 pts<br>24.0%", "299 pts<br>9.8%", "D in ICU<br>4529 pts", "1249 pts", "317 pts<br>14.3%", "1063 pts<br>48.0%", "576 pts<br>26.0%", "257 pts<br>11.6%", "831 pts", "276 pts<br>14.5%", "888 pts<br>46.6%", "494 pts<br>25.9%", "249 pts<br>13.1%", "306 pts", "224 pts<br>14.8%", "687 pts<br>45.5%", "401 pts<br>26.6%", "198 pts<br>13.1%", "397 pts"], "x": [0.001, 0.001, 0.001, 0.001, 0.2712916666666667, 0.2712916666666667, 0.2712916666666667, 0.2712916666666667, 0.14654166666666668, 0.2712916666666667, 0.4792083333333333, 0.4792083333333333, 0.4792083333333333, 0.4792083333333333, 0.4792083333333333, 0.687125, 0.687125, 0.687125, 0.687125, 0.687125, 0.999, 0.999, 0.999, 0.999, 0.999], "y": [-0.1, 0.125, 0.35, 0.5750000000000001, -0.1, 0.08000000000000002, 0.26, 0.44000000000000006, 0.8, 0.6200000000000001, -0.1, 0.08000000000000002, 0.26, 0.44000000000000006, 0.6200000000000001, -0.1, 0.08000000000000002, 0.26, 0.44000000000000006, 0.6200000000000001, -0.1, 0.08000000000000002, 0.26, 0.44000000000000006, 0.6200000000000001], "color": ["rgba(31.0,119.0,180.0,0.8)", "rgba(44.0,160.0,44.0,0.8)", "rgba(255.0,127.0,14.0,0.8)", "rgba(214.0,39.0,40.0,0.8)", "rgba(31.0,119.0,180.0,0.8)", "rgba(44.0,160.0,44.0,0.8)", "rgba(255.0,127.0,14.0,0.8)", "rgba(214.0,39.0,40.0,0.8)", "rgba(148.0,103.0,189.0,0.8)", "rgba(148.0,103.0,189.0,0.8)", "rgba(31.0,119.0,180.0,0.8)", "rgba(44.0,160.0,44.0,0.8)", "rgba(255.0,127.0,14.0,0.8)", "rgba(214.0,39.0,40.0,0.8)", "rgba(148.0,103.0,189.0,0.8)", "rgba(31.0,119.0,180.0,0.8)", "rgba(44.0,160.0,44.0,0.8)", "rgba(255.0,127.0,14.0,0.8)", "rgba(214.0,39.0,40.0,0.8)", "rgba(148.0,103.0,189.0,0.8)", "rgba(31.0,119.0,180.0,0.8)", "rgba(44.0,160.0,44.0,0.8)", "rgba(255.0,127.0,14.0,0.8)", "rgba(214.0,39.0,40.0,0.8)", "rgba(148.0,103.0,189.0,0.8)"], "pad": 10, "thickness": 40, "customdata": ["CCI: 0 at admission", "CCI: 1-2 at admission", "CCI: 3-4 at admission", "CCI: 5+ at admission", "CCI: 0 at discharge", "CCI: 1-2 at discharge", "CCI: 3-4 at discharge", "CCI: 5+ at discharge", "Death in ICU", "Death at discharge", "CCI: 0 at 6 months", "CCI: 1-2 at 6 months", "CCI: 3-4 at 6 months", "CCI: 5+ at 6 months", "Death at 6 months", "CCI: 0 at 1 year", "CCI: 1-2 at 1 year", "CCI: 3-4 at 1 year", "CCI: 5+ at 1 year", "Death at 1 year", "CCI: 0 at 2 year", "CCI: 1-2 at 2 year", "CCI: 3-4 at 2 year", "CCI: 5+ at 2 year", "Death at 2 year"], "hovertemplate": "%{customdata}<br>%{value:.0f} patients<extra></extra>"}, "loc_map": {"0": {"x": 0.001, "text": "Admission"}, "1": {"x": 0.2712916666666667, "text": "Discharge"}, "180": {"x": 0.4792083333333333, "text": "6 months"}, "365": {"x": 0.687125, "text": "1 year"}, "730": {"x": 0.999, "text": "2 year"}}}