{"link": {"source": [0, 0, 0, 0, 0, 0, 1, 1, 1, 1, 1, 2, 2, 2, 2, 3, 3, 3, 4, 4, 4, 4, 4, 5, 5, 5, 5, 6, 6, 6, 7, 7, 10, 10, 10, 11, 11, 11, 11, 12, 12, 12, 13, 13, 15, 15, 15, 15, 16, 16, 16, 16, 17, 17, 17, 18, 18], "target": [4, 5, 6, 7, 8, 9, 5, 6, 7, 8, 9, 6, 7, 8, 9, 7, 8, 9, 10, 11, 12, 13, 14, 11, 12, 13, 14, 12, 13, 14, 13, 14, 15, 16, 19, 16, 17, 18, 19, 17, 18, 19, 18, 19, 20, 21, 23, 24, 21, 22, 23, 24, 22, 23, 24, 23, 24], "value": [912, 328, 47, 34, 367, 49, 1373, 675, 145, 1227, 201, 2000, 1319, 3311, 884, 2417, 3452, 964, 837, 47, 3, 3, 22, 1516, 95, 12, 78, 2106, 249, 367, 3029, 886, 778, 55, 4, 1399, 118, 10, 36, 1850, 217, 137, 2878, 415, 702, 54, 2, 20, 1256, 129, 7, 62, 1571, 235, 162, 2563, 542], "color": ["rgba(31.0,119.0,180.0,0.2)", "rgba(31.0,119.0,180.0,0.2)", "rgba(31.0,119.0,180.0,0.2)", "rgba(31.0,119.0,180.0,0.2)", "rgba(31.0,119.0,180.0,0.2)", "rgba(31.0,119.0,180.0,0.2)", "rgba(44.0,160.0,44.0,0.2)", "rgba(44.0,160.0,44.0,0.2)", "rgba(44.0,160.0,44.0,0.2)", "rgba(44.0,160.0,44.0,0.2)", "rgba(44.0,160.0,44.0,0.2)", "rgba(255.0,127.0,14.0,0.2)", "rgba(255.0,127.0,14.0,0.2)", "rgba(255.0,127.0,14.0,0.2)", "rgba(255.0,127.0,14.0,0.2)", "rgba(214.0,39.0,40.0,0.2)", "rgba(214.0,39.0,40.0,0.2)", "rgba(214.0,39.0,40.0,0.2)", "rgba(31.0,119.0,180.0,0.2)", "rgba(31.0,119.0,180.0,0.2)", "rgba(31.0,119.0,180.0,0.2)", "rgba(31.0,119.0,180.0,0.2)", "rgba(31.0,119.0,180.0,0.2)", "rgba(44.0,160.0,44.0,0.2)", "rgba(44.0,160.0,44.0,0.2)", "rgba(44.0,160.0,44.0,0.2)", "rgba(44.0,160.0,44.0,0.2)", "rgba(255.0,127.0,14.0,0.2)", "rgba(255.0,127.0,14.0,0.2)", "rgba(255.0,127.0,14.0,0.2)", "rgba(214.0,39.0,40.0,0.2)", "rgba(214.0,39.0,40.0,0.2)", "rgba(31.0,119.0,180.0,0.2)", "rgba(31.0,119.0,180.0,0.2)", "rgba(31.0,119.0,180.0,0.2)", "rgba(44.0,160.0,44.0,0.2)", "rgba(44.0,160.0,44.0,0.2)", "rgba(44.0,160.0,44.0,0.2)", "rgba(44.0,160.0,44.0,0.2)", "rgba(255.0,127.0,14.0,0.2)", "rgba(255.0,127.0,14.0,0.2)", "rgba(255.0,127.0,14.0,0.2)", "rgba(214.0,39.0,40.0,0.2)", "rgba(214.0,39.0,40.0,0.2)", "rgba(31.0,119.0,180.0,0.2)", "rgba(31.0,119.0,180.0,0.2)", "rgba(31.0,119.0,180.0,0.2)", "rgba(31.0,119.0,180.0,0.2)", "rgba(44.0,160.0,44.0,0.2)", "rgba(44.0,160.0,44.0,0.2)", "rgba(44.0,160.0,44.0,0.2)", "rgba(44.0,160.0,44.0,0.2)", "rgba(255.0,127.0,14.0,0.2)", "rgba(255.0,127.0,14.0,0.2)", "rgba(255.0,127.0,14.0,0.2)", "rgba(214.0,39.0,40.0,0.2)", "rgba(214.0,39.0,40.0,0.2)"], "customdata": [[0.5250431778929189, 1.0], [0.1888313183649971, 0.19282774838330394], [0.027058146229130685, 0.017266715650257163], [0.01957397812320092, 0.008684546615581098], [0.21128382268278642, 0.043915280603087234], [0.028209556706966035, 0.023355576739752144], [0.3791770229218448, 0.807172251616696], [0.1864125932062966, 0.24797942689199118], [0.04004418668876001, 0.037037037037037035], [0.3388566694283347, 0.1468230226157712], [0.05550952775476388, 0.09580552907530981], [0.2661698163428267, 0.7347538574577517], [0.1755389938780942, 0.3369093231162197], [0.44064413095554966, 0.39619480674883334], [0.11764705882352941, 0.4213536701620591], [0.35372457193033807, 0.6173690932311622], [0.505195375384165, 0.41306689003230823], [0.14108005268549687, 0.45948522402287895], [0.9177631578947368, 1.0], [0.051535087719298246, 0.030070377479206652], [0.003289473684210526, 0.0013611615245009074], [0.003289473684210526, 0.0009110233829334953], [0.02412280701754386, 0.016260162601626018], [0.8912404467960023, 0.9699296225207934], [0.05584950029394474, 0.04310344827586207], [0.007054673721340388, 0.0036440935317339812], [0.04585537918871252, 0.057649667405764965], [0.7736958119030125, 0.9555353901996371], [0.09147685525349009, 0.0756149407834801], [0.13482733284349743, 0.2712490761271249], [0.773690932311622, 0.9198299423018524], [0.22630906768837802, 0.6548410938654841], [0.929510155316607, 1.0], [0.06571087216248507, 0.03782668500687758], [0.0047789725209080045, 0.006756756756756757], [0.8950735764555342, 0.9621733149931224], [0.07549584133077415, 0.059959349593495935], [0.006397952655150352, 0.00322061191626409], [0.023032629558541268, 0.060810810810810814], [0.8393829401088929, 0.9400406504065041], [0.0984573502722323, 0.06988727858293076], [0.06215970961887477, 0.23141891891891891], [0.8739750986941999, 0.9268921095008051], [0.12602490130580019, 0.7010135135135135], [0.9023136246786633, 1.0], [0.06940874035989718, 0.04122137404580153], [0.002570694087403599, 0.0007125044531528322], [0.02570694087403599, 0.02544529262086514], [0.8638239339752407, 0.9587786259541985], [0.08872077028885832, 0.07588235294117647], [0.004814305364511692, 0.0024937655860349127], [0.04264099037138927, 0.07888040712468193], [0.7982723577235772, 0.9241176470588235], [0.11941056910569106, 0.08371927324545779], [0.08231707317073171, 0.20610687022900764], [0.8254428341384863, 0.9130744567153545], [0.17455716586151368, 0.6895674300254453]], "hovertemplate": "<b>%{source.customdata} → %{target.customdata}</b><br>%{value:.0f} patients<br>• %{customdata[0]:.1%} of %{source.customdata}<br>• %{customdata[1]:.1%} of %{target.customdata}<extra></extra>"}, "node": {"label": ["1737 pts", "3621 pts", "7514 pts", "6833 pts", "912 pts", "1701 pts", "2722 pts", "3915 pts", "D in ICU<br>8357 pts", "2098 pts", "837 pts", "1563 pts", "2204 pts", "3293 pts", "1353 pts", "778 pts", "1454 pts", "1968 pts", "3105 pts", "592 pts", "702 pts", "1310 pts", "1700 pts", "2807 pts", "786 pts"], "x": [0.001, 0.001, 0.001, 0.001, 0.2712916666666667, 0.2712916666666667, 0.2712916666666667, 0.2712916666666667, 0.14654166666666668, 0.2712916666666667, 0.4792083333333333, 0.4792083333333333, 0.4792083333333333, 0.4792083333333333, 0.4792083333333333, 0.687125, 0.687125, 0.687125, 0.687125, 0.687125, 0.999, 0.999, 0.999, 0.999, 0.999], "y": [-0.1, 0.125, 0.35, 0.5750000000000001, -0.1, 0.08000000000000002, 0.26, 0.44000000000000006, 0.8, 0.6200000000000001, -0.1, 0.08000000000000002, 0.26, 0.44000000000000006, 0.6200000000000001, -0.1, 0.08000000000000002, 0.26, 0.44000000000000006, 0.6200000000000001, -0.1, 0.08000000000000002, 0.26, 0.44000000000000006, 0.6200000000000001], "color": ["rgba(31.0,119.0,180.0,0.8)", "rgba(44.0,160.0,44.0,0.8)", "rgba(255.0,127.0,14.0,0.8)", "rgba(214.0,39.0,40.0,0.8)", "rgba(31.0,119.0,180.0,0.8)", "rgba(44.0,160.0,44.0,0.8)", "rgba(255.0,127.0,14.0,0.8)", "rgba(214.0,39.0,40.0,0.8)", "rgba(148.0,103.0,189.0,0.8)", "rgba(148.0,103.0,189.0,0.8)", "rgba(31.0,119.0,180.0,0.8)", "rgba(44.0,160.0,44.0,0.8)", "rgba(255.0,127.0,14.0,0.8)", "rgba(214.0,39.0,40.0,0.8)", "rgba(148.0,103.0,189.0,0.8)", "rgba(31.0,119.0,180.0,0.8)", "rgba(44.0,160.0,44.0,0.8)", "rgba(255.0,127.0,14.0,0.8)", "rgba(214.0,39.0,40.0,0.8)", "rgba(148.0,103.0,189.0,0.8)", "rgba(31.0,119.0,180.0,0.8)", "rgba(44.0,160.0,44.0,0.8)", "rgba(255.0,127.0,14.0,0.8)", "rgba(214.0,39.0,40.0,0.8)", "rgba(148.0,103.0,189.0,0.8)"], "pad": 10, "thickness": 40, "customdata": ["CCI: 0 at admission", "CCI: 1-2 at admission", "CCI: 3-4 at admission", "CCI: 5+ at admission", "CCI: 0 at discharge", "CCI: 1-2 at discharge", "CCI: 3-4 at discharge", "CCI: 5+ at discharge", "Death in ICU", "Death at discharge", "CCI: 0 at 6 months", "CCI: 1-2 at 6 months", "CCI: 3-4 at 6 months", "CCI: 5+ at 6 months", "Death at 6 months", "CCI: 0 at 1 year", "CCI: 1-2 at 1 year", "CCI: 3-4 at 1 year", "CCI: 5+ at 1 year", "Death at 1 year", "CCI: 0 at 2 year", "CCI: 1-2 at 2 year", "CCI: 3-4 at 2 year", "CCI: 5+ at 2 year", "Death at 2 year"], "hovertemplate": "%{customdata}<br>%{value:.0f} patients<extra></extra>"}, "loc_map": {"0": {"x": 0.001, "text": "Admission"}, "1": {"x": 0.2712916666666667, "text": "Discharge"}, "180": {"x": 0.4792083333333333, "text": "6 months"}, "365": {"x": 0.687125, "text": "1 year"}, "730": {"x": 0.999, "text": "2 year"}}}