{"link": {"source": [0, 0, 0, 0, 1, 1, 1, 2, 2, 2, 3, 3, 6, 6, 6, 7, 7, 9, 9, 9, 10, 10], "target": [2, 3, 4, 5, 3, 4, 5, 6, 7, 8, 7, 8, 9, 10, 11, 10, 11, 12, 13, 14, 13, 14], "value": [938, 489, 1245, 298, 544, 693, 163, 733, 81, 124, 806, 227, 627, 64, 42, 804, 83, 501, 73, 53, 736, 132], "color": ["rgba(44.0,160.0,44.0,0.2)", "rgba(44.0,160.0,44.0,0.2)", "rgba(44.0,160.0,44.0,0.2)", "rgba(44.0,160.0,44.0,0.2)", "rgba(214.0,39.0,40.0,0.2)", "rgba(214.0,39.0,40.0,0.2)", "rgba(214.0,39.0,40.0,0.2)", "rgba(44.0,160.0,44.0,0.2)", "rgba(44.0,160.0,44.0,0.2)", "rgba(44.0,160.0,44.0,0.2)", "rgba(214.0,39.0,40.0,0.2)", "rgba(214.0,39.0,40.0,0.2)", "rgba(44.0,160.0,44.0,0.2)", "rgba(44.0,160.0,44.0,0.2)", "rgba(44.0,160.0,44.0,0.2)", "rgba(214.0,39.0,40.0,0.2)", "rgba(214.0,39.0,40.0,0.2)", "rgba(44.0,160.0,44.0,0.2)", "rgba(44.0,160.0,44.0,0.2)", "rgba(44.0,160.0,44.0,0.2)", "rgba(214.0,39.0,40.0,0.2)", "rgba(214.0,39.0,40.0,0.2)"], "hovertemplate": "<b>From:</b> %{source.customdata}<br><b>To:</b> %{target.customdata}<br>%{value}<extra></extra>"}, "node": {"label": ["2970 pts", "1400 pts", "938 pts", "1033 pts", "D in ICU<br>1938 pts", "461 pts", "733 pts", "887 pts", "351 pts", "627 pts", "868 pts", "125 pts", "501 pts", "809 pts", "185 pts"], "x": [0.001, 0.001, 0.2712916666666667, 0.2712916666666667, 0.14654166666666668, 0.2712916666666667, 0.4792083333333333, 0.4792083333333333, 0.4792083333333333, 0.687125, 0.687125, 0.687125, 0.999, 0.999, 0.999], "y": [0.001, 0.5, 0.001, 0.33366666666666667, 0.999, 0.6663333333333333, 0.001, 0.33366666666666667, 0.6663333333333333, 0.001, 0.33366666666666667, 0.6663333333333333, 0.001, 0.33366666666666667, 0.6663333333333333], "color": ["rgba(44.0,160.0,44.0,0.5)", "rgba(214.0,39.0,40.0,0.5)", "rgba(44.0,160.0,44.0,0.5)", "rgba(214.0,39.0,40.0,0.5)", "rgba(148.0,103.0,189.0,0.5)", "rgba(148.0,103.0,189.0,0.5)", "rgba(44.0,160.0,44.0,0.5)", "rgba(214.0,39.0,40.0,0.5)", "rgba(148.0,103.0,189.0,0.5)", "rgba(44.0,160.0,44.0,0.5)", "rgba(214.0,39.0,40.0,0.5)", "rgba(148.0,103.0,189.0,0.5)", "rgba(44.0,160.0,44.0,0.5)", "rgba(214.0,39.0,40.0,0.5)", "rgba(148.0,103.0,189.0,0.5)"], "pad": 10, "thickness": 40, "customdata": ["2970 pts CCI score (before admission)", "1400 pts CCI score (before admission)", "938 pts CCI score (hospital discharge)", "1033 pts CCI score (hospital discharge)", "D in ICU<br>1938 pts CCI score (hospital discharge)", "461 pts CCI score (hospital discharge)", "733 pts CCI score (6 months after discharge)", "887 pts CCI score (6 months after discharge)", "351 pts CCI score (6 months after discharge)", "627 pts CCI score (1 year after discharge)", "868 pts CCI score (1 year after discharge)", "125 pts CCI score (1 year after discharge)", "501 pts CCI score (2 years after discharge)", "809 pts CCI score (2 years after discharge)", "185 pts CCI score (2 years after discharge)"], "hovertemplate": "%{customdata} <br> %{value}<extra></extra>"}, "loc_map": {"0": {"x": 0.001, "text": "Before<br>admission"}, "1": {"x": 0.2712916666666667, "text": "Hospital<br>discharge"}, "180": {"x": 0.4792083333333333, "text": "6 months<br>after discharge"}, "365": {"x": 0.687125, "text": "1 year<br>after discharge"}, "730": {"x": 0.999, "text": "2 years<br>after discharge"}}}