{"link": {"source": [0, 0, 0, 0, 0, 1, 1, 1, 1, 2, 2, 2, 3, 3, 3, 3, 4, 4, 4, 5, 5, 8, 8, 8, 8, 9, 9, 9, 10, 10, 12, 12, 12, 12, 13, 13, 13, 14, 14], "target": [3, 4, 5, 6, 7, 4, 5, 6, 7, 5, 6, 7, 8, 9, 10, 11, 9, 10, 11, 10, 11, 12, 13, 14, 15, 13, 14, 15, 14, 15, 16, 17, 18, 19, 17, 18, 19, 18, 19], "value": [763, 222, 51, 502, 65, 152, 26, 151, 30, 109, 151, 31, 695, 40, 5, 23, 324, 24, 26, 153, 33, 624, 54, 4, 13, 312, 30, 22, 166, 16, 545, 47, 4, 28, 295, 41, 30, 179, 21], "color": ["rgba(44.0,160.0,44.0,0.2)", "rgba(44.0,160.0,44.0,0.2)", "rgba(44.0,160.0,44.0,0.2)", "rgba(44.0,160.0,44.0,0.2)", "rgba(44.0,160.0,44.0,0.2)", "rgba(255.0,127.0,14.0,0.2)", "rgba(255.0,127.0,14.0,0.2)", "rgba(255.0,127.0,14.0,0.2)", "rgba(255.0,127.0,14.0,0.2)", "rgba(214.0,39.0,40.0,0.2)", "rgba(214.0,39.0,40.0,0.2)", "rgba(214.0,39.0,40.0,0.2)", "rgba(44.0,160.0,44.0,0.2)", "rgba(44.0,160.0,44.0,0.2)", "rgba(44.0,160.0,44.0,0.2)", "rgba(44.0,160.0,44.0,0.2)", "rgba(255.0,127.0,14.0,0.2)", "rgba(255.0,127.0,14.0,0.2)", "rgba(255.0,127.0,14.0,0.2)", "rgba(214.0,39.0,40.0,0.2)", "rgba(214.0,39.0,40.0,0.2)", "rgba(44.0,160.0,44.0,0.2)", "rgba(44.0,160.0,44.0,0.2)", "rgba(44.0,160.0,44.0,0.2)", "rgba(44.0,160.0,44.0,0.2)", "rgba(255.0,127.0,14.0,0.2)", "rgba(255.0,127.0,14.0,0.2)", "rgba(255.0,127.0,14.0,0.2)", "rgba(214.0,39.0,40.0,0.2)", "rgba(214.0,39.0,40.0,0.2)", "rgba(44.0,160.0,44.0,0.2)", "rgba(44.0,160.0,44.0,0.2)", "rgba(44.0,160.0,44.0,0.2)", "rgba(44.0,160.0,44.0,0.2)", "rgba(255.0,127.0,14.0,0.2)", "rgba(255.0,127.0,14.0,0.2)", "rgba(255.0,127.0,14.0,0.2)", "rgba(214.0,39.0,40.0,0.2)", "rgba(214.0,39.0,40.0,0.2)"], "customdata": [[0.4759825327510917, 1.0], [0.13849033063006863, 0.5935828877005348], [0.031815346225826574, 0.27419354838709675], [0.31316281971303805, 0.6243781094527363], [0.040548970679975045, 0.5158730158730159], [0.4233983286908078, 0.40641711229946526], [0.07242339832869081, 0.13978494623655913], [0.4206128133704735, 0.18781094527363185], [0.08356545961002786, 0.23809523809523808], [0.3745704467353952, 0.5860215053763441], [0.5189003436426117, 0.18781094527363185], [0.10652920962199312, 0.24603174603174602], [0.9108781127129751, 1.0], [0.05242463958060288, 0.10989010989010989], [0.00655307994757536, 0.027472527472527472], [0.03014416775884666, 0.2804878048780488], [0.8663101604278075, 0.8901098901098901], [0.06417112299465241, 0.13186813186813187], [0.06951871657754011, 0.3170731707317073], [0.8225806451612904, 0.8406593406593407], [0.1774193548387097, 0.4024390243902439], [0.897841726618705, 1.0], [0.0776978417266187, 0.14754098360655737], [0.0057553956834532375, 0.02], [0.01870503597122302, 0.2549019607843137], [0.8571428571428571, 0.8524590163934426], [0.08241758241758242, 0.15], [0.06043956043956044, 0.43137254901960786], [0.9120879120879121, 0.83], [0.08791208791208792, 0.3137254901960784], [0.8733974358974359, 1.0], [0.07532051282051282, 0.13742690058479531], [0.00641025641025641, 0.017857142857142856], [0.04487179487179487, 0.35443037974683544], [0.8060109289617486, 0.8625730994152047], [0.11202185792349727, 0.18303571428571427], [0.08196721311475409, 0.379746835443038], [0.895, 0.7991071428571429], [0.105, 0.26582278481012656]], "hovertemplate": "<b>%{source.customdata} → %{target.customdata}</b><br>%{value:.0f} patients<br>• %{customdata[0]:.1%} of %{source.customdata}<br>• %{customdata[1]:.1%} of %{target.customdata}<extra></extra>"}, "node": {"label": ["1603 pts<br>71.1%", "359 pts<br>15.9%", "291 pts<br>12.9%", "763 pts<br>57.7%", "374 pts<br>28.3%", "186 pts<br>14.1%", "D in ICU<br>804 pts", "126 pts", "695 pts<br>56.0%", "364 pts<br>29.3%", "182 pts<br>14.7%", "82 pts", "624 pts<br>52.4%", "366 pts<br>30.8%", "200 pts<br>16.8%", "51 pts", "545 pts<br>49.1%", "342 pts<br>30.8%", "224 pts<br>20.2%", "79 pts"], "x": [0.001, 0.001, 0.001, 0.2712916666666667, 0.2712916666666667, 0.2712916666666667, 0.14654166666666668, 0.2712916666666667, 0.4792083333333333, 0.4792083333333333, 0.4792083333333333, 0.4792083333333333, 0.687125, 0.687125, 0.687125, 0.687125, 0.999, 0.999, 0.999, 0.999], "y": [-0.1, 0.19999999999999998, 0.5, -0.1, 0.125, 0.35, 0.8, 0.5750000000000001, -0.1, 0.125, 0.35, 0.5750000000000001, -0.1, 0.125, 0.35, 0.5750000000000001, -0.1, 0.125, 0.35, 0.5750000000000001], "color": ["rgba(44.0,160.0,44.0,0.8)", "rgba(255.0,127.0,14.0,0.8)", "rgba(214.0,39.0,40.0,0.8)", "rgba(44.0,160.0,44.0,0.8)", "rgba(255.0,127.0,14.0,0.8)", "rgba(214.0,39.0,40.0,0.8)", "rgba(148.0,103.0,189.0,0.8)", "rgba(148.0,103.0,189.0,0.8)", "rgba(44.0,160.0,44.0,0.8)", "rgba(255.0,127.0,14.0,0.8)", "rgba(214.0,39.0,40.0,0.8)", "rgba(148.0,103.0,189.0,0.8)", "rgba(44.0,160.0,44.0,0.8)", "rgba(255.0,127.0,14.0,0.8)", "rgba(214.0,39.0,40.0,0.8)", "rgba(148.0,103.0,189.0,0.8)", "rgba(44.0,160.0,44.0,0.8)", "rgba(255.0,127.0,14.0,0.8)", "rgba(214.0,39.0,40.0,0.8)", "rgba(148.0,103.0,189.0,0.8)"], "pad": 10, "thickness": 40, "customdata": ["CCI: 1-2 at admission", "CCI: 3-4 at admission", "CCI: 5+ at admission", "CCI: 1-2 at discharge", "CCI: 3-4 at discharge", "CCI: 5+ at discharge", "Death in ICU", "Death at discharge", "CCI: 1-2 at 6 months", "CCI: 3-4 at 6 months", "CCI: 5+ at 6 months", "Death at 6 months", "CCI: 1-2 at 1 year", "CCI: 3-4 at 1 year", "CCI: 5+ at 1 year", "Death at 1 year", "CCI: 1-2 at 2 year", "CCI: 3-4 at 2 year", "CCI: 5+ at 2 year", "Death at 2 year"], "hovertemplate": "%{customdata}<br>%{value:.0f} patients<extra></extra>"}, "loc_map": {"0": {"x": 0.001, "text": "Admission"}, "1": {"x": 0.2712916666666667, "text": "Discharge"}, "180": {"x": 0.4792083333333333, "text": "6 months"}, "365": {"x": 0.687125, "text": "1 year"}, "730": {"x": 0.999, "text": "2 year"}}}