{"link": {"source": [0, 0, 0, 0, 1, 1, 1, 2, 2, 2, 3, 3, 6, 6, 6, 7, 7, 9, 9, 9, 10, 10], "target": [2, 3, 4, 5, 3, 4, 5, 6, 7, 8, 7, 8, 9, 10, 11, 10, 11, 12, 13, 14, 13, 14], "value": [1095, 672, 1631, 433, 1028, 1302, 369, 790, 126, 179, 1348, 352, 650, 83, 57, 1290, 184, 492, 104, 54, 1132, 241], "color": ["rgba(255.0,127.0,14.0,0.2)", "rgba(255.0,127.0,14.0,0.2)", "rgba(255.0,127.0,14.0,0.2)", "rgba(255.0,127.0,14.0,0.2)", "rgba(214.0,39.0,40.0,0.2)", "rgba(214.0,39.0,40.0,0.2)", "rgba(214.0,39.0,40.0,0.2)", "rgba(255.0,127.0,14.0,0.2)", "rgba(255.0,127.0,14.0,0.2)", "rgba(255.0,127.0,14.0,0.2)", "rgba(214.0,39.0,40.0,0.2)", "rgba(214.0,39.0,40.0,0.2)", "rgba(255.0,127.0,14.0,0.2)", "rgba(255.0,127.0,14.0,0.2)", "rgba(255.0,127.0,14.0,0.2)", "rgba(214.0,39.0,40.0,0.2)", "rgba(214.0,39.0,40.0,0.2)", "rgba(255.0,127.0,14.0,0.2)", "rgba(255.0,127.0,14.0,0.2)", "rgba(255.0,127.0,14.0,0.2)", "rgba(214.0,39.0,40.0,0.2)", "rgba(214.0,39.0,40.0,0.2)"], "customdata": [[0.28582615505090053, 1.0], [0.1754111198120595, 0.3952941176470588], [0.42573740537718613, 0.5560859188544153], [0.11302531975985382, 0.5399002493765586], [0.38088180807706556, 0.6047058823529412], [0.482400889218229, 0.4439140811455847], [0.13671730270470545, 0.4600997506234414], [0.7214611872146118, 1.0], [0.11506849315068493, 0.08548168249660787], [0.1634703196347032, 0.3370998116760829], [0.7929411764705883, 0.9145183175033921], [0.20705882352941177, 0.6629001883239172], [0.8227848101265823, 1.0], [0.10506329113924051, 0.06045156591405681], [0.07215189873417721, 0.23651452282157676], [0.8751696065128901, 0.9395484340859432], [0.1248303934871099, 0.7634854771784232], [0.7569230769230769, 1.0], [0.16, 0.08414239482200647], [0.08307692307692308, 0.18305084745762712], [0.8244719592134013, 0.9158576051779935], [0.1755280407865987, 0.8169491525423729]], "hovertemplate": "<b>%{source.customdata} → %{target.customdata}</b><br>%{value:.0f} patients<br>• %{customdata[0]:.1%} of %{source.customdata}<br>• %{customdata[1]:.1%} of %{target.customdata}<extra></extra>"}, "node": {"label": ["3831 pts<br>58.7%", "2699 pts<br>41.3%", "1095 pts<br>39.2%", "1700 pts<br>60.8%", "D in ICU<br>2933 pts", "802 pts", "790 pts<br>34.9%", "1474 pts<br>65.1%", "531 pts", "650 pts<br>32.1%", "1373 pts<br>67.9%", "241 pts", "492 pts<br>28.5%", "1236 pts<br>71.5%", "295 pts"], "x": [0.001, 0.001, 0.2712916666666667, 0.2712916666666667, 0.14654166666666668, 0.2712916666666667, 0.4792083333333333, 0.4792083333333333, 0.4792083333333333, 0.687125, 0.687125, 0.687125, 0.999, 0.999, 0.999], "y": [-0.1, 0.35, -0.1, 0.19999999999999998, 0.8, 0.5, -0.1, 0.19999999999999998, 0.5, -0.1, 0.19999999999999998, 0.5, -0.1, 0.19999999999999998, 0.5], "color": ["rgba(255.0,127.0,14.0,0.8)", "rgba(214.0,39.0,40.0,0.8)", "rgba(255.0,127.0,14.0,0.8)", "rgba(214.0,39.0,40.0,0.8)", "rgba(148.0,103.0,189.0,0.8)", "rgba(148.0,103.0,189.0,0.8)", "rgba(255.0,127.0,14.0,0.8)", "rgba(214.0,39.0,40.0,0.8)", "rgba(148.0,103.0,189.0,0.8)", "rgba(255.0,127.0,14.0,0.8)", "rgba(214.0,39.0,40.0,0.8)", "rgba(148.0,103.0,189.0,0.8)", "rgba(255.0,127.0,14.0,0.8)", "rgba(214.0,39.0,40.0,0.8)", "rgba(148.0,103.0,189.0,0.8)"], "pad": 10, "thickness": 40, "customdata": ["CCI: 3-4 at admission", "CCI: 5+ at admission", "CCI: 3-4 at discharge", "CCI: 5+ at discharge", "Death in ICU", "Death at discharge", "CCI: 3-4 at 6 months", "CCI: 5+ at 6 months", "Death at 6 months", "CCI: 3-4 at 1 year", "CCI: 5+ at 1 year", "Death at 1 year", "CCI: 3-4 at 2 year", "CCI: 5+ at 2 year", "Death at 2 year"], "hovertemplate": "%{customdata}<br>%{value:.0f} patients<extra></extra>"}, "loc_map": {"0": {"x": 0.001, "text": "Admission"}, "1": {"x": 0.2712916666666667, "text": "Discharge"}, "180": {"x": 0.4792083333333333, "text": "6 months"}, "365": {"x": 0.687125, "text": "1 year"}, "730": {"x": 0.999, "text": "2 year"}}}