{"link": {"source": [0, 0, 0, 0, 0, 1, 1, 1, 1, 2, 2, 2, 3, 3, 3, 3, 4, 4, 4, 5, 5, 8, 8, 8, 8, 9, 9, 9, 10, 10, 12, 12, 12, 12, 13, 13, 13, 14, 14], "target": [3, 4, 5, 6, 7, 4, 5, 6, 7, 5, 6, 7, 8, 9, 10, 11, 9, 10, 11, 10, 11, 12, 13, 14, 15, 13, 14, 15, 14, 15, 16, 17, 18, 19, 17, 18, 19, 18, 19], "value": [510, 128, 13, 317, 47, 84, 16, 90, 13, 48, 42, 9, 466, 22, 1, 21, 194, 9, 9, 63, 14, 417, 40, 2, 7, 187, 20, 9, 66, 7, 360, 38, 5, 14, 192, 17, 18, 78, 10], "color": ["rgba(44.0,160.0,44.0,0.2)", "rgba(44.0,160.0,44.0,0.2)", "rgba(44.0,160.0,44.0,0.2)", "rgba(44.0,160.0,44.0,0.2)", "rgba(44.0,160.0,44.0,0.2)", "rgba(255.0,127.0,14.0,0.2)", "rgba(255.0,127.0,14.0,0.2)", "rgba(255.0,127.0,14.0,0.2)", "rgba(255.0,127.0,14.0,0.2)", "rgba(214.0,39.0,40.0,0.2)", "rgba(214.0,39.0,40.0,0.2)", "rgba(214.0,39.0,40.0,0.2)", "rgba(44.0,160.0,44.0,0.2)", "rgba(44.0,160.0,44.0,0.2)", "rgba(44.0,160.0,44.0,0.2)", "rgba(44.0,160.0,44.0,0.2)", "rgba(255.0,127.0,14.0,0.2)", "rgba(255.0,127.0,14.0,0.2)", "rgba(255.0,127.0,14.0,0.2)", "rgba(214.0,39.0,40.0,0.2)", "rgba(214.0,39.0,40.0,0.2)", "rgba(44.0,160.0,44.0,0.2)", "rgba(44.0,160.0,44.0,0.2)", "rgba(44.0,160.0,44.0,0.2)", "rgba(44.0,160.0,44.0,0.2)", "rgba(255.0,127.0,14.0,0.2)", "rgba(255.0,127.0,14.0,0.2)", "rgba(255.0,127.0,14.0,0.2)", "rgba(214.0,39.0,40.0,0.2)", "rgba(214.0,39.0,40.0,0.2)", "rgba(44.0,160.0,44.0,0.2)", "rgba(44.0,160.0,44.0,0.2)", "rgba(44.0,160.0,44.0,0.2)", "rgba(44.0,160.0,44.0,0.2)", "rgba(255.0,127.0,14.0,0.2)", "rgba(255.0,127.0,14.0,0.2)", "rgba(255.0,127.0,14.0,0.2)", "rgba(214.0,39.0,40.0,0.2)", "rgba(214.0,39.0,40.0,0.2)"], "customdata": [[0.5024630541871922, 1.0], [0.12610837438423644, 0.6037735849056604], [0.012807881773399015, 0.16883116883116883], [0.31231527093596056, 0.7060133630289532], [0.04630541871921182, 0.6811594202898551], [0.41379310344827586, 0.39622641509433965], [0.07881773399014778, 0.2077922077922078], [0.4433497536945813, 0.20044543429844097], [0.06403940886699508, 0.18840579710144928], [0.48484848484848486, 0.6233766233766234], [0.42424242424242425, 0.0935412026726058], [0.09090909090909091, 0.13043478260869565], [0.9137254901960784, 1.0], [0.043137254901960784, 0.10185185185185185], [0.00196078431372549, 0.0136986301369863], [0.041176470588235294, 0.4772727272727273], [0.9150943396226415, 0.8981481481481481], [0.04245283018867924, 0.1232876712328767], [0.04245283018867924, 0.20454545454545456], [0.8181818181818182, 0.863013698630137], [0.18181818181818182, 0.3181818181818182], [0.8948497854077253, 1.0], [0.08583690987124463, 0.1762114537444934], [0.004291845493562232, 0.022727272727272728], [0.015021459227467811, 0.30434782608695654], [0.8657407407407407, 0.8237885462555066], [0.09259259259259259, 0.22727272727272727], [0.041666666666666664, 0.391304347826087], [0.9041095890410958, 0.75], [0.0958904109589041, 0.30434782608695654], [0.8633093525179856, 1.0], [0.09112709832134293, 0.16521739130434782], [0.011990407673860911, 0.05], [0.03357314148681055, 0.3333333333333333], [0.8458149779735683, 0.8347826086956521], [0.07488986784140969, 0.17], [0.07929515418502203, 0.42857142857142855], [0.8863636363636364, 0.78], [0.11363636363636363, 0.23809523809523808]], "hovertemplate": "<b>%{source.customdata} → %{target.customdata}</b><br>%{value:.0f} patients<br>• %{customdata[0]:.1%} of %{source.customdata}<br>• %{customdata[1]:.1%} of %{target.customdata}<extra></extra>"}, "node": {"label": ["1015 pts<br>77.1%", "203 pts<br>15.4%", "99 pts<br>7.5%", "510 pts<br>63.8%", "212 pts<br>26.5%", "77 pts<br>9.6%", "D in ICU<br>449 pts", "69 pts", "466 pts<br>61.7%", "216 pts<br>28.6%", "73 pts<br>9.7%", "44 pts", "417 pts<br>57.0%", "227 pts<br>31.0%", "88 pts<br>12.0%", "23 pts", "360 pts<br>52.2%", "230 pts<br>33.3%", "100 pts<br>14.5%", "42 pts"], "x": [0.001, 0.001, 0.001, 0.2712916666666667, 0.2712916666666667, 0.2712916666666667, 0.14654166666666668, 0.2712916666666667, 0.4792083333333333, 0.4792083333333333, 0.4792083333333333, 0.4792083333333333, 0.687125, 0.687125, 0.687125, 0.687125, 0.999, 0.999, 0.999, 0.999], "y": [-0.1, 0.19999999999999998, 0.5, -0.1, 0.125, 0.35, 0.8, 0.5750000000000001, -0.1, 0.125, 0.35, 0.5750000000000001, -0.1, 0.125, 0.35, 0.5750000000000001, -0.1, 0.125, 0.35, 0.5750000000000001], "color": ["rgba(44.0,160.0,44.0,0.8)", "rgba(255.0,127.0,14.0,0.8)", "rgba(214.0,39.0,40.0,0.8)", "rgba(44.0,160.0,44.0,0.8)", "rgba(255.0,127.0,14.0,0.8)", "rgba(214.0,39.0,40.0,0.8)", "rgba(148.0,103.0,189.0,0.8)", "rgba(148.0,103.0,189.0,0.8)", "rgba(44.0,160.0,44.0,0.8)", "rgba(255.0,127.0,14.0,0.8)", "rgba(214.0,39.0,40.0,0.8)", "rgba(148.0,103.0,189.0,0.8)", "rgba(44.0,160.0,44.0,0.8)", "rgba(255.0,127.0,14.0,0.8)", "rgba(214.0,39.0,40.0,0.8)", "rgba(148.0,103.0,189.0,0.8)", "rgba(44.0,160.0,44.0,0.8)", "rgba(255.0,127.0,14.0,0.8)", "rgba(214.0,39.0,40.0,0.8)", "rgba(148.0,103.0,189.0,0.8)"], "pad": 10, "thickness": 40, "customdata": ["CCI: 1-2 at admission", "CCI: 3-4 at admission", "CCI: 5+ at admission", "CCI: 1-2 at discharge", "CCI: 3-4 at discharge", "CCI: 5+ at discharge", "Death in ICU", "Death at discharge", "CCI: 1-2 at 6 months", "CCI: 3-4 at 6 months", "CCI: 5+ at 6 months", "Death at 6 months", "CCI: 1-2 at 1 year", "CCI: 3-4 at 1 year", "CCI: 5+ at 1 year", "Death at 1 year", "CCI: 1-2 at 2 year", "CCI: 3-4 at 2 year", "CCI: 5+ at 2 year", "Death at 2 year"], "hovertemplate": "%{customdata}<br>%{value:.0f} patients<extra></extra>"}, "loc_map": {"0": {"x": 0.001, "text": "Admission"}, "1": {"x": 0.2712916666666667, "text": "Discharge"}, "180": {"x": 0.4792083333333333, "text": "6 months"}, "365": {"x": 0.687125, "text": "1 year"}, "730": {"x": 0.999, "text": "2 year"}}}