{"link": {"source": [0, 0, 0, 0, 1, 1, 1, 2, 2, 2, 3, 3, 6, 6, 6, 7, 7, 9, 9, 9, 10, 10], "target": [2, 3, 4, 5, 3, 4, 5, 6, 7, 8, 7, 8, 9, 10, 11, 10, 11, 12, 13, 14, 13, 14], "value": [233, 261, 332, 118, 401, 307, 132, 184, 14, 35, 521, 141, 165, 6, 13, 472, 63, 141, 11, 13, 408, 70], "color": ["rgba(44.0,160.0,44.0,0.2)", "rgba(44.0,160.0,44.0,0.2)", "rgba(44.0,160.0,44.0,0.2)", "rgba(44.0,160.0,44.0,0.2)", "rgba(214.0,39.0,40.0,0.2)", "rgba(214.0,39.0,40.0,0.2)", "rgba(214.0,39.0,40.0,0.2)", "rgba(44.0,160.0,44.0,0.2)", "rgba(44.0,160.0,44.0,0.2)", "rgba(44.0,160.0,44.0,0.2)", "rgba(214.0,39.0,40.0,0.2)", "rgba(214.0,39.0,40.0,0.2)", "rgba(44.0,160.0,44.0,0.2)", "rgba(44.0,160.0,44.0,0.2)", "rgba(44.0,160.0,44.0,0.2)", "rgba(214.0,39.0,40.0,0.2)", "rgba(214.0,39.0,40.0,0.2)", "rgba(44.0,160.0,44.0,0.2)", "rgba(44.0,160.0,44.0,0.2)", "rgba(44.0,160.0,44.0,0.2)", "rgba(214.0,39.0,40.0,0.2)", "rgba(214.0,39.0,40.0,0.2)"], "hovertemplate": "<b>From:</b> %{source.customdata}<br><b>To:</b> %{target.customdata}<br>%{value}<extra></extra>"}, "node": {"label": ["944 pts", "840 pts", "233 pts", "662 pts", "D in ICU<br>639 pts", "250 pts", "184 pts", "535 pts", "176 pts", "165 pts", "478 pts", "76 pts", "141 pts", "419 pts", "83 pts"], "x": [0.001, 0.001, 0.2712916666666667, 0.2712916666666667, 0.14654166666666668, 0.2712916666666667, 0.4792083333333333, 0.4792083333333333, 0.4792083333333333, 0.687125, 0.687125, 0.687125, 0.999, 0.999, 0.999], "y": [0.001, 0.5, 0.001, 0.33366666666666667, 0.999, 0.6663333333333333, 0.001, 0.33366666666666667, 0.6663333333333333, 0.001, 0.33366666666666667, 0.6663333333333333, 0.001, 0.33366666666666667, 0.6663333333333333], "color": ["rgba(44.0,160.0,44.0,0.5)", "rgba(214.0,39.0,40.0,0.5)", "rgba(44.0,160.0,44.0,0.5)", "rgba(214.0,39.0,40.0,0.5)", "rgba(148.0,103.0,189.0,0.5)", "rgba(148.0,103.0,189.0,0.5)", "rgba(44.0,160.0,44.0,0.5)", "rgba(214.0,39.0,40.0,0.5)", "rgba(148.0,103.0,189.0,0.5)", "rgba(44.0,160.0,44.0,0.5)", "rgba(214.0,39.0,40.0,0.5)", "rgba(148.0,103.0,189.0,0.5)", "rgba(44.0,160.0,44.0,0.5)", "rgba(214.0,39.0,40.0,0.5)", "rgba(148.0,103.0,189.0,0.5)"], "pad": 10, "thickness": 40, "customdata": ["CCI: 3-4 at before admission", "CCI: 5+ at before admission", "CCI: 3-4 at hospital discharge", "CCI: 5+ at hospital discharge", "Death in ICU", "Death at hospital discharge", "CCI: 3-4 at 6 months post-discharge", "CCI: 5+ at 6 months post-discharge", "Death at 6 months post-discharge", "CCI: 3-4 at 1 year post-discharge", "CCI: 5+ at 1 year post-discharge", "Death at 1 year post-discharge", "CCI: 3-4 at 2 years post-discharge", "CCI: 5+ at 2 years post-discharge", "Death at 2 years post-discharge"], "hovertemplate": "%{customdata} <br> %{value}<extra></extra>"}, "loc_map": {"0": {"x": 0.001, "text": "Before<br>admission"}, "1": {"x": 0.2712916666666667, "text": "Hospital<br>discharge"}, "180": {"x": 0.4792083333333333, "text": "6 months<br>post-discharge"}, "365": {"x": 0.687125, "text": "1 year<br>post-discharge"}, "730": {"x": 0.999, "text": "2 years<br>post-discharge"}}}