{"link": {"source": [0, 0, 0, 0, 1, 1, 1, 2, 2, 2, 3, 3, 6, 6, 6, 7, 7, 9, 9, 9, 10, 10], "target": [2, 3, 4, 5, 3, 4, 5, 6, 7, 8, 7, 8, 9, 10, 11, 10, 11, 12, 13, 14, 13, 14], "value": [528, 522, 473, 214, 630, 331, 164, 417, 43, 68, 987, 165, 356, 50, 11, 926, 104, 292, 42, 22, 811, 165], "color": ["rgba(44.0,160.0,44.0,0.2)", "rgba(44.0,160.0,44.0,0.2)", "rgba(44.0,160.0,44.0,0.2)", "rgba(44.0,160.0,44.0,0.2)", "rgba(214.0,39.0,40.0,0.2)", "rgba(214.0,39.0,40.0,0.2)", "rgba(214.0,39.0,40.0,0.2)", "rgba(44.0,160.0,44.0,0.2)", "rgba(44.0,160.0,44.0,0.2)", "rgba(44.0,160.0,44.0,0.2)", "rgba(214.0,39.0,40.0,0.2)", "rgba(214.0,39.0,40.0,0.2)", "rgba(44.0,160.0,44.0,0.2)", "rgba(44.0,160.0,44.0,0.2)", "rgba(44.0,160.0,44.0,0.2)", "rgba(214.0,39.0,40.0,0.2)", "rgba(214.0,39.0,40.0,0.2)", "rgba(44.0,160.0,44.0,0.2)", "rgba(44.0,160.0,44.0,0.2)", "rgba(44.0,160.0,44.0,0.2)", "rgba(214.0,39.0,40.0,0.2)", "rgba(214.0,39.0,40.0,0.2)"], "hovertemplate": "<b>From:</b> %{source.customdata}<br><b>To:</b> %{target.customdata}<br>%{value}<extra></extra>"}, "node": {"label": ["1737 pts", "1125 pts", "528 pts", "1152 pts", "D in ICU<br>804 pts", "378 pts", "417 pts", "1030 pts", "233 pts", "356 pts", "976 pts", "115 pts", "292 pts", "853 pts", "187 pts"], "x": [0.001, 0.001, 0.2712916666666667, 0.2712916666666667, 0.14654166666666668, 0.2712916666666667, 0.4792083333333333, 0.4792083333333333, 0.4792083333333333, 0.687125, 0.687125, 0.687125, 0.999, 0.999, 0.999], "y": [0.001, 0.5, 0.001, 0.33366666666666667, 0.999, 0.6663333333333333, 0.001, 0.33366666666666667, 0.6663333333333333, 0.001, 0.33366666666666667, 0.6663333333333333, 0.001, 0.33366666666666667, 0.6663333333333333], "color": ["rgba(44.0,160.0,44.0,0.5)", "rgba(214.0,39.0,40.0,0.5)", "rgba(44.0,160.0,44.0,0.5)", "rgba(214.0,39.0,40.0,0.5)", "rgba(148.0,103.0,189.0,0.5)", "rgba(148.0,103.0,189.0,0.5)", "rgba(44.0,160.0,44.0,0.5)", "rgba(214.0,39.0,40.0,0.5)", "rgba(148.0,103.0,189.0,0.5)", "rgba(44.0,160.0,44.0,0.5)", "rgba(214.0,39.0,40.0,0.5)", "rgba(148.0,103.0,189.0,0.5)", "rgba(44.0,160.0,44.0,0.5)", "rgba(214.0,39.0,40.0,0.5)", "rgba(148.0,103.0,189.0,0.5)"], "pad": 10, "thickness": 40, "customdata": ["1737 pts CCI score (before admission)", "1125 pts CCI score (before admission)", "528 pts CCI score (hospital discharge)", "1152 pts CCI score (hospital discharge)", "D in ICU<br>804 pts CCI score (hospital discharge)", "378 pts CCI score (hospital discharge)", "417 pts CCI score (6 months after discharge)", "1030 pts CCI score (6 months after discharge)", "233 pts CCI score (6 months after discharge)", "356 pts CCI score (1 year after discharge)", "976 pts CCI score (1 year after discharge)", "115 pts CCI score (1 year after discharge)", "292 pts CCI score (2 years after discharge)", "853 pts CCI score (2 years after discharge)", "187 pts CCI score (2 years after discharge)"], "hovertemplate": "%{customdata} <br> %{value}<extra></extra>"}, "loc_map": {"0": {"x": 0.001, "text": "Before<br>admission"}, "1": {"x": 0.2712916666666667, "text": "Hospital<br>discharge"}, "180": {"x": 0.4792083333333333, "text": "6 months<br>after discharge"}, "365": {"x": 0.687125, "text": "1 year<br>after discharge"}, "730": {"x": 0.999, "text": "2 years<br>after discharge"}}}