{"link": {"source": [0, 0, 0, 0, 0, 0, 1, 1, 1, 1, 1, 2, 2, 3, 3, 3, 4, 4, 5, 5, 5, 5, 6, 6, 7, 7, 10, 10, 10, 11, 11, 11, 11, 12, 12, 12, 13, 13, 15, 15, 15, 15, 16, 16, 16, 16, 17, 17, 17, 18, 18], "target": [4, 5, 6, 7, 8, 9, 5, 6, 7, 8, 9, 6, 8, 7, 8, 9, 10, 11, 11, 12, 13, 14, 12, 13, 13, 14, 15, 16, 19, 16, 17, 18, 19, 17, 18, 19, 18, 19, 20, 21, 23, 24, 21, 22, 23, 24, 22, 23, 24, 23, 24], "value": [264, 95, 16, 3, 80, 12, 59, 16, 2, 11, 6, 8, 5, 11, 6, 3, 253, 11, 145, 3, 1, 5, 39, 1, 13, 3, 236, 16, 1, 139, 10, 5, 2, 39, 2, 1, 13, 2, 223, 11, 1, 1, 141, 9, 1, 4, 44, 2, 3, 16, 4], "color": ["rgba(31.0,119.0,180.0,0.2)", "rgba(31.0,119.0,180.0,0.2)", "rgba(31.0,119.0,180.0,0.2)", "rgba(31.0,119.0,180.0,0.2)", "rgba(31.0,119.0,180.0,0.2)", "rgba(31.0,119.0,180.0,0.2)", "rgba(44.0,160.0,44.0,0.2)", "rgba(44.0,160.0,44.0,0.2)", "rgba(44.0,160.0,44.0,0.2)", "rgba(44.0,160.0,44.0,0.2)", "rgba(44.0,160.0,44.0,0.2)", "rgba(255.0,127.0,14.0,0.2)", "rgba(255.0,127.0,14.0,0.2)", "rgba(214.0,39.0,40.0,0.2)", "rgba(214.0,39.0,40.0,0.2)", "rgba(214.0,39.0,40.0,0.2)", "rgba(31.0,119.0,180.0,0.2)", "rgba(31.0,119.0,180.0,0.2)", "rgba(44.0,160.0,44.0,0.2)", "rgba(44.0,160.0,44.0,0.2)", "rgba(44.0,160.0,44.0,0.2)", "rgba(44.0,160.0,44.0,0.2)", "rgba(255.0,127.0,14.0,0.2)", "rgba(255.0,127.0,14.0,0.2)", "rgba(214.0,39.0,40.0,0.2)", "rgba(214.0,39.0,40.0,0.2)", "rgba(31.0,119.0,180.0,0.2)", "rgba(31.0,119.0,180.0,0.2)", "rgba(31.0,119.0,180.0,0.2)", "rgba(44.0,160.0,44.0,0.2)", "rgba(44.0,160.0,44.0,0.2)", "rgba(44.0,160.0,44.0,0.2)", "rgba(44.0,160.0,44.0,0.2)", "rgba(255.0,127.0,14.0,0.2)", "rgba(255.0,127.0,14.0,0.2)", "rgba(255.0,127.0,14.0,0.2)", "rgba(214.0,39.0,40.0,0.2)", "rgba(214.0,39.0,40.0,0.2)", "rgba(31.0,119.0,180.0,0.2)", "rgba(31.0,119.0,180.0,0.2)", "rgba(31.0,119.0,180.0,0.2)", "rgba(31.0,119.0,180.0,0.2)", "rgba(44.0,160.0,44.0,0.2)", "rgba(44.0,160.0,44.0,0.2)", "rgba(44.0,160.0,44.0,0.2)", "rgba(44.0,160.0,44.0,0.2)", "rgba(255.0,127.0,14.0,0.2)", "rgba(255.0,127.0,14.0,0.2)", "rgba(255.0,127.0,14.0,0.2)", "rgba(214.0,39.0,40.0,0.2)", "rgba(214.0,39.0,40.0,0.2)"], "customdata": [[0.5617021276595745, 1.0], [0.20212765957446807, 0.6168831168831169], [0.03404255319148936, 0.4], [0.006382978723404255, 0.1875], [0.1702127659574468, 0.7843137254901961], [0.02553191489361702, 0.5714285714285714], [0.6276595744680851, 0.38311688311688313], [0.1702127659574468, 0.4], [0.02127659574468085, 0.125], [0.11702127659574468, 0.10784313725490197], [0.06382978723404255, 0.2857142857142857], [0.6153846153846154, 0.2], [0.38461538461538464, 0.049019607843137254], [0.55, 0.6875], [0.3, 0.058823529411764705], [0.15, 0.14285714285714285], [0.9583333333333334, 1.0], [0.041666666666666664, 0.07051282051282051], [0.9415584415584416, 0.9294871794871795], [0.01948051948051948, 0.07142857142857142], [0.006493506493506494, 0.06666666666666667], [0.032467532467532464, 0.625], [0.975, 0.9285714285714286], [0.025, 0.06666666666666667], [0.8125, 0.8666666666666667], [0.1875, 0.375], [0.932806324110672, 1.0], [0.06324110671936758, 0.1032258064516129], [0.003952569169960474, 0.16666666666666666], [0.8910256410256411, 0.896774193548387], [0.0641025641025641, 0.20408163265306123], [0.03205128205128205, 0.25], [0.01282051282051282, 0.3333333333333333], [0.9285714285714286, 0.7959183673469388], [0.047619047619047616, 0.1], [0.023809523809523808, 0.16666666666666666], [0.8666666666666667, 0.65], [0.13333333333333333, 0.3333333333333333], [0.9449152542372882, 1.0], [0.046610169491525424, 0.07236842105263158], [0.00423728813559322, 0.05], [0.00423728813559322, 0.08333333333333333], [0.9096774193548387, 0.9276315789473685], [0.05806451612903226, 0.16981132075471697], [0.0064516129032258064, 0.05], [0.025806451612903226, 0.3333333333333333], [0.8979591836734694, 0.8301886792452831], [0.04081632653061224, 0.1], [0.061224489795918366, 0.25], [0.8, 0.8], [0.2, 0.3333333333333333]], "hovertemplate": "<b>%{source.customdata} → %{target.customdata}</b><br>%{value:.0f} patients<br>• %{customdata[0]:.1%} of %{source.customdata}<br>• %{customdata[1]:.1%} of %{target.customdata}<extra></extra>"}, "node": {"label": ["470 pts<br>78.7%", "94 pts<br>15.7%", "13 pts<br>2.2%", "20 pts<br>3.4%", "264 pts<br>55.7%", "154 pts<br>32.5%", "40 pts<br>8.4%", "16 pts<br>3.4%", "D in ICU<br>102 pts", "21 pts", "253 pts<br>54.3%", "156 pts<br>33.5%", "42 pts<br>9.0%", "15 pts<br>3.2%", "8 pts", "236 pts<br>51.3%", "155 pts<br>33.7%", "49 pts<br>10.7%", "20 pts<br>4.3%", "6 pts", "223 pts<br>49.8%", "152 pts<br>33.9%", "53 pts<br>11.8%", "20 pts<br>4.5%", "12 pts"], "x": [0.001, 0.001, 0.001, 0.001, 0.2712916666666667, 0.2712916666666667, 0.2712916666666667, 0.2712916666666667, 0.14654166666666668, 0.2712916666666667, 0.4792083333333333, 0.4792083333333333, 0.4792083333333333, 0.4792083333333333, 0.4792083333333333, 0.687125, 0.687125, 0.687125, 0.687125, 0.687125, 0.999, 0.999, 0.999, 0.999, 0.999], "y": [-0.1, 0.125, 0.35, 0.5750000000000001, -0.1, 0.08000000000000002, 0.26, 0.44000000000000006, 0.8, 0.6200000000000001, -0.1, 0.08000000000000002, 0.26, 0.44000000000000006, 0.6200000000000001, -0.1, 0.08000000000000002, 0.26, 0.44000000000000006, 0.6200000000000001, -0.1, 0.08000000000000002, 0.26, 0.44000000000000006, 0.6200000000000001], "color": ["rgba(31.0,119.0,180.0,0.8)", "rgba(44.0,160.0,44.0,0.8)", "rgba(255.0,127.0,14.0,0.8)", "rgba(214.0,39.0,40.0,0.8)", "rgba(31.0,119.0,180.0,0.8)", "rgba(44.0,160.0,44.0,0.8)", "rgba(255.0,127.0,14.0,0.8)", "rgba(214.0,39.0,40.0,0.8)", "rgba(148.0,103.0,189.0,0.8)", "rgba(148.0,103.0,189.0,0.8)", "rgba(31.0,119.0,180.0,0.8)", "rgba(44.0,160.0,44.0,0.8)", "rgba(255.0,127.0,14.0,0.8)", "rgba(214.0,39.0,40.0,0.8)", "rgba(148.0,103.0,189.0,0.8)", "rgba(31.0,119.0,180.0,0.8)", "rgba(44.0,160.0,44.0,0.8)", "rgba(255.0,127.0,14.0,0.8)", "rgba(214.0,39.0,40.0,0.8)", "rgba(148.0,103.0,189.0,0.8)", "rgba(31.0,119.0,180.0,0.8)", "rgba(44.0,160.0,44.0,0.8)", "rgba(255.0,127.0,14.0,0.8)", "rgba(214.0,39.0,40.0,0.8)", "rgba(148.0,103.0,189.0,0.8)"], "pad": 10, "thickness": 40, "customdata": ["CCI: 0 at admission", "CCI: 1-2 at admission", "CCI: 3-4 at admission", "CCI: 5+ at admission", "CCI: 0 at discharge", "CCI: 1-2 at discharge", "CCI: 3-4 at discharge", "CCI: 5+ at discharge", "Death in ICU", "Death at discharge", "CCI: 0 at 6 months", "CCI: 1-2 at 6 months", "CCI: 3-4 at 6 months", "CCI: 5+ at 6 months", "Death at 6 months", "CCI: 0 at 1 year", "CCI: 1-2 at 1 year", "CCI: 3-4 at 1 year", "CCI: 5+ at 1 year", "Death at 1 year", "CCI: 0 at 2 year", "CCI: 1-2 at 2 year", "CCI: 3-4 at 2 year", "CCI: 5+ at 2 year", "Death at 2 year"], "hovertemplate": "%{customdata}<br>%{value:.0f} patients<extra></extra>"}, "loc_map": {"0": {"x": 0.001, "text": "Admission"}, "1": {"x": 0.2712916666666667, "text": "Discharge"}, "180": {"x": 0.4792083333333333, "text": "6 months"}, "365": {"x": 0.687125, "text": "1 year"}, "730": {"x": 0.999, "text": "2 year"}}}