{"link": {"source": [0, 0, 0, 0, 0, 0, 1, 1, 1, 1, 1, 2, 2, 2, 2, 3, 3, 3, 4, 4, 4, 4, 4, 5, 5, 5, 5, 6, 6, 6, 7, 7, 10, 10, 10, 11, 11, 11, 11, 12, 12, 12, 13, 13, 15, 15, 15, 15, 16, 16, 16, 16, 17, 17, 17, 18, 18], "target": [4, 5, 6, 7, 8, 9, 5, 6, 7, 8, 9, 6, 7, 8, 9, 7, 8, 9, 10, 11, 12, 13, 14, 11, 12, 13, 14, 12, 13, 14, 13, 14, 15, 16, 19, 16, 17, 18, 19, 17, 18, 19, 18, 19, 20, 21, 22, 24, 21, 22, 23, 24, 22, 23, 24, 23, 24], "value": [310, 281, 68, 33, 189, 40, 200, 63, 11, 83, 24, 47, 10, 28, 6, 65, 24, 16, 280, 22, 1, 1, 6, 440, 16, 8, 17, 155, 9, 14, 102, 17, 267, 9, 4, 434, 14, 5, 9, 151, 12, 9, 100, 20, 249, 13, 2, 3, 402, 17, 6, 18, 146, 9, 10, 100, 17], "color": ["rgba(31.0,119.0,180.0,0.2)", "rgba(31.0,119.0,180.0,0.2)", "rgba(31.0,119.0,180.0,0.2)", "rgba(31.0,119.0,180.0,0.2)", "rgba(31.0,119.0,180.0,0.2)", "rgba(31.0,119.0,180.0,0.2)", "rgba(44.0,160.0,44.0,0.2)", "rgba(44.0,160.0,44.0,0.2)", "rgba(44.0,160.0,44.0,0.2)", "rgba(44.0,160.0,44.0,0.2)", "rgba(44.0,160.0,44.0,0.2)", "rgba(255.0,127.0,14.0,0.2)", "rgba(255.0,127.0,14.0,0.2)", "rgba(255.0,127.0,14.0,0.2)", "rgba(255.0,127.0,14.0,0.2)", "rgba(214.0,39.0,40.0,0.2)", "rgba(214.0,39.0,40.0,0.2)", "rgba(214.0,39.0,40.0,0.2)", "rgba(31.0,119.0,180.0,0.2)", "rgba(31.0,119.0,180.0,0.2)", "rgba(31.0,119.0,180.0,0.2)", "rgba(31.0,119.0,180.0,0.2)", "rgba(31.0,119.0,180.0,0.2)", "rgba(44.0,160.0,44.0,0.2)", "rgba(44.0,160.0,44.0,0.2)", "rgba(44.0,160.0,44.0,0.2)", "rgba(44.0,160.0,44.0,0.2)", "rgba(255.0,127.0,14.0,0.2)", "rgba(255.0,127.0,14.0,0.2)", "rgba(255.0,127.0,14.0,0.2)", "rgba(214.0,39.0,40.0,0.2)", "rgba(214.0,39.0,40.0,0.2)", "rgba(31.0,119.0,180.0,0.2)", "rgba(31.0,119.0,180.0,0.2)", "rgba(31.0,119.0,180.0,0.2)", "rgba(44.0,160.0,44.0,0.2)", "rgba(44.0,160.0,44.0,0.2)", "rgba(44.0,160.0,44.0,0.2)", "rgba(44.0,160.0,44.0,0.2)", "rgba(255.0,127.0,14.0,0.2)", "rgba(255.0,127.0,14.0,0.2)", "rgba(255.0,127.0,14.0,0.2)", "rgba(214.0,39.0,40.0,0.2)", "rgba(214.0,39.0,40.0,0.2)", "rgba(31.0,119.0,180.0,0.2)", "rgba(31.0,119.0,180.0,0.2)", "rgba(31.0,119.0,180.0,0.2)", "rgba(31.0,119.0,180.0,0.2)", "rgba(44.0,160.0,44.0,0.2)", "rgba(44.0,160.0,44.0,0.2)", "rgba(44.0,160.0,44.0,0.2)", "rgba(44.0,160.0,44.0,0.2)", "rgba(255.0,127.0,14.0,0.2)", "rgba(255.0,127.0,14.0,0.2)", "rgba(255.0,127.0,14.0,0.2)", "rgba(214.0,39.0,40.0,0.2)", "rgba(214.0,39.0,40.0,0.2)"], "customdata": [[0.33659066232356133, 1.0], [0.30510314875135724, 0.5841995841995842], [0.0738327904451683, 0.38202247191011235], [0.035830618892508145, 0.2773109243697479], [0.20521172638436483, 0.5833333333333334], [0.04343105320304017, 0.46511627906976744], [0.5249343832020997, 0.4158004158004158], [0.16535433070866143, 0.3539325842696629], [0.028871391076115485, 0.09243697478991597], [0.2178477690288714, 0.25617283950617287], [0.06299212598425197, 0.27906976744186046], [0.5164835164835165, 0.2640449438202247], [0.10989010989010989, 0.08403361344537816], [0.3076923076923077, 0.08641975308641975], [0.06593406593406594, 0.06976744186046512], [0.6190476190476191, 0.5462184873949579], [0.22857142857142856, 0.07407407407407407], [0.1523809523809524, 0.18604651162790697], [0.9032258064516129, 1.0], [0.07096774193548387, 0.047619047619047616], [0.0032258064516129032, 0.005813953488372093], [0.0032258064516129032, 0.008333333333333333], [0.01935483870967742, 0.1111111111111111], [0.9147609147609148, 0.9523809523809523], [0.033264033264033266, 0.09302325581395349], [0.016632016632016633, 0.06666666666666667], [0.035343035343035345, 0.3148148148148148], [0.8707865168539326, 0.9011627906976745], [0.05056179775280899, 0.075], [0.07865168539325842, 0.25925925925925924], [0.8571428571428571, 0.85], [0.14285714285714285, 0.3148148148148148], [0.9535714285714286, 1.0], [0.03214285714285714, 0.020316027088036117], [0.014285714285714285, 0.09523809523809523], [0.9393939393939394, 0.9796839729119639], [0.030303030303030304, 0.08484848484848485], [0.010822510822510822, 0.042735042735042736], [0.01948051948051948, 0.21428571428571427], [0.877906976744186, 0.9151515151515152], [0.06976744186046512, 0.10256410256410256], [0.05232558139534884, 0.21428571428571427], [0.8333333333333334, 0.8547008547008547], [0.16666666666666666, 0.47619047619047616], [0.9325842696629213, 1.0], [0.04868913857677903, 0.03132530120481928], [0.00749063670411985, 0.012121212121212121], [0.011235955056179775, 0.0625], [0.90744920993228, 0.9686746987951808], [0.03837471783295711, 0.10303030303030303], [0.013544018058690745, 0.05217391304347826], [0.040632054176072234, 0.375], [0.8848484848484849, 0.8848484848484849], [0.05454545454545454, 0.0782608695652174], [0.06060606060606061, 0.20833333333333334], [0.8547008547008547, 0.8695652173913043], [0.1452991452991453, 0.3541666666666667]], "hovertemplate": "<b>%{source.customdata} → %{target.customdata}</b><br>%{value:.0f} patients<br>• %{customdata[0]:.1%} of %{source.customdata}<br>• %{customdata[1]:.1%} of %{target.customdata}<extra></extra>"}, "node": {"label": ["921 pts<br>61.5%", "381 pts<br>25.4%", "91 pts<br>6.1%", "105 pts<br>7.0%", "310 pts<br>28.5%", "481 pts<br>44.2%", "178 pts<br>16.4%", "119 pts<br>10.9%", "D in ICU<br>324 pts", "86 pts", "280 pts<br>27.1%", "462 pts<br>44.7%", "172 pts<br>16.6%", "120 pts<br>11.6%", "54 pts", "267 pts<br>26.9%", "443 pts<br>44.7%", "165 pts<br>16.6%", "117 pts<br>11.8%", "42 pts", "249 pts<br>26.4%", "415 pts<br>44.0%", "165 pts<br>17.5%", "115 pts<br>12.2%", "48 pts"], "x": [0.001, 0.001, 0.001, 0.001, 0.2712916666666667, 0.2712916666666667, 0.2712916666666667, 0.2712916666666667, 0.14654166666666668, 0.2712916666666667, 0.4792083333333333, 0.4792083333333333, 0.4792083333333333, 0.4792083333333333, 0.4792083333333333, 0.687125, 0.687125, 0.687125, 0.687125, 0.687125, 0.999, 0.999, 0.999, 0.999, 0.999], "y": [-0.1, 0.125, 0.35, 0.5750000000000001, -0.1, 0.08000000000000002, 0.26, 0.44000000000000006, 0.8, 0.6200000000000001, -0.1, 0.08000000000000002, 0.26, 0.44000000000000006, 0.6200000000000001, -0.1, 0.08000000000000002, 0.26, 0.44000000000000006, 0.6200000000000001, -0.1, 0.08000000000000002, 0.26, 0.44000000000000006, 0.6200000000000001], "color": ["rgba(31.0,119.0,180.0,0.8)", "rgba(44.0,160.0,44.0,0.8)", "rgba(255.0,127.0,14.0,0.8)", "rgba(214.0,39.0,40.0,0.8)", "rgba(31.0,119.0,180.0,0.8)", "rgba(44.0,160.0,44.0,0.8)", "rgba(255.0,127.0,14.0,0.8)", "rgba(214.0,39.0,40.0,0.8)", "rgba(148.0,103.0,189.0,0.8)", "rgba(148.0,103.0,189.0,0.8)", "rgba(31.0,119.0,180.0,0.8)", "rgba(44.0,160.0,44.0,0.8)", "rgba(255.0,127.0,14.0,0.8)", "rgba(214.0,39.0,40.0,0.8)", "rgba(148.0,103.0,189.0,0.8)", "rgba(31.0,119.0,180.0,0.8)", "rgba(44.0,160.0,44.0,0.8)", "rgba(255.0,127.0,14.0,0.8)", "rgba(214.0,39.0,40.0,0.8)", "rgba(148.0,103.0,189.0,0.8)", "rgba(31.0,119.0,180.0,0.8)", "rgba(44.0,160.0,44.0,0.8)", "rgba(255.0,127.0,14.0,0.8)", "rgba(214.0,39.0,40.0,0.8)", "rgba(148.0,103.0,189.0,0.8)"], "pad": 10, "thickness": 40, "customdata": ["CCI: 0 at admission", "CCI: 1-2 at admission", "CCI: 3-4 at admission", "CCI: 5+ at admission", "CCI: 0 at discharge", "CCI: 1-2 at discharge", "CCI: 3-4 at discharge", "CCI: 5+ at discharge", "Death in ICU", "Death at discharge", "CCI: 0 at 6 months", "CCI: 1-2 at 6 months", "CCI: 3-4 at 6 months", "CCI: 5+ at 6 months", "Death at 6 months", "CCI: 0 at 1 year", "CCI: 1-2 at 1 year", "CCI: 3-4 at 1 year", "CCI: 5+ at 1 year", "Death at 1 year", "CCI: 0 at 2 year", "CCI: 1-2 at 2 year", "CCI: 3-4 at 2 year", "CCI: 5+ at 2 year", "Death at 2 year"], "hovertemplate": "%{customdata}<br>%{value:.0f} patients<extra></extra>"}, "loc_map": {"0": {"x": 0.001, "text": "Admission"}, "1": {"x": 0.2712916666666667, "text": "Discharge"}, "180": {"x": 0.4792083333333333, "text": "6 months"}, "365": {"x": 0.687125, "text": "1 year"}, "730": {"x": 0.999, "text": "2 year"}}}