{"link": {"source": [0, 0, 0, 0, 0, 0, 1, 1, 1, 1, 1, 2, 2, 2, 2, 3, 3, 3, 4, 4, 4, 4, 5, 5, 5, 5, 6, 6, 6, 7, 7, 10, 10, 10, 11, 11, 11, 11, 12, 12, 12, 13, 13, 15, 15, 15, 15, 16, 16, 16, 16, 17, 17, 17, 18, 18], "target": [4, 5, 6, 7, 8, 9, 5, 6, 7, 8, 9, 6, 7, 8, 9, 7, 8, 9, 10, 11, 12, 14, 11, 12, 13, 14, 12, 13, 14, 13, 14, 15, 16, 19, 16, 17, 18, 19, 17, 18, 19, 18, 19, 20, 21, 22, 24, 21, 22, 23, 24, 22, 23, 24, 23, 24], "value": [199, 295, 64, 26, 171, 59, 293, 169, 38, 149, 53, 103, 38, 46, 27, 89, 39, 14, 174, 14, 1, 10, 510, 29, 8, 41, 275, 21, 40, 154, 37, 166, 6, 2, 479, 24, 3, 18, 264, 18, 23, 155, 28, 145, 15, 2, 4, 434, 20, 7, 24, 247, 14, 27, 140, 36], "color": ["rgba(31.0,119.0,180.0,0.2)", "rgba(31.0,119.0,180.0,0.2)", "rgba(31.0,119.0,180.0,0.2)", "rgba(31.0,119.0,180.0,0.2)", "rgba(31.0,119.0,180.0,0.2)", "rgba(31.0,119.0,180.0,0.2)", "rgba(44.0,160.0,44.0,0.2)", "rgba(44.0,160.0,44.0,0.2)", "rgba(44.0,160.0,44.0,0.2)", "rgba(44.0,160.0,44.0,0.2)", "rgba(44.0,160.0,44.0,0.2)", "rgba(255.0,127.0,14.0,0.2)", "rgba(255.0,127.0,14.0,0.2)", "rgba(255.0,127.0,14.0,0.2)", "rgba(255.0,127.0,14.0,0.2)", "rgba(214.0,39.0,40.0,0.2)", "rgba(214.0,39.0,40.0,0.2)", "rgba(214.0,39.0,40.0,0.2)", "rgba(31.0,119.0,180.0,0.2)", "rgba(31.0,119.0,180.0,0.2)", "rgba(31.0,119.0,180.0,0.2)", "rgba(31.0,119.0,180.0,0.2)", "rgba(44.0,160.0,44.0,0.2)", "rgba(44.0,160.0,44.0,0.2)", "rgba(44.0,160.0,44.0,0.2)", "rgba(44.0,160.0,44.0,0.2)", "rgba(255.0,127.0,14.0,0.2)", "rgba(255.0,127.0,14.0,0.2)", "rgba(255.0,127.0,14.0,0.2)", "rgba(214.0,39.0,40.0,0.2)", "rgba(214.0,39.0,40.0,0.2)", "rgba(31.0,119.0,180.0,0.2)", "rgba(31.0,119.0,180.0,0.2)", "rgba(31.0,119.0,180.0,0.2)", "rgba(44.0,160.0,44.0,0.2)", "rgba(44.0,160.0,44.0,0.2)", "rgba(44.0,160.0,44.0,0.2)", "rgba(44.0,160.0,44.0,0.2)", "rgba(255.0,127.0,14.0,0.2)", "rgba(255.0,127.0,14.0,0.2)", "rgba(255.0,127.0,14.0,0.2)", "rgba(214.0,39.0,40.0,0.2)", "rgba(214.0,39.0,40.0,0.2)", "rgba(31.0,119.0,180.0,0.2)", "rgba(31.0,119.0,180.0,0.2)", "rgba(31.0,119.0,180.0,0.2)", "rgba(31.0,119.0,180.0,0.2)", "rgba(44.0,160.0,44.0,0.2)", "rgba(44.0,160.0,44.0,0.2)", "rgba(44.0,160.0,44.0,0.2)", "rgba(44.0,160.0,44.0,0.2)", "rgba(255.0,127.0,14.0,0.2)", "rgba(255.0,127.0,14.0,0.2)", "rgba(255.0,127.0,14.0,0.2)", "rgba(214.0,39.0,40.0,0.2)", "rgba(214.0,39.0,40.0,0.2)"], "customdata": [[0.24447174447174447, 1.0], [0.36240786240786244, 0.5017006802721088], [0.07862407862407862, 0.19047619047619047], [0.03194103194103194, 0.13612565445026178], [0.21007371007371006, 0.4222222222222222], [0.07248157248157248, 0.38562091503267976], [0.41737891737891736, 0.49829931972789115], [0.24074074074074073, 0.5029761904761905], [0.05413105413105413, 0.19895287958115182], [0.21225071225071226, 0.36790123456790125], [0.0754985754985755, 0.3464052287581699], [0.48130841121495327, 0.30654761904761907], [0.17757009345794392, 0.19895287958115182], [0.21495327102803738, 0.11358024691358025], [0.1261682242990654, 0.17647058823529413], [0.6267605633802817, 0.46596858638743455], [0.2746478873239437, 0.0962962962962963], [0.09859154929577464, 0.0915032679738562], [0.8743718592964824, 1.0], [0.07035175879396985, 0.026717557251908396], [0.005025125628140704, 0.003278688524590164], [0.05025125628140704, 0.078125], [0.8673469387755102, 0.9732824427480916], [0.04931972789115646, 0.09508196721311475], [0.013605442176870748, 0.04371584699453552], [0.06972789115646258, 0.3203125], [0.8184523809523809, 0.9016393442622951], [0.0625, 0.11475409836065574], [0.11904761904761904, 0.3125], [0.806282722513089, 0.8415300546448088], [0.193717277486911, 0.2890625], [0.9540229885057471, 1.0], [0.034482758620689655, 0.012371134020618556], [0.011494252873563218, 0.028169014084507043], [0.9141221374045801, 0.9876288659793815], [0.04580152671755725, 0.08333333333333333], [0.0057251908396946565, 0.017045454545454544], [0.03435114503816794, 0.2535211267605634], [0.8655737704918033, 0.9166666666666666], [0.05901639344262295, 0.10227272727272728], [0.07540983606557378, 0.323943661971831], [0.8469945355191257, 0.8806818181818182], [0.15300546448087432, 0.39436619718309857], [0.8734939759036144, 1.0], [0.09036144578313253, 0.0334075723830735], [0.012048192771084338, 0.007434944237918215], [0.024096385542168676, 0.04395604395604396], [0.8948453608247423, 0.9665924276169265], [0.041237113402061855, 0.07434944237918216], [0.01443298969072165, 0.043478260869565216], [0.049484536082474224, 0.26373626373626374], [0.8576388888888888, 0.9182156133828996], [0.04861111111111111, 0.08695652173913043], [0.09375, 0.2967032967032967], [0.7954545454545454, 0.8695652173913043], [0.20454545454545456, 0.3956043956043956]], "hovertemplate": "<b>%{source.customdata} → %{target.customdata}</b><br>%{value:.0f} patients<br>• %{customdata[0]:.1%} of %{source.customdata}<br>• %{customdata[1]:.1%} of %{target.customdata}<extra></extra>"}, "node": {"label": ["814 pts", "702 pts", "214 pts", "142 pts", "199 pts", "588 pts", "336 pts", "191 pts", "D in ICU<br>405 pts", "153 pts", "174 pts", "524 pts", "305 pts", "183 pts", "128 pts", "166 pts", "485 pts", "288 pts", "176 pts", "71 pts", "145 pts", "449 pts", "269 pts", "161 pts", "91 pts"], "x": [0.001, 0.001, 0.001, 0.001, 0.2712916666666667, 0.2712916666666667, 0.2712916666666667, 0.2712916666666667, 0.14654166666666668, 0.2712916666666667, 0.4792083333333333, 0.4792083333333333, 0.4792083333333333, 0.4792083333333333, 0.4792083333333333, 0.687125, 0.687125, 0.687125, 0.687125, 0.687125, 0.999, 0.999, 0.999, 0.999, 0.999], "y": [-0.1, 0.125, 0.35, 0.5750000000000001, -0.1, 0.08000000000000002, 0.26, 0.44000000000000006, 0.8, 0.6200000000000001, -0.1, 0.08000000000000002, 0.26, 0.44000000000000006, 0.6200000000000001, -0.1, 0.08000000000000002, 0.26, 0.44000000000000006, 0.6200000000000001, -0.1, 0.08000000000000002, 0.26, 0.44000000000000006, 0.6200000000000001], "color": ["rgba(31.0,119.0,180.0,0.8)", "rgba(44.0,160.0,44.0,0.8)", "rgba(255.0,127.0,14.0,0.8)", "rgba(214.0,39.0,40.0,0.8)", "rgba(31.0,119.0,180.0,0.8)", "rgba(44.0,160.0,44.0,0.8)", "rgba(255.0,127.0,14.0,0.8)", "rgba(214.0,39.0,40.0,0.8)", "rgba(148.0,103.0,189.0,0.8)", "rgba(148.0,103.0,189.0,0.8)", "rgba(31.0,119.0,180.0,0.8)", "rgba(44.0,160.0,44.0,0.8)", "rgba(255.0,127.0,14.0,0.8)", "rgba(214.0,39.0,40.0,0.8)", "rgba(148.0,103.0,189.0,0.8)", "rgba(31.0,119.0,180.0,0.8)", "rgba(44.0,160.0,44.0,0.8)", "rgba(255.0,127.0,14.0,0.8)", "rgba(214.0,39.0,40.0,0.8)", "rgba(148.0,103.0,189.0,0.8)", "rgba(31.0,119.0,180.0,0.8)", "rgba(44.0,160.0,44.0,0.8)", "rgba(255.0,127.0,14.0,0.8)", "rgba(214.0,39.0,40.0,0.8)", "rgba(148.0,103.0,189.0,0.8)"], "pad": 10, "thickness": 40, "customdata": ["CCI: 0 at admission", "CCI: 1-2 at admission", "CCI: 3-4 at admission", "CCI: 5+ at admission", "CCI: 0 at discharge", "CCI: 1-2 at discharge", "CCI: 3-4 at discharge", "CCI: 5+ at discharge", "Death in ICU", "Death at discharge", "CCI: 0 at 6 months", "CCI: 1-2 at 6 months", "CCI: 3-4 at 6 months", "CCI: 5+ at 6 months", "Death at 6 months", "CCI: 0 at 1 year", "CCI: 1-2 at 1 year", "CCI: 3-4 at 1 year", "CCI: 5+ at 1 year", "Death at 1 year", "CCI: 0 at 2 year", "CCI: 1-2 at 2 year", "CCI: 3-4 at 2 year", "CCI: 5+ at 2 year", "Death at 2 year"], "hovertemplate": "%{customdata}<br>%{value:.0f} patients<extra></extra>"}, "loc_map": {"0": {"x": 0.001, "text": "Admission"}, "1": {"x": 0.2712916666666667, "text": "Discharge"}, "180": {"x": 0.4792083333333333, "text": "6 months"}, "365": {"x": 0.687125, "text": "1 year"}, "730": {"x": 0.999, "text": "2 year"}}}