{"link": {"source": [0, 0, 0, 0, 1, 1, 1, 2, 2, 2, 3, 3, 6, 6, 6, 7, 7, 9, 9, 9, 10, 10], "target": [2, 3, 4, 5, 3, 4, 5, 6, 7, 8, 7, 8, 9, 10, 11, 10, 11, 12, 13, 14, 13, 14], "value": [506, 350, 318, 122, 281, 165, 63, 446, 26, 34, 540, 91, 391, 41, 14, 521, 45, 336, 40, 15, 492, 70], "color": ["rgba(44.0,160.0,44.0,0.2)", "rgba(44.0,160.0,44.0,0.2)", "rgba(44.0,160.0,44.0,0.2)", "rgba(44.0,160.0,44.0,0.2)", "rgba(214.0,39.0,40.0,0.2)", "rgba(214.0,39.0,40.0,0.2)", "rgba(214.0,39.0,40.0,0.2)", "rgba(44.0,160.0,44.0,0.2)", "rgba(44.0,160.0,44.0,0.2)", "rgba(44.0,160.0,44.0,0.2)", "rgba(214.0,39.0,40.0,0.2)", "rgba(214.0,39.0,40.0,0.2)", "rgba(44.0,160.0,44.0,0.2)", "rgba(44.0,160.0,44.0,0.2)", "rgba(44.0,160.0,44.0,0.2)", "rgba(214.0,39.0,40.0,0.2)", "rgba(214.0,39.0,40.0,0.2)", "rgba(44.0,160.0,44.0,0.2)", "rgba(44.0,160.0,44.0,0.2)", "rgba(44.0,160.0,44.0,0.2)", "rgba(214.0,39.0,40.0,0.2)", "rgba(214.0,39.0,40.0,0.2)"], "hovertemplate": "<b>From:</b> %{source.customdata}<br><b>To:</b> %{target.customdata}<br>%{value}<extra></extra>"}, "node": {"label": ["1296 pts", "509 pts", "506 pts", "631 pts", "D in ICU<br>483 pts", "185 pts", "446 pts", "566 pts", "125 pts", "391 pts", "562 pts", "59 pts", "336 pts", "532 pts", "85 pts"], "x": [0.001, 0.001, 0.2712916666666667, 0.2712916666666667, 0.14654166666666668, 0.2712916666666667, 0.4792083333333333, 0.4792083333333333, 0.4792083333333333, 0.687125, 0.687125, 0.687125, 0.999, 0.999, 0.999], "y": [-0.1, 0.35, -0.1, 0.19999999999999998, 0.8, 0.5, -0.1, 0.19999999999999998, 0.5, -0.1, 0.19999999999999998, 0.5, -0.1, 0.19999999999999998, 0.5], "color": ["rgba(44.0,160.0,44.0,0.5)", "rgba(214.0,39.0,40.0,0.5)", "rgba(44.0,160.0,44.0,0.5)", "rgba(214.0,39.0,40.0,0.5)", "rgba(148.0,103.0,189.0,0.5)", "rgba(148.0,103.0,189.0,0.5)", "rgba(44.0,160.0,44.0,0.5)", "rgba(214.0,39.0,40.0,0.5)", "rgba(148.0,103.0,189.0,0.5)", "rgba(44.0,160.0,44.0,0.5)", "rgba(214.0,39.0,40.0,0.5)", "rgba(148.0,103.0,189.0,0.5)", "rgba(44.0,160.0,44.0,0.5)", "rgba(214.0,39.0,40.0,0.5)", "rgba(148.0,103.0,189.0,0.5)"], "pad": 10, "thickness": 40, "customdata": ["CCI: 3-4 at admission", "CCI: 5+ at admission", "CCI: 3-4 at discharge", "CCI: 5+ at discharge", "Death in ICU", "Death at discharge", "CCI: 3-4 at 6 months", "CCI: 5+ at 6 months", "Death at 6 months", "CCI: 3-4 at 1 year", "CCI: 5+ at 1 year", "Death at 1 year", "CCI: 3-4 at 2 year", "CCI: 5+ at 2 year", "Death at 2 year"], "hovertemplate": "%{customdata} <br> %{value}<extra></extra>"}, "loc_map": {"0": {"x": 0.001, "text": "Admission"}, "1": {"x": 0.2712916666666667, "text": "Discharge"}, "180": {"x": 0.4792083333333333, "text": "6 months"}, "365": {"x": 0.687125, "text": "1 year"}, "730": {"x": 0.999, "text": "2 year"}}}