{"link": {"source": [0, 0, 0, 0, 0, 0, 1, 1, 1, 1, 1, 2, 2, 2, 2, 3, 3, 3, 4, 4, 4, 4, 5, 5, 5, 5, 6, 6, 6, 7, 7, 10, 10, 10, 11, 11, 11, 11, 12, 12, 12, 13, 13, 15, 15, 15, 15, 16, 16, 16, 16, 17, 17, 17, 18, 18], "target": [4, 5, 6, 7, 8, 9, 5, 6, 7, 8, 9, 6, 7, 8, 9, 7, 8, 9, 10, 11, 12, 14, 11, 12, 13, 14, 12, 13, 14, 13, 14, 15, 16, 19, 16, 17, 18, 19, 17, 18, 19, 18, 19, 20, 21, 22, 24, 21, 22, 23, 24, 22, 23, 24, 23, 24], "value": [350, 456, 101, 44, 276, 89, 445, 213, 46, 221, 69, 141, 46, 70, 38, 125, 57, 21, 310, 25, 1, 14, 780, 41, 15, 65, 377, 28, 50, 206, 55, 297, 8, 5, 737, 35, 6, 27, 367, 22, 30, 214, 35, 268, 20, 3, 6, 660, 32, 10, 43, 347, 21, 34, 192, 50], "color": ["rgba(31.0,119.0,180.0,0.2)", "rgba(31.0,119.0,180.0,0.2)", "rgba(31.0,119.0,180.0,0.2)", "rgba(31.0,119.0,180.0,0.2)", "rgba(31.0,119.0,180.0,0.2)", "rgba(31.0,119.0,180.0,0.2)", "rgba(44.0,160.0,44.0,0.2)", "rgba(44.0,160.0,44.0,0.2)", "rgba(44.0,160.0,44.0,0.2)", "rgba(44.0,160.0,44.0,0.2)", "rgba(44.0,160.0,44.0,0.2)", "rgba(255.0,127.0,14.0,0.2)", "rgba(255.0,127.0,14.0,0.2)", "rgba(255.0,127.0,14.0,0.2)", "rgba(255.0,127.0,14.0,0.2)", "rgba(214.0,39.0,40.0,0.2)", "rgba(214.0,39.0,40.0,0.2)", "rgba(214.0,39.0,40.0,0.2)", "rgba(31.0,119.0,180.0,0.2)", "rgba(31.0,119.0,180.0,0.2)", "rgba(31.0,119.0,180.0,0.2)", "rgba(31.0,119.0,180.0,0.2)", "rgba(44.0,160.0,44.0,0.2)", "rgba(44.0,160.0,44.0,0.2)", "rgba(44.0,160.0,44.0,0.2)", "rgba(44.0,160.0,44.0,0.2)", "rgba(255.0,127.0,14.0,0.2)", "rgba(255.0,127.0,14.0,0.2)", "rgba(255.0,127.0,14.0,0.2)", "rgba(214.0,39.0,40.0,0.2)", "rgba(214.0,39.0,40.0,0.2)", "rgba(31.0,119.0,180.0,0.2)", "rgba(31.0,119.0,180.0,0.2)", "rgba(31.0,119.0,180.0,0.2)", "rgba(44.0,160.0,44.0,0.2)", "rgba(44.0,160.0,44.0,0.2)", "rgba(44.0,160.0,44.0,0.2)", "rgba(44.0,160.0,44.0,0.2)", "rgba(255.0,127.0,14.0,0.2)", "rgba(255.0,127.0,14.0,0.2)", "rgba(255.0,127.0,14.0,0.2)", "rgba(214.0,39.0,40.0,0.2)", "rgba(214.0,39.0,40.0,0.2)", "rgba(31.0,119.0,180.0,0.2)", "rgba(31.0,119.0,180.0,0.2)", "rgba(31.0,119.0,180.0,0.2)", "rgba(31.0,119.0,180.0,0.2)", "rgba(44.0,160.0,44.0,0.2)", "rgba(44.0,160.0,44.0,0.2)", "rgba(44.0,160.0,44.0,0.2)", "rgba(44.0,160.0,44.0,0.2)", "rgba(255.0,127.0,14.0,0.2)", "rgba(255.0,127.0,14.0,0.2)", "rgba(255.0,127.0,14.0,0.2)", "rgba(214.0,39.0,40.0,0.2)", "rgba(214.0,39.0,40.0,0.2)"], "customdata": [[0.26595744680851063, 1.0], [0.3465045592705167, 0.5061043285238623], [0.07674772036474165, 0.22197802197802197], [0.03343465045592705, 0.1685823754789272], [0.20972644376899696, 0.4423076923076923], [0.067629179331307, 0.41013824884792627], [0.4476861167002012, 0.4938956714761376], [0.21428571428571427, 0.46813186813186813], [0.04627766599597585, 0.17624521072796934], [0.22233400402414488, 0.3541666666666667], [0.06941649899396378, 0.31797235023041476], [0.47796610169491527, 0.3098901098901099], [0.15593220338983052, 0.17624521072796934], [0.23728813559322035, 0.11217948717948718], [0.1288135593220339, 0.17511520737327188], [0.6157635467980296, 0.4789272030651341], [0.28078817733990147, 0.09134615384615384], [0.10344827586206896, 0.0967741935483871], [0.8857142857142857, 1.0], [0.07142857142857142, 0.031055900621118012], [0.002857142857142857, 0.002386634844868735], [0.04, 0.07608695652173914], [0.8657047724750278, 0.968944099378882], [0.04550499445061043, 0.09785202863961814], [0.016648168701442843, 0.060240963855421686], [0.07214206437291898, 0.3532608695652174], [0.8285714285714286, 0.8997613365155132], [0.06153846153846154, 0.11244979919678715], [0.10989010989010989, 0.2717391304347826], [0.789272030651341, 0.8273092369477911], [0.210727969348659, 0.29891304347826086], [0.9580645161290322, 1.0], [0.025806451612903226, 0.010738255033557046], [0.016129032258064516, 0.05154639175257732], [0.915527950310559, 0.9892617449664429], [0.043478260869565216, 0.08706467661691543], [0.007453416149068323, 0.024793388429752067], [0.03354037267080745, 0.27835051546391754], [0.8758949880668258, 0.9129353233830846], [0.05250596658711217, 0.09090909090909091], [0.07159904534606205, 0.30927835051546393], [0.8594377510040161, 0.8842975206611571], [0.14056224899598393, 0.36082474226804123], [0.9023569023569024, 1.0], [0.06734006734006734, 0.029411764705882353], [0.010101010101010102, 0.007853403141361256], [0.020202020202020204, 0.045112781954887216], [0.8859060402684564, 0.9705882352941176], [0.042953020134228186, 0.08376963350785341], [0.013422818791946308, 0.04484304932735426], [0.05771812080536913, 0.3233082706766917], [0.8631840796019901, 0.9083769633507853], [0.05223880597014925, 0.09417040358744394], [0.0845771144278607, 0.2556390977443609], [0.7933884297520661, 0.8609865470852018], [0.2066115702479339, 0.37593984962406013]], "hovertemplate": "<b>%{source.customdata} → %{target.customdata}</b><br>%{value:.0f} patients<br>• %{customdata[0]:.1%} of %{source.customdata}<br>• %{customdata[1]:.1%} of %{target.customdata}<extra></extra>"}, "node": {"label": ["1316 pts", "994 pts", "295 pts", "203 pts", "350 pts", "901 pts", "455 pts", "261 pts", "D in ICU<br>624 pts", "217 pts", "310 pts", "805 pts", "419 pts", "249 pts", "184 pts", "297 pts", "745 pts", "402 pts", "242 pts", "97 pts", "268 pts", "680 pts", "382 pts", "223 pts", "133 pts"], "x": [0.001, 0.001, 0.001, 0.001, 0.2712916666666667, 0.2712916666666667, 0.2712916666666667, 0.2712916666666667, 0.14654166666666668, 0.2712916666666667, 0.4792083333333333, 0.4792083333333333, 0.4792083333333333, 0.4792083333333333, 0.4792083333333333, 0.687125, 0.687125, 0.687125, 0.687125, 0.687125, 0.999, 0.999, 0.999, 0.999, 0.999], "y": [-0.1, 0.125, 0.35, 0.5750000000000001, -0.1, 0.08000000000000002, 0.26, 0.44000000000000006, 0.8, 0.6200000000000001, -0.1, 0.08000000000000002, 0.26, 0.44000000000000006, 0.6200000000000001, -0.1, 0.08000000000000002, 0.26, 0.44000000000000006, 0.6200000000000001, -0.1, 0.08000000000000002, 0.26, 0.44000000000000006, 0.6200000000000001], "color": ["rgba(31.0,119.0,180.0,0.8)", "rgba(44.0,160.0,44.0,0.8)", "rgba(255.0,127.0,14.0,0.8)", "rgba(214.0,39.0,40.0,0.8)", "rgba(31.0,119.0,180.0,0.8)", "rgba(44.0,160.0,44.0,0.8)", "rgba(255.0,127.0,14.0,0.8)", "rgba(214.0,39.0,40.0,0.8)", "rgba(148.0,103.0,189.0,0.8)", "rgba(148.0,103.0,189.0,0.8)", "rgba(31.0,119.0,180.0,0.8)", "rgba(44.0,160.0,44.0,0.8)", "rgba(255.0,127.0,14.0,0.8)", "rgba(214.0,39.0,40.0,0.8)", "rgba(148.0,103.0,189.0,0.8)", "rgba(31.0,119.0,180.0,0.8)", "rgba(44.0,160.0,44.0,0.8)", "rgba(255.0,127.0,14.0,0.8)", "rgba(214.0,39.0,40.0,0.8)", "rgba(148.0,103.0,189.0,0.8)", "rgba(31.0,119.0,180.0,0.8)", "rgba(44.0,160.0,44.0,0.8)", "rgba(255.0,127.0,14.0,0.8)", "rgba(214.0,39.0,40.0,0.8)", "rgba(148.0,103.0,189.0,0.8)"], "pad": 10, "thickness": 40, "customdata": ["CCI: 0 at admission", "CCI: 1-2 at admission", "CCI: 3-4 at admission", "CCI: 5+ at admission", "CCI: 0 at discharge", "CCI: 1-2 at discharge", "CCI: 3-4 at discharge", "CCI: 5+ at discharge", "Death in ICU", "Death at discharge", "CCI: 0 at 6 months", "CCI: 1-2 at 6 months", "CCI: 3-4 at 6 months", "CCI: 5+ at 6 months", "Death at 6 months", "CCI: 0 at 1 year", "CCI: 1-2 at 1 year", "CCI: 3-4 at 1 year", "CCI: 5+ at 1 year", "Death at 1 year", "CCI: 0 at 2 year", "CCI: 1-2 at 2 year", "CCI: 3-4 at 2 year", "CCI: 5+ at 2 year", "Death at 2 year"], "hovertemplate": "%{customdata}<br>%{value:.0f} patients<extra></extra>"}, "loc_map": {"0": {"x": 0.001, "text": "Admission"}, "1": {"x": 0.2712916666666667, "text": "Discharge"}, "180": {"x": 0.4792083333333333, "text": "6 months"}, "365": {"x": 0.687125, "text": "1 year"}, "730": {"x": 0.999, "text": "2 year"}}}