{"link": {"source": [0, 0, 0, 0, 0, 1, 1, 1, 1, 2, 2, 2, 3, 3, 3, 4, 4, 4, 5, 5, 8, 8, 8, 8, 9, 9, 9, 10, 10, 12, 12, 12, 12, 13, 13, 13, 14, 14], "target": [3, 4, 5, 6, 7, 4, 5, 6, 7, 5, 6, 7, 8, 9, 11, 9, 10, 11, 10, 11, 12, 13, 14, 15, 13, 14, 15, 14, 15, 16, 17, 18, 19, 17, 18, 19, 18, 19], "value": [300, 168, 43, 143, 32, 67, 31, 44, 12, 52, 25, 9, 278, 10, 12, 204, 15, 16, 114, 12, 244, 27, 2, 5, 194, 12, 8, 117, 12, 215, 25, 1, 3, 185, 21, 15, 115, 16], "color": ["rgba(44.0,160.0,44.0,0.2)", "rgba(44.0,160.0,44.0,0.2)", "rgba(44.0,160.0,44.0,0.2)", "rgba(44.0,160.0,44.0,0.2)", "rgba(44.0,160.0,44.0,0.2)", "rgba(255.0,127.0,14.0,0.2)", "rgba(255.0,127.0,14.0,0.2)", "rgba(255.0,127.0,14.0,0.2)", "rgba(255.0,127.0,14.0,0.2)", "rgba(214.0,39.0,40.0,0.2)", "rgba(214.0,39.0,40.0,0.2)", "rgba(214.0,39.0,40.0,0.2)", "rgba(44.0,160.0,44.0,0.2)", "rgba(44.0,160.0,44.0,0.2)", "rgba(44.0,160.0,44.0,0.2)", "rgba(255.0,127.0,14.0,0.2)", "rgba(255.0,127.0,14.0,0.2)", "rgba(255.0,127.0,14.0,0.2)", "rgba(214.0,39.0,40.0,0.2)", "rgba(214.0,39.0,40.0,0.2)", "rgba(44.0,160.0,44.0,0.2)", "rgba(44.0,160.0,44.0,0.2)", "rgba(44.0,160.0,44.0,0.2)", "rgba(44.0,160.0,44.0,0.2)", "rgba(255.0,127.0,14.0,0.2)", "rgba(255.0,127.0,14.0,0.2)", "rgba(255.0,127.0,14.0,0.2)", "rgba(214.0,39.0,40.0,0.2)", "rgba(214.0,39.0,40.0,0.2)", "rgba(44.0,160.0,44.0,0.2)", "rgba(44.0,160.0,44.0,0.2)", "rgba(44.0,160.0,44.0,0.2)", "rgba(44.0,160.0,44.0,0.2)", "rgba(255.0,127.0,14.0,0.2)", "rgba(255.0,127.0,14.0,0.2)", "rgba(255.0,127.0,14.0,0.2)", "rgba(214.0,39.0,40.0,0.2)", "rgba(214.0,39.0,40.0,0.2)"], "customdata": [[0.43731778425655976, 1.0], [0.24489795918367346, 0.7148936170212766], [0.06268221574344024, 0.3412698412698413], [0.20845481049562684, 0.6745283018867925], [0.04664723032069971, 0.6037735849056604], [0.43506493506493504, 0.2851063829787234], [0.2012987012987013, 0.24603174603174602], [0.2857142857142857, 0.20754716981132076], [0.07792207792207792, 0.22641509433962265], [0.6046511627906976, 0.4126984126984127], [0.29069767441860467, 0.1179245283018868], [0.10465116279069768, 0.16981132075471697], [0.9266666666666666, 1.0], [0.03333333333333333, 0.04672897196261682], [0.04, 0.3], [0.8680851063829788, 0.9532710280373832], [0.06382978723404255, 0.11627906976744186], [0.06808510638297872, 0.4], [0.9047619047619048, 0.8837209302325582], [0.09523809523809523, 0.3], [0.8776978417266187, 1.0], [0.09712230215827339, 0.12217194570135746], [0.007194244604316547, 0.015267175572519083], [0.017985611510791366, 0.2], [0.9065420560747663, 0.8778280542986425], [0.056074766355140186, 0.0916030534351145], [0.037383177570093455, 0.32], [0.9069767441860465, 0.8931297709923665], [0.09302325581395349, 0.48], [0.8811475409836066, 1.0], [0.10245901639344263, 0.11904761904761904], [0.004098360655737705, 0.0072992700729927005], [0.012295081967213115, 0.08823529411764706], [0.8371040723981901, 0.8809523809523809], [0.09502262443438914, 0.15328467153284672], [0.06787330316742081, 0.4411764705882353], [0.8778625954198473, 0.8394160583941606], [0.12213740458015267, 0.47058823529411764]], "hovertemplate": "<b>%{source.customdata} → %{target.customdata}</b><br>%{value:.0f} patients<br>• %{customdata[0]:.1%} of %{source.customdata}<br>• %{customdata[1]:.1%} of %{target.customdata}<extra></extra>"}, "node": {"label": ["686 pts", "154 pts", "86 pts", "300 pts", "235 pts", "126 pts", "D in ICU<br>212 pts", "53 pts", "278 pts", "214 pts", "129 pts", "40 pts", "244 pts", "221 pts", "131 pts", "25 pts", "215 pts", "210 pts", "137 pts", "34 pts"], "x": [0.001, 0.001, 0.001, 0.2712916666666667, 0.2712916666666667, 0.2712916666666667, 0.14654166666666668, 0.2712916666666667, 0.4792083333333333, 0.4792083333333333, 0.4792083333333333, 0.4792083333333333, 0.687125, 0.687125, 0.687125, 0.687125, 0.999, 0.999, 0.999, 0.999], "y": [-0.1, 0.19999999999999998, 0.5, -0.1, 0.125, 0.35, 0.8, 0.5750000000000001, -0.1, 0.125, 0.35, 0.5750000000000001, -0.1, 0.125, 0.35, 0.5750000000000001, -0.1, 0.125, 0.35, 0.5750000000000001], "color": ["rgba(44.0,160.0,44.0,0.8)", "rgba(255.0,127.0,14.0,0.8)", "rgba(214.0,39.0,40.0,0.8)", "rgba(44.0,160.0,44.0,0.8)", "rgba(255.0,127.0,14.0,0.8)", "rgba(214.0,39.0,40.0,0.8)", "rgba(148.0,103.0,189.0,0.8)", "rgba(148.0,103.0,189.0,0.8)", "rgba(44.0,160.0,44.0,0.8)", "rgba(255.0,127.0,14.0,0.8)", "rgba(214.0,39.0,40.0,0.8)", "rgba(148.0,103.0,189.0,0.8)", "rgba(44.0,160.0,44.0,0.8)", "rgba(255.0,127.0,14.0,0.8)", "rgba(214.0,39.0,40.0,0.8)", "rgba(148.0,103.0,189.0,0.8)", "rgba(44.0,160.0,44.0,0.8)", "rgba(255.0,127.0,14.0,0.8)", "rgba(214.0,39.0,40.0,0.8)", "rgba(148.0,103.0,189.0,0.8)"], "pad": 10, "thickness": 40, "customdata": ["CCI: 1-2 at admission", "CCI: 3-4 at admission", "CCI: 5+ at admission", "CCI: 1-2 at discharge", "CCI: 3-4 at discharge", "CCI: 5+ at discharge", "Death in ICU", "Death at discharge", "CCI: 1-2 at 6 months", "CCI: 3-4 at 6 months", "CCI: 5+ at 6 months", "Death at 6 months", "CCI: 1-2 at 1 year", "CCI: 3-4 at 1 year", "CCI: 5+ at 1 year", "Death at 1 year", "CCI: 1-2 at 2 year", "CCI: 3-4 at 2 year", "CCI: 5+ at 2 year", "Death at 2 year"], "hovertemplate": "%{customdata}<br>%{value:.0f} patients<extra></extra>"}, "loc_map": {"0": {"x": 0.001, "text": "Admission"}, "1": {"x": 0.2712916666666667, "text": "Discharge"}, "180": {"x": 0.4792083333333333, "text": "6 months"}, "365": {"x": 0.687125, "text": "1 year"}, "730": {"x": 0.999, "text": "2 year"}}}