{"link": {"source": [0, 0, 0, 0, 0, 0, 1, 1, 1, 1, 1, 2, 2, 2, 3, 3, 3, 4, 4, 4, 4, 4, 5, 5, 5, 5, 6, 6, 6, 7, 7, 10, 10, 10, 11, 11, 11, 11, 12, 12, 12, 13, 13, 15, 15, 15, 15, 15, 16, 16, 16, 16, 17, 17, 17, 18, 18], "target": [4, 5, 6, 7, 8, 9, 5, 6, 7, 8, 9, 6, 7, 8, 7, 8, 9, 10, 11, 12, 13, 14, 11, 12, 13, 14, 12, 13, 14, 13, 14, 15, 16, 19, 16, 17, 18, 19, 17, 18, 19, 18, 19, 20, 21, 22, 23, 24, 21, 22, 23, 24, 22, 23, 24, 23, 24], "value": [656, 249, 62, 13, 188, 28, 131, 31, 4, 38, 10, 27, 1, 12, 28, 19, 5, 627, 24, 1, 1, 3, 360, 9, 1, 10, 109, 5, 6, 39, 7, 615, 10, 2, 361, 10, 7, 6, 112, 1, 6, 41, 5, 594, 13, 1, 2, 5, 347, 14, 3, 7, 113, 2, 7, 43, 6], "color": ["rgba(31.0,119.0,180.0,0.2)", "rgba(31.0,119.0,180.0,0.2)", "rgba(31.0,119.0,180.0,0.2)", "rgba(31.0,119.0,180.0,0.2)", "rgba(31.0,119.0,180.0,0.2)", "rgba(31.0,119.0,180.0,0.2)", "rgba(44.0,160.0,44.0,0.2)", "rgba(44.0,160.0,44.0,0.2)", "rgba(44.0,160.0,44.0,0.2)", "rgba(44.0,160.0,44.0,0.2)", "rgba(44.0,160.0,44.0,0.2)", "rgba(255.0,127.0,14.0,0.2)", "rgba(255.0,127.0,14.0,0.2)", "rgba(255.0,127.0,14.0,0.2)", "rgba(214.0,39.0,40.0,0.2)", "rgba(214.0,39.0,40.0,0.2)", "rgba(214.0,39.0,40.0,0.2)", "rgba(31.0,119.0,180.0,0.2)", "rgba(31.0,119.0,180.0,0.2)", "rgba(31.0,119.0,180.0,0.2)", "rgba(31.0,119.0,180.0,0.2)", "rgba(31.0,119.0,180.0,0.2)", "rgba(44.0,160.0,44.0,0.2)", "rgba(44.0,160.0,44.0,0.2)", "rgba(44.0,160.0,44.0,0.2)", "rgba(44.0,160.0,44.0,0.2)", "rgba(255.0,127.0,14.0,0.2)", "rgba(255.0,127.0,14.0,0.2)", "rgba(255.0,127.0,14.0,0.2)", "rgba(214.0,39.0,40.0,0.2)", "rgba(214.0,39.0,40.0,0.2)", "rgba(31.0,119.0,180.0,0.2)", "rgba(31.0,119.0,180.0,0.2)", "rgba(31.0,119.0,180.0,0.2)", "rgba(44.0,160.0,44.0,0.2)", "rgba(44.0,160.0,44.0,0.2)", "rgba(44.0,160.0,44.0,0.2)", "rgba(44.0,160.0,44.0,0.2)", "rgba(255.0,127.0,14.0,0.2)", "rgba(255.0,127.0,14.0,0.2)", "rgba(255.0,127.0,14.0,0.2)", "rgba(214.0,39.0,40.0,0.2)", "rgba(214.0,39.0,40.0,0.2)", "rgba(31.0,119.0,180.0,0.2)", "rgba(31.0,119.0,180.0,0.2)", "rgba(31.0,119.0,180.0,0.2)", "rgba(31.0,119.0,180.0,0.2)", "rgba(31.0,119.0,180.0,0.2)", "rgba(44.0,160.0,44.0,0.2)", "rgba(44.0,160.0,44.0,0.2)", "rgba(44.0,160.0,44.0,0.2)", "rgba(44.0,160.0,44.0,0.2)", "rgba(255.0,127.0,14.0,0.2)", "rgba(255.0,127.0,14.0,0.2)", "rgba(255.0,127.0,14.0,0.2)", "rgba(214.0,39.0,40.0,0.2)", "rgba(214.0,39.0,40.0,0.2)"], "customdata": [[0.5484949832775919, 1.0], [0.20819397993311037, 0.6552631578947369], [0.051839464882943144, 0.5166666666666667], [0.010869565217391304, 0.2826086956521739], [0.15719063545150502, 0.7315175097276264], [0.023411371237458192, 0.6511627906976745], [0.6121495327102804, 0.3447368421052632], [0.14485981308411214, 0.25833333333333336], [0.018691588785046728, 0.08695652173913043], [0.17757009345794392, 0.14785992217898833], [0.04672897196261682, 0.23255813953488372], [0.675, 0.225], [0.025, 0.021739130434782608], [0.3, 0.04669260700389105], [0.5384615384615384, 0.6086956521739131], [0.36538461538461536, 0.07392996108949416], [0.09615384615384616, 0.11627906976744186], [0.9557926829268293, 1.0], [0.036585365853658534, 0.0625], [0.001524390243902439, 0.008403361344537815], [0.001524390243902439, 0.021739130434782608], [0.004573170731707317, 0.11538461538461539], [0.9473684210526315, 0.9375], [0.02368421052631579, 0.07563025210084033], [0.002631578947368421, 0.021739130434782608], [0.02631578947368421, 0.38461538461538464], [0.9083333333333333, 0.9159663865546218], [0.041666666666666664, 0.10869565217391304], [0.05, 0.23076923076923078], [0.8478260869565217, 0.8478260869565217], [0.15217391304347827, 0.2692307692307692], [0.9808612440191388, 1.0], [0.01594896331738437, 0.026954177897574125], [0.003189792663476874, 0.10526315789473684], [0.9401041666666666, 0.9730458221024259], [0.026041666666666668, 0.08196721311475409], [0.018229166666666668, 0.14285714285714285], [0.015625, 0.3157894736842105], [0.9411764705882353, 0.9180327868852459], [0.008403361344537815, 0.02040816326530612], [0.05042016806722689, 0.3157894736842105], [0.8913043478260869, 0.8367346938775511], [0.10869565217391304, 0.2631578947368421], [0.9658536585365853, 1.0], [0.02113821138211382, 0.03611111111111111], [0.0016260162601626016, 0.0078125], [0.0032520325203252032, 0.04], [0.008130081300813009, 0.2], [0.9353099730458221, 0.9638888888888889], [0.03773584905660377, 0.109375], [0.008086253369272238, 0.06], [0.018867924528301886, 0.28], [0.9262295081967213, 0.8828125], [0.01639344262295082, 0.04], [0.05737704918032787, 0.28], [0.8775510204081632, 0.86], [0.12244897959183673, 0.24]], "hovertemplate": "<b>%{source.customdata} → %{target.customdata}</b><br>%{value:.0f} patients<br>• %{customdata[0]:.1%} of %{source.customdata}<br>• %{customdata[1]:.1%} of %{target.customdata}<extra></extra>"}, "node": {"label": ["1196 pts", "214 pts", "40 pts", "52 pts", "656 pts", "380 pts", "120 pts", "46 pts", "D in ICU<br>257 pts", "43 pts", "627 pts", "384 pts", "119 pts", "46 pts", "26 pts", "615 pts", "371 pts", "122 pts", "49 pts", "19 pts", "594 pts", "360 pts", "128 pts", "50 pts", "25 pts"], "x": [0.001, 0.001, 0.001, 0.001, 0.2712916666666667, 0.2712916666666667, 0.2712916666666667, 0.2712916666666667, 0.14654166666666668, 0.2712916666666667, 0.4792083333333333, 0.4792083333333333, 0.4792083333333333, 0.4792083333333333, 0.4792083333333333, 0.687125, 0.687125, 0.687125, 0.687125, 0.687125, 0.999, 0.999, 0.999, 0.999, 0.999], "y": [-0.1, 0.125, 0.35, 0.5750000000000001, -0.1, 0.08000000000000002, 0.26, 0.44000000000000006, 0.8, 0.6200000000000001, -0.1, 0.08000000000000002, 0.26, 0.44000000000000006, 0.6200000000000001, -0.1, 0.08000000000000002, 0.26, 0.44000000000000006, 0.6200000000000001, -0.1, 0.08000000000000002, 0.26, 0.44000000000000006, 0.6200000000000001], "color": ["rgba(31.0,119.0,180.0,0.8)", "rgba(44.0,160.0,44.0,0.8)", "rgba(255.0,127.0,14.0,0.8)", "rgba(214.0,39.0,40.0,0.8)", "rgba(31.0,119.0,180.0,0.8)", "rgba(44.0,160.0,44.0,0.8)", "rgba(255.0,127.0,14.0,0.8)", "rgba(214.0,39.0,40.0,0.8)", "rgba(148.0,103.0,189.0,0.8)", "rgba(148.0,103.0,189.0,0.8)", "rgba(31.0,119.0,180.0,0.8)", "rgba(44.0,160.0,44.0,0.8)", "rgba(255.0,127.0,14.0,0.8)", "rgba(214.0,39.0,40.0,0.8)", "rgba(148.0,103.0,189.0,0.8)", "rgba(31.0,119.0,180.0,0.8)", "rgba(44.0,160.0,44.0,0.8)", "rgba(255.0,127.0,14.0,0.8)", "rgba(214.0,39.0,40.0,0.8)", "rgba(148.0,103.0,189.0,0.8)", "rgba(31.0,119.0,180.0,0.8)", "rgba(44.0,160.0,44.0,0.8)", "rgba(255.0,127.0,14.0,0.8)", "rgba(214.0,39.0,40.0,0.8)", "rgba(148.0,103.0,189.0,0.8)"], "pad": 10, "thickness": 40, "customdata": ["CCI: 0 at admission", "CCI: 1-2 at admission", "CCI: 3-4 at admission", "CCI: 5+ at admission", "CCI: 0 at discharge", "CCI: 1-2 at discharge", "CCI: 3-4 at discharge", "CCI: 5+ at discharge", "Death in ICU", "Death at discharge", "CCI: 0 at 6 months", "CCI: 1-2 at 6 months", "CCI: 3-4 at 6 months", "CCI: 5+ at 6 months", "Death at 6 months", "CCI: 0 at 1 year", "CCI: 1-2 at 1 year", "CCI: 3-4 at 1 year", "CCI: 5+ at 1 year", "Death at 1 year", "CCI: 0 at 2 year", "CCI: 1-2 at 2 year", "CCI: 3-4 at 2 year", "CCI: 5+ at 2 year", "Death at 2 year"], "hovertemplate": "%{customdata}<br>%{value:.0f} patients<extra></extra>"}, "loc_map": {"0": {"x": 0.001, "text": "Admission"}, "1": {"x": 0.2712916666666667, "text": "Discharge"}, "180": {"x": 0.4792083333333333, "text": "6 months"}, "365": {"x": 0.687125, "text": "1 year"}, "730": {"x": 0.999, "text": "2 year"}}}