{"link": {"source": [0, 0, 0, 0, 0, 0, 1, 1, 1, 1, 1, 2, 2, 2, 2, 3, 3, 3, 4, 4, 4, 4, 5, 5, 5, 5, 6, 6, 6, 7, 7, 10, 10, 10, 11, 11, 11, 11, 12, 12, 12, 13, 13, 15, 15, 16, 16, 16, 16, 17, 17, 17, 18, 18], "target": [4, 5, 6, 7, 8, 9, 5, 6, 7, 8, 9, 6, 7, 8, 9, 7, 8, 9, 10, 11, 12, 14, 11, 12, 13, 14, 12, 13, 14, 13, 14, 15, 16, 19, 16, 17, 18, 19, 17, 18, 19, 18, 19, 20, 21, 21, 22, 23, 24, 22, 23, 24, 23, 24], "value": [174, 169, 45, 19, 113, 26, 114, 47, 9, 57, 12, 38, 5, 22, 6, 41, 20, 9, 157, 12, 1, 4, 254, 9, 5, 15, 108, 9, 13, 66, 8, 149, 5, 3, 252, 7, 1, 6, 102, 10, 6, 70, 10, 140, 9, 228, 12, 4, 13, 92, 9, 8, 68, 13], "color": ["rgba(31.0,119.0,180.0,0.2)", "rgba(31.0,119.0,180.0,0.2)", "rgba(31.0,119.0,180.0,0.2)", "rgba(31.0,119.0,180.0,0.2)", "rgba(31.0,119.0,180.0,0.2)", "rgba(31.0,119.0,180.0,0.2)", "rgba(44.0,160.0,44.0,0.2)", "rgba(44.0,160.0,44.0,0.2)", "rgba(44.0,160.0,44.0,0.2)", "rgba(44.0,160.0,44.0,0.2)", "rgba(44.0,160.0,44.0,0.2)", "rgba(255.0,127.0,14.0,0.2)", "rgba(255.0,127.0,14.0,0.2)", "rgba(255.0,127.0,14.0,0.2)", "rgba(255.0,127.0,14.0,0.2)", "rgba(214.0,39.0,40.0,0.2)", "rgba(214.0,39.0,40.0,0.2)", "rgba(214.0,39.0,40.0,0.2)", "rgba(31.0,119.0,180.0,0.2)", "rgba(31.0,119.0,180.0,0.2)", "rgba(31.0,119.0,180.0,0.2)", "rgba(31.0,119.0,180.0,0.2)", "rgba(44.0,160.0,44.0,0.2)", "rgba(44.0,160.0,44.0,0.2)", "rgba(44.0,160.0,44.0,0.2)", "rgba(44.0,160.0,44.0,0.2)", "rgba(255.0,127.0,14.0,0.2)", "rgba(255.0,127.0,14.0,0.2)", "rgba(255.0,127.0,14.0,0.2)", "rgba(214.0,39.0,40.0,0.2)", "rgba(214.0,39.0,40.0,0.2)", "rgba(31.0,119.0,180.0,0.2)", "rgba(31.0,119.0,180.0,0.2)", "rgba(31.0,119.0,180.0,0.2)", "rgba(44.0,160.0,44.0,0.2)", "rgba(44.0,160.0,44.0,0.2)", "rgba(44.0,160.0,44.0,0.2)", "rgba(44.0,160.0,44.0,0.2)", "rgba(255.0,127.0,14.0,0.2)", "rgba(255.0,127.0,14.0,0.2)", "rgba(255.0,127.0,14.0,0.2)", "rgba(214.0,39.0,40.0,0.2)", "rgba(214.0,39.0,40.0,0.2)", "rgba(31.0,119.0,180.0,0.2)", "rgba(31.0,119.0,180.0,0.2)", "rgba(44.0,160.0,44.0,0.2)", "rgba(44.0,160.0,44.0,0.2)", "rgba(44.0,160.0,44.0,0.2)", "rgba(44.0,160.0,44.0,0.2)", "rgba(255.0,127.0,14.0,0.2)", "rgba(255.0,127.0,14.0,0.2)", "rgba(255.0,127.0,14.0,0.2)", "rgba(214.0,39.0,40.0,0.2)", "rgba(214.0,39.0,40.0,0.2)"], "customdata": [[0.31868131868131866, 1.0], [0.30952380952380953, 0.5971731448763251], [0.08241758241758242, 0.34615384615384615], [0.0347985347985348, 0.25675675675675674], [0.20695970695970695, 0.5330188679245284], [0.047619047619047616, 0.49056603773584906], [0.4769874476987448, 0.4028268551236749], [0.19665271966527198, 0.36153846153846153], [0.03765690376569038, 0.12162162162162163], [0.2384937238493724, 0.2688679245283019], [0.0502092050209205, 0.22641509433962265], [0.5352112676056338, 0.2923076923076923], [0.07042253521126761, 0.06756756756756757], [0.30985915492957744, 0.10377358490566038], [0.08450704225352113, 0.11320754716981132], [0.5857142857142857, 0.5540540540540541], [0.2857142857142857, 0.09433962264150944], [0.12857142857142856, 0.16981132075471697], [0.9022988505747126, 1.0], [0.06896551724137931, 0.045112781954887216], [0.005747126436781609, 0.00847457627118644], [0.022988505747126436, 0.1], [0.8975265017667845, 0.9548872180451128], [0.03180212014134275, 0.07627118644067797], [0.0176678445229682, 0.0625], [0.053003533568904596, 0.375], [0.8307692307692308, 0.9152542372881356], [0.06923076923076923, 0.1125], [0.1, 0.325], [0.8918918918918919, 0.825], [0.10810810810810811, 0.2], [0.9490445859872612, 1.0], [0.03184713375796178, 0.019455252918287938], [0.01910828025477707, 0.12], [0.9473684210526315, 0.980544747081712], [0.02631578947368421, 0.06422018348623854], [0.0037593984962406013, 0.012345679012345678], [0.022556390977443608, 0.24], [0.864406779661017, 0.9357798165137615], [0.0847457627118644, 0.12345679012345678], [0.05084745762711865, 0.24], [0.875, 0.8641975308641975], [0.125, 0.4], [0.9395973154362416, 1.0], [0.06040268456375839, 0.0379746835443038], [0.8871595330739299, 0.9620253164556962], [0.04669260700389105, 0.11538461538461539], [0.01556420233463035, 0.04938271604938271], [0.05058365758754864, 0.38235294117647056], [0.8440366972477065, 0.8846153846153846], [0.08256880733944955, 0.1111111111111111], [0.07339449541284404, 0.23529411764705882], [0.8395061728395061, 0.8395061728395061], [0.16049382716049382, 0.38235294117647056]], "hovertemplate": "<b>%{source.customdata} → %{target.customdata}</b><br>%{value:.0f} patients<br>• %{customdata[0]:.1%} of %{source.customdata}<br>• %{customdata[1]:.1%} of %{target.customdata}<extra></extra>"}, "node": {"label": ["546 pts", "239 pts", "71 pts", "70 pts", "174 pts", "283 pts", "130 pts", "74 pts", "D in ICU<br>212 pts", "53 pts", "157 pts", "266 pts", "118 pts", "80 pts", "40 pts", "149 pts", "257 pts", "109 pts", "81 pts", "25 pts", "140 pts", "237 pts", "104 pts", "81 pts", "34 pts"], "x": [0.001, 0.001, 0.001, 0.001, 0.2712916666666667, 0.2712916666666667, 0.2712916666666667, 0.2712916666666667, 0.14654166666666668, 0.2712916666666667, 0.4792083333333333, 0.4792083333333333, 0.4792083333333333, 0.4792083333333333, 0.4792083333333333, 0.687125, 0.687125, 0.687125, 0.687125, 0.687125, 0.999, 0.999, 0.999, 0.999, 0.999], "y": [-0.1, 0.125, 0.35, 0.5750000000000001, -0.1, 0.08000000000000002, 0.26, 0.44000000000000006, 0.8, 0.6200000000000001, -0.1, 0.08000000000000002, 0.26, 0.44000000000000006, 0.6200000000000001, -0.1, 0.08000000000000002, 0.26, 0.44000000000000006, 0.6200000000000001, -0.1, 0.08000000000000002, 0.26, 0.44000000000000006, 0.6200000000000001], "color": ["rgba(31.0,119.0,180.0,0.8)", "rgba(44.0,160.0,44.0,0.8)", "rgba(255.0,127.0,14.0,0.8)", "rgba(214.0,39.0,40.0,0.8)", "rgba(31.0,119.0,180.0,0.8)", "rgba(44.0,160.0,44.0,0.8)", "rgba(255.0,127.0,14.0,0.8)", "rgba(214.0,39.0,40.0,0.8)", "rgba(148.0,103.0,189.0,0.8)", "rgba(148.0,103.0,189.0,0.8)", "rgba(31.0,119.0,180.0,0.8)", "rgba(44.0,160.0,44.0,0.8)", "rgba(255.0,127.0,14.0,0.8)", "rgba(214.0,39.0,40.0,0.8)", "rgba(148.0,103.0,189.0,0.8)", "rgba(31.0,119.0,180.0,0.8)", "rgba(44.0,160.0,44.0,0.8)", "rgba(255.0,127.0,14.0,0.8)", "rgba(214.0,39.0,40.0,0.8)", "rgba(148.0,103.0,189.0,0.8)", "rgba(31.0,119.0,180.0,0.8)", "rgba(44.0,160.0,44.0,0.8)", "rgba(255.0,127.0,14.0,0.8)", "rgba(214.0,39.0,40.0,0.8)", "rgba(148.0,103.0,189.0,0.8)"], "pad": 10, "thickness": 40, "customdata": ["CCI: 0 at admission", "CCI: 1-2 at admission", "CCI: 3-4 at admission", "CCI: 5+ at admission", "CCI: 0 at discharge", "CCI: 1-2 at discharge", "CCI: 3-4 at discharge", "CCI: 5+ at discharge", "Death in ICU", "Death at discharge", "CCI: 0 at 6 months", "CCI: 1-2 at 6 months", "CCI: 3-4 at 6 months", "CCI: 5+ at 6 months", "Death at 6 months", "CCI: 0 at 1 year", "CCI: 1-2 at 1 year", "CCI: 3-4 at 1 year", "CCI: 5+ at 1 year", "Death at 1 year", "CCI: 0 at 2 year", "CCI: 1-2 at 2 year", "CCI: 3-4 at 2 year", "CCI: 5+ at 2 year", "Death at 2 year"], "hovertemplate": "%{customdata}<br>%{value:.0f} patients<extra></extra>"}, "loc_map": {"0": {"x": 0.001, "text": "Admission"}, "1": {"x": 0.2712916666666667, "text": "Discharge"}, "180": {"x": 0.4792083333333333, "text": "6 months"}, "365": {"x": 0.687125, "text": "1 year"}, "730": {"x": 0.999, "text": "2 year"}}}