{"link": {"source": [0, 0, 0, 0, 0, 0, 1, 1, 1, 1, 1, 2, 2, 2, 2, 3, 3, 3, 4, 4, 4, 4, 5, 5, 5, 5, 6, 6, 6, 7, 7, 10, 10, 10, 10, 11, 11, 11, 11, 12, 12, 12, 13, 13, 15, 15, 15, 15, 16, 16, 16, 16, 17, 17, 17, 18, 18], "target": [4, 5, 6, 7, 8, 9, 5, 6, 7, 8, 9, 6, 7, 8, 9, 7, 8, 9, 10, 11, 12, 14, 11, 12, 13, 14, 12, 13, 14, 13, 14, 15, 16, 17, 19, 16, 17, 18, 19, 17, 18, 19, 18, 19, 20, 21, 22, 24, 21, 22, 23, 24, 22, 23, 24, 23, 24], "value": [208, 344, 92, 23, 307, 128, 400, 229, 38, 300, 152, 181, 50, 108, 64, 115, 89, 34, 168, 16, 2, 22, 589, 50, 13, 92, 403, 28, 71, 178, 48, 155, 9, 1, 3, 525, 26, 11, 43, 389, 33, 33, 183, 36, 129, 16, 1, 9, 437, 38, 5, 54, 317, 31, 68, 171, 56], "color": ["rgba(31.0,119.0,180.0,0.2)", "rgba(31.0,119.0,180.0,0.2)", "rgba(31.0,119.0,180.0,0.2)", "rgba(31.0,119.0,180.0,0.2)", "rgba(31.0,119.0,180.0,0.2)", "rgba(31.0,119.0,180.0,0.2)", "rgba(44.0,160.0,44.0,0.2)", "rgba(44.0,160.0,44.0,0.2)", "rgba(44.0,160.0,44.0,0.2)", "rgba(44.0,160.0,44.0,0.2)", "rgba(44.0,160.0,44.0,0.2)", "rgba(255.0,127.0,14.0,0.2)", "rgba(255.0,127.0,14.0,0.2)", "rgba(255.0,127.0,14.0,0.2)", "rgba(255.0,127.0,14.0,0.2)", "rgba(214.0,39.0,40.0,0.2)", "rgba(214.0,39.0,40.0,0.2)", "rgba(214.0,39.0,40.0,0.2)", "rgba(31.0,119.0,180.0,0.2)", "rgba(31.0,119.0,180.0,0.2)", "rgba(31.0,119.0,180.0,0.2)", "rgba(31.0,119.0,180.0,0.2)", "rgba(44.0,160.0,44.0,0.2)", "rgba(44.0,160.0,44.0,0.2)", "rgba(44.0,160.0,44.0,0.2)", "rgba(44.0,160.0,44.0,0.2)", "rgba(255.0,127.0,14.0,0.2)", "rgba(255.0,127.0,14.0,0.2)", "rgba(255.0,127.0,14.0,0.2)", "rgba(214.0,39.0,40.0,0.2)", "rgba(214.0,39.0,40.0,0.2)", "rgba(31.0,119.0,180.0,0.2)", "rgba(31.0,119.0,180.0,0.2)", "rgba(31.0,119.0,180.0,0.2)", "rgba(31.0,119.0,180.0,0.2)", "rgba(44.0,160.0,44.0,0.2)", "rgba(44.0,160.0,44.0,0.2)", "rgba(44.0,160.0,44.0,0.2)", "rgba(44.0,160.0,44.0,0.2)", "rgba(255.0,127.0,14.0,0.2)", "rgba(255.0,127.0,14.0,0.2)", "rgba(255.0,127.0,14.0,0.2)", "rgba(214.0,39.0,40.0,0.2)", "rgba(214.0,39.0,40.0,0.2)", "rgba(31.0,119.0,180.0,0.2)", "rgba(31.0,119.0,180.0,0.2)", "rgba(31.0,119.0,180.0,0.2)", "rgba(31.0,119.0,180.0,0.2)", "rgba(44.0,160.0,44.0,0.2)", "rgba(44.0,160.0,44.0,0.2)", "rgba(44.0,160.0,44.0,0.2)", "rgba(44.0,160.0,44.0,0.2)", "rgba(255.0,127.0,14.0,0.2)", "rgba(255.0,127.0,14.0,0.2)", "rgba(255.0,127.0,14.0,0.2)", "rgba(214.0,39.0,40.0,0.2)", "rgba(214.0,39.0,40.0,0.2)"], "customdata": [[0.18874773139745918, 1.0], [0.3121597096188748, 0.46236559139784944], [0.08348457350272233, 0.18326693227091634], [0.020871143375680582, 0.10176991150442478], [0.27858439201451907, 0.3818407960199005], [0.1161524500907441, 0.3386243386243386], [0.3574620196604111, 0.5376344086021505], [0.20464700625558535, 0.45617529880478086], [0.03395889186773905, 0.168141592920354], [0.2680965147453083, 0.373134328358209], [0.1358355674709562, 0.4021164021164021], [0.4491315136476427, 0.3605577689243028], [0.12406947890818859, 0.22123893805309736], [0.2679900744416873, 0.13432835820895522], [0.1588089330024814, 0.1693121693121693], [0.4831932773109244, 0.5088495575221239], [0.3739495798319328, 0.11069651741293532], [0.14285714285714285, 0.08994708994708994], [0.8076923076923077, 1.0], [0.07692307692307693, 0.026446280991735537], [0.009615384615384616, 0.004395604395604396], [0.10576923076923077, 0.0944206008583691], [0.7916666666666666, 0.9735537190082645], [0.06720430107526881, 0.10989010989010989], [0.01747311827956989, 0.0593607305936073], [0.12365591397849462, 0.3948497854077253], [0.8027888446215139, 0.8857142857142857], [0.055776892430278883, 0.1278538812785388], [0.14143426294820718, 0.30472103004291845], [0.7876106194690266, 0.8127853881278538], [0.21238938053097345, 0.20600858369098712], [0.9226190476190477, 1.0], [0.05357142857142857, 0.016853932584269662], [0.005952380952380952, 0.002403846153846154], [0.017857142857142856, 0.02608695652173913], [0.8677685950413223, 0.9831460674157303], [0.04297520661157025, 0.0625], [0.01818181818181818, 0.048458149779735685], [0.07107438016528926, 0.3739130434782609], [0.8549450549450549, 0.9350961538461539], [0.07252747252747253, 0.14537444933920704], [0.07252747252747253, 0.28695652173913044], [0.8356164383561644, 0.8061674008810573], [0.1643835616438356, 0.3130434782608696], [0.832258064516129, 1.0], [0.1032258064516129, 0.03532008830022075], [0.0064516129032258064, 0.0028089887640449437], [0.05806451612903226, 0.0481283422459893], [0.8183520599250936, 0.9646799116997793], [0.07116104868913857, 0.10674157303370786], [0.009363295880149813, 0.024154589371980676], [0.10112359550561797, 0.2887700534759358], [0.7620192307692307, 0.8904494382022472], [0.07451923076923077, 0.1497584541062802], [0.16346153846153846, 0.36363636363636365], [0.7533039647577092, 0.8260869565217391], [0.24669603524229075, 0.2994652406417112]], "hovertemplate": "<b>%{source.customdata} → %{target.customdata}</b><br>%{value:.0f} patients<br>• %{customdata[0]:.1%} of %{source.customdata}<br>• %{customdata[1]:.1%} of %{target.customdata}<extra></extra>"}, "node": {"label": ["1102 pts", "1119 pts", "403 pts", "238 pts", "208 pts", "744 pts", "502 pts", "226 pts", "D in ICU<br>804 pts", "378 pts", "168 pts", "605 pts", "455 pts", "219 pts", "233 pts", "155 pts", "534 pts", "416 pts", "227 pts", "115 pts", "129 pts", "453 pts", "356 pts", "207 pts", "187 pts"], "x": [0.001, 0.001, 0.001, 0.001, 0.2712916666666667, 0.2712916666666667, 0.2712916666666667, 0.2712916666666667, 0.14654166666666668, 0.2712916666666667, 0.4792083333333333, 0.4792083333333333, 0.4792083333333333, 0.4792083333333333, 0.4792083333333333, 0.687125, 0.687125, 0.687125, 0.687125, 0.687125, 0.999, 0.999, 0.999, 0.999, 0.999], "y": [-0.1, 0.125, 0.35, 0.5750000000000001, -0.1, 0.08000000000000002, 0.26, 0.44000000000000006, 0.8, 0.6200000000000001, -0.1, 0.08000000000000002, 0.26, 0.44000000000000006, 0.6200000000000001, -0.1, 0.08000000000000002, 0.26, 0.44000000000000006, 0.6200000000000001, -0.1, 0.08000000000000002, 0.26, 0.44000000000000006, 0.6200000000000001], "color": ["rgba(31.0,119.0,180.0,0.8)", "rgba(44.0,160.0,44.0,0.8)", "rgba(255.0,127.0,14.0,0.8)", "rgba(214.0,39.0,40.0,0.8)", "rgba(31.0,119.0,180.0,0.8)", "rgba(44.0,160.0,44.0,0.8)", "rgba(255.0,127.0,14.0,0.8)", "rgba(214.0,39.0,40.0,0.8)", "rgba(148.0,103.0,189.0,0.8)", "rgba(148.0,103.0,189.0,0.8)", "rgba(31.0,119.0,180.0,0.8)", "rgba(44.0,160.0,44.0,0.8)", "rgba(255.0,127.0,14.0,0.8)", "rgba(214.0,39.0,40.0,0.8)", "rgba(148.0,103.0,189.0,0.8)", "rgba(31.0,119.0,180.0,0.8)", "rgba(44.0,160.0,44.0,0.8)", "rgba(255.0,127.0,14.0,0.8)", "rgba(214.0,39.0,40.0,0.8)", "rgba(148.0,103.0,189.0,0.8)", "rgba(31.0,119.0,180.0,0.8)", "rgba(44.0,160.0,44.0,0.8)", "rgba(255.0,127.0,14.0,0.8)", "rgba(214.0,39.0,40.0,0.8)", "rgba(148.0,103.0,189.0,0.8)"], "pad": 10, "thickness": 40, "customdata": ["CCI: 0 at admission", "CCI: 1-2 at admission", "CCI: 3-4 at admission", "CCI: 5+ at admission", "CCI: 0 at discharge", "CCI: 1-2 at discharge", "CCI: 3-4 at discharge", "CCI: 5+ at discharge", "Death in ICU", "Death at discharge", "CCI: 0 at 6 months", "CCI: 1-2 at 6 months", "CCI: 3-4 at 6 months", "CCI: 5+ at 6 months", "Death at 6 months", "CCI: 0 at 1 year", "CCI: 1-2 at 1 year", "CCI: 3-4 at 1 year", "CCI: 5+ at 1 year", "Death at 1 year", "CCI: 0 at 2 year", "CCI: 1-2 at 2 year", "CCI: 3-4 at 2 year", "CCI: 5+ at 2 year", "Death at 2 year"], "hovertemplate": "%{customdata}<br>%{value:.0f} patients<extra></extra>"}, "loc_map": {"0": {"x": 0.001, "text": "Admission"}, "1": {"x": 0.2712916666666667, "text": "Discharge"}, "180": {"x": 0.4792083333333333, "text": "6 months"}, "365": {"x": 0.687125, "text": "1 year"}, "730": {"x": 0.999, "text": "2 year"}}}