{"link": {"source": [0, 0, 0, 0, 0, 0, 1, 1, 1, 1, 1, 2, 2, 2, 3, 3, 3, 4, 4, 4, 4, 5, 5, 5, 5, 6, 6, 7, 7, 10, 10, 10, 11, 11, 11, 11, 12, 12, 12, 13, 13, 15, 15, 15, 15, 16, 16, 16, 16, 17, 17, 18, 18], "target": [4, 5, 6, 7, 8, 9, 5, 6, 7, 8, 9, 6, 7, 8, 7, 8, 9, 10, 11, 13, 14, 11, 12, 13, 14, 12, 14, 13, 14, 15, 16, 19, 16, 17, 18, 19, 17, 18, 19, 18, 19, 20, 21, 22, 24, 21, 22, 23, 24, 22, 24, 23, 24], "value": [136, 112, 23, 14, 76, 14, 86, 16, 2, 26, 12, 9, 5, 6, 24, 4, 7, 123, 10, 1, 2, 186, 7, 3, 2, 47, 1, 36, 9, 118, 4, 1, 182, 7, 4, 3, 49, 2, 3, 30, 10, 109, 4, 2, 3, 174, 5, 2, 5, 54, 2, 32, 4], "color": ["rgba(31.0,119.0,180.0,0.2)", "rgba(31.0,119.0,180.0,0.2)", "rgba(31.0,119.0,180.0,0.2)", "rgba(31.0,119.0,180.0,0.2)", "rgba(31.0,119.0,180.0,0.2)", "rgba(31.0,119.0,180.0,0.2)", "rgba(44.0,160.0,44.0,0.2)", "rgba(44.0,160.0,44.0,0.2)", "rgba(44.0,160.0,44.0,0.2)", "rgba(44.0,160.0,44.0,0.2)", "rgba(44.0,160.0,44.0,0.2)", "rgba(255.0,127.0,14.0,0.2)", "rgba(255.0,127.0,14.0,0.2)", "rgba(255.0,127.0,14.0,0.2)", "rgba(214.0,39.0,40.0,0.2)", "rgba(214.0,39.0,40.0,0.2)", "rgba(214.0,39.0,40.0,0.2)", "rgba(31.0,119.0,180.0,0.2)", "rgba(31.0,119.0,180.0,0.2)", "rgba(31.0,119.0,180.0,0.2)", "rgba(31.0,119.0,180.0,0.2)", "rgba(44.0,160.0,44.0,0.2)", "rgba(44.0,160.0,44.0,0.2)", "rgba(44.0,160.0,44.0,0.2)", "rgba(44.0,160.0,44.0,0.2)", "rgba(255.0,127.0,14.0,0.2)", "rgba(255.0,127.0,14.0,0.2)", "rgba(214.0,39.0,40.0,0.2)", "rgba(214.0,39.0,40.0,0.2)", "rgba(31.0,119.0,180.0,0.2)", "rgba(31.0,119.0,180.0,0.2)", "rgba(31.0,119.0,180.0,0.2)", "rgba(44.0,160.0,44.0,0.2)", "rgba(44.0,160.0,44.0,0.2)", "rgba(44.0,160.0,44.0,0.2)", "rgba(44.0,160.0,44.0,0.2)", "rgba(255.0,127.0,14.0,0.2)", "rgba(255.0,127.0,14.0,0.2)", "rgba(255.0,127.0,14.0,0.2)", "rgba(214.0,39.0,40.0,0.2)", "rgba(214.0,39.0,40.0,0.2)", "rgba(31.0,119.0,180.0,0.2)", "rgba(31.0,119.0,180.0,0.2)", "rgba(31.0,119.0,180.0,0.2)", "rgba(31.0,119.0,180.0,0.2)", "rgba(44.0,160.0,44.0,0.2)", "rgba(44.0,160.0,44.0,0.2)", "rgba(44.0,160.0,44.0,0.2)", "rgba(44.0,160.0,44.0,0.2)", "rgba(255.0,127.0,14.0,0.2)", "rgba(255.0,127.0,14.0,0.2)", "rgba(214.0,39.0,40.0,0.2)", "rgba(214.0,39.0,40.0,0.2)"], "customdata": [[0.3626666666666667, 1.0], [0.2986666666666667, 0.5656565656565656], [0.06133333333333333, 0.4791666666666667], [0.037333333333333336, 0.3111111111111111], [0.20266666666666666, 0.6785714285714286], [0.037333333333333336, 0.42424242424242425], [0.6056338028169014, 0.43434343434343436], [0.11267605633802817, 0.3333333333333333], [0.014084507042253521, 0.044444444444444446], [0.18309859154929578, 0.23214285714285715], [0.08450704225352113, 0.36363636363636365], [0.45, 0.1875], [0.25, 0.1111111111111111], [0.3, 0.05357142857142857], [0.6857142857142857, 0.5333333333333333], [0.11428571428571428, 0.03571428571428571], [0.2, 0.21212121212121213], [0.9044117647058824, 1.0], [0.07352941176470588, 0.05102040816326531], [0.007352941176470588, 0.025], [0.014705882352941176, 0.14285714285714285], [0.9393939393939394, 0.9489795918367347], [0.03535353535353535, 0.12962962962962962], [0.015151515151515152, 0.075], [0.010101010101010102, 0.14285714285714285], [0.9791666666666666, 0.8703703703703703], [0.020833333333333332, 0.07142857142857142], [0.8, 0.9], [0.2, 0.6428571428571429], [0.959349593495935, 1.0], [0.032520325203252036, 0.021505376344086023], [0.008130081300813009, 0.058823529411764705], [0.9285714285714286, 0.978494623655914], [0.03571428571428571, 0.125], [0.02040816326530612, 0.1111111111111111], [0.015306122448979591, 0.17647058823529413], [0.9074074074074074, 0.875], [0.037037037037037035, 0.05555555555555555], [0.05555555555555555, 0.17647058823529413], [0.75, 0.8333333333333334], [0.25, 0.5882352941176471], [0.923728813559322, 1.0], [0.03389830508474576, 0.02247191011235955], [0.01694915254237288, 0.03278688524590164], [0.025423728813559324, 0.21428571428571427], [0.9354838709677419, 0.9775280898876404], [0.026881720430107527, 0.08196721311475409], [0.010752688172043012, 0.058823529411764705], [0.026881720430107527, 0.35714285714285715], [0.9642857142857143, 0.8852459016393442], [0.03571428571428571, 0.14285714285714285], [0.8888888888888888, 0.9411764705882353], [0.1111111111111111, 0.2857142857142857]], "hovertemplate": "<b>%{source.customdata} → %{target.customdata}</b><br>%{value:.0f} patients<br>• %{customdata[0]:.1%} of %{source.customdata}<br>• %{customdata[1]:.1%} of %{target.customdata}<extra></extra>"}, "node": {"label": ["375 pts", "142 pts", "20 pts", "35 pts", "136 pts", "198 pts", "48 pts", "45 pts", "D in ICU<br>112 pts", "33 pts", "123 pts", "196 pts", "54 pts", "40 pts", "14 pts", "118 pts", "186 pts", "56 pts", "36 pts", "17 pts", "109 pts", "178 pts", "61 pts", "34 pts", "14 pts"], "x": [0.001, 0.001, 0.001, 0.001, 0.2712916666666667, 0.2712916666666667, 0.2712916666666667, 0.2712916666666667, 0.14654166666666668, 0.2712916666666667, 0.4792083333333333, 0.4792083333333333, 0.4792083333333333, 0.4792083333333333, 0.4792083333333333, 0.687125, 0.687125, 0.687125, 0.687125, 0.687125, 0.999, 0.999, 0.999, 0.999, 0.999], "y": [-0.1, 0.125, 0.35, 0.5750000000000001, -0.1, 0.08000000000000002, 0.26, 0.44000000000000006, 0.8, 0.6200000000000001, -0.1, 0.08000000000000002, 0.26, 0.44000000000000006, 0.6200000000000001, -0.1, 0.08000000000000002, 0.26, 0.44000000000000006, 0.6200000000000001, -0.1, 0.08000000000000002, 0.26, 0.44000000000000006, 0.6200000000000001], "color": ["rgba(31.0,119.0,180.0,0.8)", "rgba(44.0,160.0,44.0,0.8)", "rgba(255.0,127.0,14.0,0.8)", "rgba(214.0,39.0,40.0,0.8)", "rgba(31.0,119.0,180.0,0.8)", "rgba(44.0,160.0,44.0,0.8)", "rgba(255.0,127.0,14.0,0.8)", "rgba(214.0,39.0,40.0,0.8)", "rgba(148.0,103.0,189.0,0.8)", "rgba(148.0,103.0,189.0,0.8)", "rgba(31.0,119.0,180.0,0.8)", "rgba(44.0,160.0,44.0,0.8)", "rgba(255.0,127.0,14.0,0.8)", "rgba(214.0,39.0,40.0,0.8)", "rgba(148.0,103.0,189.0,0.8)", "rgba(31.0,119.0,180.0,0.8)", "rgba(44.0,160.0,44.0,0.8)", "rgba(255.0,127.0,14.0,0.8)", "rgba(214.0,39.0,40.0,0.8)", "rgba(148.0,103.0,189.0,0.8)", "rgba(31.0,119.0,180.0,0.8)", "rgba(44.0,160.0,44.0,0.8)", "rgba(255.0,127.0,14.0,0.8)", "rgba(214.0,39.0,40.0,0.8)", "rgba(148.0,103.0,189.0,0.8)"], "pad": 10, "thickness": 40, "customdata": ["CCI: 0 at admission", "CCI: 1-2 at admission", "CCI: 3-4 at admission", "CCI: 5+ at admission", "CCI: 0 at discharge", "CCI: 1-2 at discharge", "CCI: 3-4 at discharge", "CCI: 5+ at discharge", "Death in ICU", "Death at discharge", "CCI: 0 at 6 months", "CCI: 1-2 at 6 months", "CCI: 3-4 at 6 months", "CCI: 5+ at 6 months", "Death at 6 months", "CCI: 0 at 1 year", "CCI: 1-2 at 1 year", "CCI: 3-4 at 1 year", "CCI: 5+ at 1 year", "Death at 1 year", "CCI: 0 at 2 year", "CCI: 1-2 at 2 year", "CCI: 3-4 at 2 year", "CCI: 5+ at 2 year", "Death at 2 year"], "hovertemplate": "%{customdata}<br>%{value:.0f} patients<extra></extra>"}, "loc_map": {"0": {"x": 0.001, "text": "Admission"}, "1": {"x": 0.2712916666666667, "text": "Discharge"}, "180": {"x": 0.4792083333333333, "text": "6 months"}, "365": {"x": 0.687125, "text": "1 year"}, "730": {"x": 0.999, "text": "2 year"}}}