{"link": {"source": [0, 0, 0, 0, 0, 0, 1, 1, 1, 1, 1, 2, 2, 2, 3, 3, 3, 4, 4, 4, 4, 4, 5, 5, 5, 6, 6, 6, 7, 7, 10, 10, 10, 11, 11, 11, 11, 12, 12, 12, 13, 13, 15, 15, 15, 15, 15, 16, 16, 16, 16, 17, 17, 17, 18, 18], "target": [4, 5, 6, 7, 8, 9, 5, 6, 7, 8, 9, 6, 7, 8, 7, 8, 9, 10, 11, 12, 13, 14, 11, 12, 14, 12, 13, 14, 13, 14, 15, 16, 19, 16, 17, 18, 19, 17, 18, 19, 18, 19, 20, 21, 22, 23, 24, 21, 22, 23, 24, 22, 23, 24, 23, 24], "value": [392, 154, 46, 10, 108, 16, 72, 15, 2, 27, 4, 19, 1, 7, 17, 13, 2, 374, 13, 1, 1, 3, 215, 6, 5, 70, 4, 6, 26, 4, 366, 7, 1, 215, 6, 3, 4, 71, 1, 5, 28, 3, 351, 9, 1, 1, 4, 207, 10, 2, 3, 73, 1, 3, 29, 3], "color": ["rgba(31.0,119.0,180.0,0.2)", "rgba(31.0,119.0,180.0,0.2)", "rgba(31.0,119.0,180.0,0.2)", "rgba(31.0,119.0,180.0,0.2)", "rgba(31.0,119.0,180.0,0.2)", "rgba(31.0,119.0,180.0,0.2)", "rgba(44.0,160.0,44.0,0.2)", "rgba(44.0,160.0,44.0,0.2)", "rgba(44.0,160.0,44.0,0.2)", "rgba(44.0,160.0,44.0,0.2)", "rgba(44.0,160.0,44.0,0.2)", "rgba(255.0,127.0,14.0,0.2)", "rgba(255.0,127.0,14.0,0.2)", "rgba(255.0,127.0,14.0,0.2)", "rgba(214.0,39.0,40.0,0.2)", "rgba(214.0,39.0,40.0,0.2)", "rgba(214.0,39.0,40.0,0.2)", "rgba(31.0,119.0,180.0,0.2)", "rgba(31.0,119.0,180.0,0.2)", "rgba(31.0,119.0,180.0,0.2)", "rgba(31.0,119.0,180.0,0.2)", "rgba(31.0,119.0,180.0,0.2)", "rgba(44.0,160.0,44.0,0.2)", "rgba(44.0,160.0,44.0,0.2)", "rgba(44.0,160.0,44.0,0.2)", "rgba(255.0,127.0,14.0,0.2)", "rgba(255.0,127.0,14.0,0.2)", "rgba(255.0,127.0,14.0,0.2)", "rgba(214.0,39.0,40.0,0.2)", "rgba(214.0,39.0,40.0,0.2)", "rgba(31.0,119.0,180.0,0.2)", "rgba(31.0,119.0,180.0,0.2)", "rgba(31.0,119.0,180.0,0.2)", "rgba(44.0,160.0,44.0,0.2)", "rgba(44.0,160.0,44.0,0.2)", "rgba(44.0,160.0,44.0,0.2)", "rgba(44.0,160.0,44.0,0.2)", "rgba(255.0,127.0,14.0,0.2)", "rgba(255.0,127.0,14.0,0.2)", "rgba(255.0,127.0,14.0,0.2)", "rgba(214.0,39.0,40.0,0.2)", "rgba(214.0,39.0,40.0,0.2)", "rgba(31.0,119.0,180.0,0.2)", "rgba(31.0,119.0,180.0,0.2)", "rgba(31.0,119.0,180.0,0.2)", "rgba(31.0,119.0,180.0,0.2)", "rgba(31.0,119.0,180.0,0.2)", "rgba(44.0,160.0,44.0,0.2)", "rgba(44.0,160.0,44.0,0.2)", "rgba(44.0,160.0,44.0,0.2)", "rgba(44.0,160.0,44.0,0.2)", "rgba(255.0,127.0,14.0,0.2)", "rgba(255.0,127.0,14.0,0.2)", "rgba(255.0,127.0,14.0,0.2)", "rgba(214.0,39.0,40.0,0.2)", "rgba(214.0,39.0,40.0,0.2)"], "customdata": [[0.5399449035812672, 1.0], [0.21212121212121213, 0.6814159292035398], [0.06336088154269973, 0.575], [0.013774104683195593, 0.3333333333333333], [0.1487603305785124, 0.6967741935483871], [0.02203856749311295, 0.7272727272727273], [0.6, 0.3185840707964602], [0.125, 0.1875], [0.016666666666666666, 0.06666666666666667], [0.225, 0.17419354838709677], [0.03333333333333333, 0.18181818181818182], [0.7037037037037037, 0.2375], [0.037037037037037035, 0.03333333333333333], [0.25925925925925924, 0.04516129032258064], [0.53125, 0.5666666666666667], [0.40625, 0.08387096774193549], [0.0625, 0.09090909090909091], [0.9540816326530612, 1.0], [0.03316326530612245, 0.05701754385964912], [0.002551020408163265, 0.012987012987012988], [0.002551020408163265, 0.03225806451612903], [0.007653061224489796, 0.16666666666666666], [0.9513274336283186, 0.9429824561403509], [0.02654867256637168, 0.07792207792207792], [0.022123893805309734, 0.2777777777777778], [0.875, 0.9090909090909091], [0.05, 0.12903225806451613], [0.075, 0.3333333333333333], [0.8666666666666667, 0.8387096774193549], [0.13333333333333333, 0.2222222222222222], [0.9786096256684492, 1.0], [0.01871657754010695, 0.03153153153153153], [0.00267379679144385, 0.07692307692307693], [0.9429824561403509, 0.9684684684684685], [0.02631578947368421, 0.07792207792207792], [0.013157894736842105, 0.09375], [0.017543859649122806, 0.3076923076923077], [0.922077922077922, 0.922077922077922], [0.012987012987012988, 0.03125], [0.06493506493506493, 0.38461538461538464], [0.9032258064516129, 0.875], [0.0967741935483871, 0.23076923076923078], [0.9590163934426229, 1.0], [0.02459016393442623, 0.041666666666666664], [0.00273224043715847, 0.011904761904761904], [0.00273224043715847, 0.030303030303030304], [0.01092896174863388, 0.3076923076923077], [0.9324324324324325, 0.9583333333333334], [0.04504504504504504, 0.11904761904761904], [0.009009009009009009, 0.06060606060606061], [0.013513513513513514, 0.23076923076923078], [0.948051948051948, 0.8690476190476191], [0.012987012987012988, 0.030303030303030304], [0.03896103896103896, 0.23076923076923078], [0.90625, 0.8787878787878788], [0.09375, 0.23076923076923078]], "hovertemplate": "<b>%{source.customdata} → %{target.customdata}</b><br>%{value:.0f} patients<br>• %{customdata[0]:.1%} of %{source.customdata}<br>• %{customdata[1]:.1%} of %{target.customdata}<extra></extra>"}, "node": {"label": ["726 pts", "120 pts", "27 pts", "32 pts", "392 pts", "226 pts", "80 pts", "30 pts", "D in ICU<br>155 pts", "22 pts", "374 pts", "228 pts", "77 pts", "31 pts", "18 pts", "366 pts", "222 pts", "77 pts", "32 pts", "13 pts", "351 pts", "216 pts", "84 pts", "33 pts", "13 pts"], "x": [0.001, 0.001, 0.001, 0.001, 0.2712916666666667, 0.2712916666666667, 0.2712916666666667, 0.2712916666666667, 0.14654166666666668, 0.2712916666666667, 0.4792083333333333, 0.4792083333333333, 0.4792083333333333, 0.4792083333333333, 0.4792083333333333, 0.687125, 0.687125, 0.687125, 0.687125, 0.687125, 0.999, 0.999, 0.999, 0.999, 0.999], "y": [-0.1, 0.125, 0.35, 0.5750000000000001, -0.1, 0.08000000000000002, 0.26, 0.44000000000000006, 0.8, 0.6200000000000001, -0.1, 0.08000000000000002, 0.26, 0.44000000000000006, 0.6200000000000001, -0.1, 0.08000000000000002, 0.26, 0.44000000000000006, 0.6200000000000001, -0.1, 0.08000000000000002, 0.26, 0.44000000000000006, 0.6200000000000001], "color": ["rgba(31.0,119.0,180.0,0.8)", "rgba(44.0,160.0,44.0,0.8)", "rgba(255.0,127.0,14.0,0.8)", "rgba(214.0,39.0,40.0,0.8)", "rgba(31.0,119.0,180.0,0.8)", "rgba(44.0,160.0,44.0,0.8)", "rgba(255.0,127.0,14.0,0.8)", "rgba(214.0,39.0,40.0,0.8)", "rgba(148.0,103.0,189.0,0.8)", "rgba(148.0,103.0,189.0,0.8)", "rgba(31.0,119.0,180.0,0.8)", "rgba(44.0,160.0,44.0,0.8)", "rgba(255.0,127.0,14.0,0.8)", "rgba(214.0,39.0,40.0,0.8)", "rgba(148.0,103.0,189.0,0.8)", "rgba(31.0,119.0,180.0,0.8)", "rgba(44.0,160.0,44.0,0.8)", "rgba(255.0,127.0,14.0,0.8)", "rgba(214.0,39.0,40.0,0.8)", "rgba(148.0,103.0,189.0,0.8)", "rgba(31.0,119.0,180.0,0.8)", "rgba(44.0,160.0,44.0,0.8)", "rgba(255.0,127.0,14.0,0.8)", "rgba(214.0,39.0,40.0,0.8)", "rgba(148.0,103.0,189.0,0.8)"], "pad": 10, "thickness": 40, "customdata": ["CCI: 0 at admission", "CCI: 1-2 at admission", "CCI: 3-4 at admission", "CCI: 5+ at admission", "CCI: 0 at discharge", "CCI: 1-2 at discharge", "CCI: 3-4 at discharge", "CCI: 5+ at discharge", "Death in ICU", "Death at discharge", "CCI: 0 at 6 months", "CCI: 1-2 at 6 months", "CCI: 3-4 at 6 months", "CCI: 5+ at 6 months", "Death at 6 months", "CCI: 0 at 1 year", "CCI: 1-2 at 1 year", "CCI: 3-4 at 1 year", "CCI: 5+ at 1 year", "Death at 1 year", "CCI: 0 at 2 year", "CCI: 1-2 at 2 year", "CCI: 3-4 at 2 year", "CCI: 5+ at 2 year", "Death at 2 year"], "hovertemplate": "%{customdata}<br>%{value:.0f} patients<extra></extra>"}, "loc_map": {"0": {"x": 0.001, "text": "Admission"}, "1": {"x": 0.2712916666666667, "text": "Discharge"}, "180": {"x": 0.4792083333333333, "text": "6 months"}, "365": {"x": 0.687125, "text": "1 year"}, "730": {"x": 0.999, "text": "2 year"}}}