{"link": {"source": [0, 0, 0, 0, 1, 1, 1, 2, 2, 2, 3, 3, 6, 6, 6, 7, 7, 9, 9, 9, 10, 10], "target": [2, 3, 4, 5, 3, 4, 5, 6, 7, 8, 7, 8, 9, 10, 11, 10, 11, 12, 13, 14, 13, 14], "value": [343, 513, 616, 236, 882, 675, 300, 269, 20, 54, 1091, 304, 236, 13, 20, 977, 134, 200, 16, 20, 829, 161], "color": ["rgba(44.0,160.0,44.0,0.2)", "rgba(44.0,160.0,44.0,0.2)", "rgba(44.0,160.0,44.0,0.2)", "rgba(44.0,160.0,44.0,0.2)", "rgba(214.0,39.0,40.0,0.2)", "rgba(214.0,39.0,40.0,0.2)", "rgba(214.0,39.0,40.0,0.2)", "rgba(44.0,160.0,44.0,0.2)", "rgba(44.0,160.0,44.0,0.2)", "rgba(44.0,160.0,44.0,0.2)", "rgba(214.0,39.0,40.0,0.2)", "rgba(214.0,39.0,40.0,0.2)", "rgba(44.0,160.0,44.0,0.2)", "rgba(44.0,160.0,44.0,0.2)", "rgba(44.0,160.0,44.0,0.2)", "rgba(214.0,39.0,40.0,0.2)", "rgba(214.0,39.0,40.0,0.2)", "rgba(44.0,160.0,44.0,0.2)", "rgba(44.0,160.0,44.0,0.2)", "rgba(44.0,160.0,44.0,0.2)", "rgba(214.0,39.0,40.0,0.2)", "rgba(214.0,39.0,40.0,0.2)"], "hovertemplate": "<b>From:</b> %{source.customdata}<br><b>To:</b> %{target.customdata}<br>%{value}<extra></extra>"}, "node": {"label": ["3-4", "5+", "3-4", "5+", "Death (ICU)", "Death (Ward)", "3-4", "5+", "Death", "3-4", "5+", "Death", "3-4", "5+", "Death"], "x": [0.001, 0.001, 0.22277777777777777, 0.22277777777777777, 0.22277777777777777, 0.22277777777777777, 0.44455555555555554, 0.44455555555555554, 0.44455555555555554, 0.6663333333333333, 0.6663333333333333, 0.6663333333333333, 0.999, 0.999, 0.999], "y": [0.001, 0.999, 0.001, 0.33366666666666667, 0.6663333333333333, 0.999, 0.001, 0.5, 0.999, 0.001, 0.5, 0.999, 0.001, 0.5, 0.999], "color": ["rgba(44.0,160.0,44.0,0.5)", "rgba(214.0,39.0,40.0,0.5)", "rgba(44.0,160.0,44.0,0.5)", "rgba(214.0,39.0,40.0,0.5)", "rgba(148.0,103.0,189.0,0.5)", "rgba(148.0,103.0,189.0,0.5)", "rgba(44.0,160.0,44.0,0.5)", "rgba(214.0,39.0,40.0,0.5)", "rgba(148.0,103.0,189.0,0.5)", "rgba(44.0,160.0,44.0,0.5)", "rgba(214.0,39.0,40.0,0.5)", "rgba(148.0,103.0,189.0,0.5)", "rgba(44.0,160.0,44.0,0.5)", "rgba(214.0,39.0,40.0,0.5)", "rgba(148.0,103.0,189.0,0.5)"], "pad": 10, "thickness": 40, "customdata": ["3-4 CCI score (before admission)", "5+ CCI score (before admission)", "3-4 CCI score (hospital discharge)", "5+ CCI score (hospital discharge)", "Death (ICU)", "Death (Ward)", "3-4 CCI score (6 months after discharge)", "5+ CCI score (6 months after discharge)", "Death (6 months after discharge)", "3-4 CCI score (1 year after discharge)", "5+ CCI score (1 year after discharge)", "Death (1 year after discharge)", "3-4 CCI score (2 years after discharge)", "5+ CCI score (2 years after discharge)", "Death (2 years after discharge)"], "hovertemplate": "%{customdata} <br> %{value}<extra></extra>"}, "loc_map": {"0": {"x": 0.001, "text": "Before<br>admission"}, "1": {"x": 0.22277777777777777, "text": "Hospital<br>discharge"}, "180": {"x": 0.44455555555555554, "text": "6 months<br>after discharge"}, "365": {"x": 0.6663333333333333, "text": "1 year<br>after discharge"}, "730": {"x": 0.999, "text": "2 years<br>after discharge"}}}