{"link": {"source": [0, 0, 0, 0, 0, 0, 1, 1, 1, 1, 1, 2, 2, 2, 2, 3, 3, 3, 4, 4, 4, 4, 4, 5, 5, 5, 5, 6, 6, 6, 7, 7, 10, 10, 10, 11, 11, 11, 11, 12, 12, 12, 13, 13, 15, 15, 15, 15, 15, 16, 16, 16, 16, 17, 17, 17, 18, 18], "target": [4, 5, 6, 7, 8, 9, 5, 6, 7, 8, 9, 6, 7, 8, 9, 7, 8, 9, 10, 11, 12, 13, 14, 11, 12, 13, 14, 12, 13, 14, 13, 14, 15, 16, 19, 16, 17, 18, 19, 17, 18, 19, 18, 19, 20, 21, 22, 23, 24, 21, 22, 23, 24, 22, 23, 24, 23, 24], "value": [392, 154, 46, 10, 108, 16, 571, 478, 135, 341, 95, 1017, 1013, 957, 397, 1410, 822, 384, 374, 13, 1, 1, 3, 667, 30, 1, 27, 1286, 105, 150, 2147, 421, 348, 25, 1, 603, 61, 5, 11, 1141, 127, 49, 2013, 241, 320, 22, 1, 1, 4, 541, 69, 8, 10, 1016, 118, 68, 1804, 341], "color": ["rgba(31.0,119.0,180.0,0.2)", "rgba(31.0,119.0,180.0,0.2)", "rgba(31.0,119.0,180.0,0.2)", "rgba(31.0,119.0,180.0,0.2)", "rgba(31.0,119.0,180.0,0.2)", "rgba(31.0,119.0,180.0,0.2)", "rgba(44.0,160.0,44.0,0.2)", "rgba(44.0,160.0,44.0,0.2)", "rgba(44.0,160.0,44.0,0.2)", "rgba(44.0,160.0,44.0,0.2)", "rgba(44.0,160.0,44.0,0.2)", "rgba(255.0,127.0,14.0,0.2)", "rgba(255.0,127.0,14.0,0.2)", "rgba(255.0,127.0,14.0,0.2)", "rgba(255.0,127.0,14.0,0.2)", "rgba(214.0,39.0,40.0,0.2)", "rgba(214.0,39.0,40.0,0.2)", "rgba(214.0,39.0,40.0,0.2)", "rgba(31.0,119.0,180.0,0.2)", "rgba(31.0,119.0,180.0,0.2)", "rgba(31.0,119.0,180.0,0.2)", "rgba(31.0,119.0,180.0,0.2)", "rgba(31.0,119.0,180.0,0.2)", "rgba(44.0,160.0,44.0,0.2)", "rgba(44.0,160.0,44.0,0.2)", "rgba(44.0,160.0,44.0,0.2)", "rgba(44.0,160.0,44.0,0.2)", "rgba(255.0,127.0,14.0,0.2)", "rgba(255.0,127.0,14.0,0.2)", "rgba(255.0,127.0,14.0,0.2)", "rgba(214.0,39.0,40.0,0.2)", "rgba(214.0,39.0,40.0,0.2)", "rgba(31.0,119.0,180.0,0.2)", "rgba(31.0,119.0,180.0,0.2)", "rgba(31.0,119.0,180.0,0.2)", "rgba(44.0,160.0,44.0,0.2)", "rgba(44.0,160.0,44.0,0.2)", "rgba(44.0,160.0,44.0,0.2)", "rgba(44.0,160.0,44.0,0.2)", "rgba(255.0,127.0,14.0,0.2)", "rgba(255.0,127.0,14.0,0.2)", "rgba(255.0,127.0,14.0,0.2)", "rgba(214.0,39.0,40.0,0.2)", "rgba(214.0,39.0,40.0,0.2)", "rgba(31.0,119.0,180.0,0.2)", "rgba(31.0,119.0,180.0,0.2)", "rgba(31.0,119.0,180.0,0.2)", "rgba(31.0,119.0,180.0,0.2)", "rgba(31.0,119.0,180.0,0.2)", "rgba(44.0,160.0,44.0,0.2)", "rgba(44.0,160.0,44.0,0.2)", "rgba(44.0,160.0,44.0,0.2)", "rgba(44.0,160.0,44.0,0.2)", "rgba(255.0,127.0,14.0,0.2)", "rgba(255.0,127.0,14.0,0.2)", "rgba(255.0,127.0,14.0,0.2)", "rgba(214.0,39.0,40.0,0.2)", "rgba(214.0,39.0,40.0,0.2)"], "customdata": [[0.5399449035812672, 1.0], [0.21212121212121213, 0.21241379310344827], [0.06336088154269973, 0.029850746268656716], [0.013774104683195593, 0.003894080996884735], [0.1487603305785124, 0.04847396768402154], [0.02203856749311295, 0.017937219730941704], [0.35246913580246914, 0.7875862068965517], [0.29506172839506173, 0.3101881894873459], [0.08333333333333333, 0.052570093457943924], [0.21049382716049383, 0.15305206463195692], [0.05864197530864197, 0.10650224215246637], [0.300531914893617, 0.6599610642439974], [0.2993498817966903, 0.39447040498442365], [0.2828014184397163, 0.42953321364452424], [0.11731678486997636, 0.44506726457399104], [0.5389908256880734, 0.5490654205607477], [0.31422018348623854, 0.36894075403949733], [0.14678899082568808, 0.4304932735426009], [0.9540816326530612, 1.0], [0.03316326530612245, 0.01911764705882353], [0.002551020408163265, 0.0007593014426727411], [0.002551020408163265, 0.00044365572315882877], [0.007653061224489796, 0.004991680532445923], [0.92, 0.9808823529411764], [0.041379310344827586, 0.022779043280182234], [0.001379310344827586, 0.00044365572315882877], [0.037241379310344824, 0.04492512479201331], [0.8345230369889682, 0.976461655277145], [0.0681375730045425, 0.046583850931677016], [0.0973393900064893, 0.24958402662229617], [0.8360591900311527, 0.9525288376220054], [0.16394080996884736, 0.7004991680532446], [0.93048128342246, 1.0], [0.06684491978609626, 0.03980891719745223], [0.00267379679144385, 0.0033112582781456954], [0.8867647058823529, 0.9601910828025477], [0.08970588235294118, 0.050748752079866885], [0.007352941176470588, 0.002331002331002331], [0.016176470588235296, 0.03642384105960265], [0.8663629460895975, 0.9492512479201332], [0.09643128321943811, 0.05920745920745921], [0.03720577069096431, 0.16225165562913907], [0.8930789707187222, 0.9384615384615385], [0.10692102928127772, 0.7980132450331126], [0.9195402298850575, 1.0], [0.06321839080459771, 0.03907637655417407], [0.0028735632183908046, 0.0009208103130755065], [0.0028735632183908046, 0.0005178663904712584], [0.011494252873563218, 0.009456264775413711], [0.8614649681528662, 0.9609236234458259], [0.10987261146496816, 0.06353591160220995], [0.012738853503184714, 0.004142931123770067], [0.01592356687898089, 0.02364066193853428], [0.8452579034941764, 0.9355432780847146], [0.09816971713810316, 0.061108234075608496], [0.056572379367720464, 0.1607565011820331], [0.841025641025641, 0.9342309684101502], [0.15897435897435896, 0.806146572104019]], "hovertemplate": "<b>%{source.customdata} → %{target.customdata}</b><br>%{value:.0f} patients<br>• %{customdata[0]:.1%} of %{source.customdata}<br>• %{customdata[1]:.1%} of %{target.customdata}<extra></extra>"}, "node": {"label": ["726 pts", "1620 pts", "3384 pts", "2616 pts", "392 pts", "725 pts", "1541 pts", "2568 pts", "D in ICU<br>2228 pts", "892 pts", "374 pts", "680 pts", "1317 pts", "2254 pts", "601 pts", "348 pts", "628 pts", "1202 pts", "2145 pts", "302 pts", "320 pts", "563 pts", "1086 pts", "1931 pts", "423 pts"], "x": [0.001, 0.001, 0.001, 0.001, 0.2712916666666667, 0.2712916666666667, 0.2712916666666667, 0.2712916666666667, 0.14654166666666668, 0.2712916666666667, 0.4792083333333333, 0.4792083333333333, 0.4792083333333333, 0.4792083333333333, 0.4792083333333333, 0.687125, 0.687125, 0.687125, 0.687125, 0.687125, 0.999, 0.999, 0.999, 0.999, 0.999], "y": [-0.1, 0.125, 0.35, 0.5750000000000001, -0.1, 0.08000000000000002, 0.26, 0.44000000000000006, 0.8, 0.6200000000000001, -0.1, 0.08000000000000002, 0.26, 0.44000000000000006, 0.6200000000000001, -0.1, 0.08000000000000002, 0.26, 0.44000000000000006, 0.6200000000000001, -0.1, 0.08000000000000002, 0.26, 0.44000000000000006, 0.6200000000000001], "color": ["rgba(31.0,119.0,180.0,0.8)", "rgba(44.0,160.0,44.0,0.8)", "rgba(255.0,127.0,14.0,0.8)", "rgba(214.0,39.0,40.0,0.8)", "rgba(31.0,119.0,180.0,0.8)", "rgba(44.0,160.0,44.0,0.8)", "rgba(255.0,127.0,14.0,0.8)", "rgba(214.0,39.0,40.0,0.8)", "rgba(148.0,103.0,189.0,0.8)", "rgba(148.0,103.0,189.0,0.8)", "rgba(31.0,119.0,180.0,0.8)", "rgba(44.0,160.0,44.0,0.8)", "rgba(255.0,127.0,14.0,0.8)", "rgba(214.0,39.0,40.0,0.8)", "rgba(148.0,103.0,189.0,0.8)", "rgba(31.0,119.0,180.0,0.8)", "rgba(44.0,160.0,44.0,0.8)", "rgba(255.0,127.0,14.0,0.8)", "rgba(214.0,39.0,40.0,0.8)", "rgba(148.0,103.0,189.0,0.8)", "rgba(31.0,119.0,180.0,0.8)", "rgba(44.0,160.0,44.0,0.8)", "rgba(255.0,127.0,14.0,0.8)", "rgba(214.0,39.0,40.0,0.8)", "rgba(148.0,103.0,189.0,0.8)"], "pad": 10, "thickness": 40, "customdata": ["CCI: 0 at admission", "CCI: 1-2 at admission", "CCI: 3-4 at admission", "CCI: 5+ at admission", "CCI: 0 at discharge", "CCI: 1-2 at discharge", "CCI: 3-4 at discharge", "CCI: 5+ at discharge", "Death in ICU", "Death at discharge", "CCI: 0 at 6 months", "CCI: 1-2 at 6 months", "CCI: 3-4 at 6 months", "CCI: 5+ at 6 months", "Death at 6 months", "CCI: 0 at 1 year", "CCI: 1-2 at 1 year", "CCI: 3-4 at 1 year", "CCI: 5+ at 1 year", "Death at 1 year", "CCI: 0 at 2 year", "CCI: 1-2 at 2 year", "CCI: 3-4 at 2 year", "CCI: 5+ at 2 year", "Death at 2 year"], "hovertemplate": "%{customdata}<br>%{value:.0f} patients<extra></extra>"}, "loc_map": {"0": {"x": 0.001, "text": "Admission"}, "1": {"x": 0.2712916666666667, "text": "Discharge"}, "180": {"x": 0.4792083333333333, "text": "6 months"}, "365": {"x": 0.687125, "text": "1 year"}, "730": {"x": 0.999, "text": "2 year"}}}