{"link": {"source": [0, 0, 0, 0, 0, 0, 1, 1, 1, 1, 1, 2, 2, 2, 2, 3, 3, 3, 4, 4, 4, 5, 5, 5, 5, 6, 6, 6, 7, 7, 10, 10, 10, 11, 11, 11, 11, 12, 12, 12, 13, 13, 15, 15, 15, 15, 16, 16, 16, 16, 17, 17, 17, 18, 18], "target": [4, 5, 6, 7, 8, 9, 5, 6, 7, 8, 9, 6, 7, 8, 9, 7, 8, 9, 10, 11, 14, 11, 12, 13, 14, 12, 13, 14, 13, 14, 15, 16, 19, 16, 17, 18, 19, 17, 18, 19, 18, 19, 20, 21, 22, 24, 21, 22, 23, 24, 22, 23, 24, 23, 24], "value": [151, 161, 37, 18, 105, 30, 152, 44, 8, 72, 16, 38, 8, 24, 11, 36, 18, 7, 136, 11, 4, 270, 12, 7, 24, 102, 7, 10, 52, 18, 131, 2, 3, 258, 11, 3, 9, 103, 4, 7, 59, 7, 123, 5, 1, 2, 226, 12, 3, 19, 100, 7, 7, 52, 14], "color": ["rgba(31.0,119.0,180.0,0.2)", "rgba(31.0,119.0,180.0,0.2)", "rgba(31.0,119.0,180.0,0.2)", "rgba(31.0,119.0,180.0,0.2)", "rgba(31.0,119.0,180.0,0.2)", "rgba(31.0,119.0,180.0,0.2)", "rgba(44.0,160.0,44.0,0.2)", "rgba(44.0,160.0,44.0,0.2)", "rgba(44.0,160.0,44.0,0.2)", "rgba(44.0,160.0,44.0,0.2)", "rgba(44.0,160.0,44.0,0.2)", "rgba(255.0,127.0,14.0,0.2)", "rgba(255.0,127.0,14.0,0.2)", "rgba(255.0,127.0,14.0,0.2)", "rgba(255.0,127.0,14.0,0.2)", "rgba(214.0,39.0,40.0,0.2)", "rgba(214.0,39.0,40.0,0.2)", "rgba(214.0,39.0,40.0,0.2)", "rgba(31.0,119.0,180.0,0.2)", "rgba(31.0,119.0,180.0,0.2)", "rgba(31.0,119.0,180.0,0.2)", "rgba(44.0,160.0,44.0,0.2)", "rgba(44.0,160.0,44.0,0.2)", "rgba(44.0,160.0,44.0,0.2)", "rgba(44.0,160.0,44.0,0.2)", "rgba(255.0,127.0,14.0,0.2)", "rgba(255.0,127.0,14.0,0.2)", "rgba(255.0,127.0,14.0,0.2)", "rgba(214.0,39.0,40.0,0.2)", "rgba(214.0,39.0,40.0,0.2)", "rgba(31.0,119.0,180.0,0.2)", "rgba(31.0,119.0,180.0,0.2)", "rgba(31.0,119.0,180.0,0.2)", "rgba(44.0,160.0,44.0,0.2)", "rgba(44.0,160.0,44.0,0.2)", "rgba(44.0,160.0,44.0,0.2)", "rgba(44.0,160.0,44.0,0.2)", "rgba(255.0,127.0,14.0,0.2)", "rgba(255.0,127.0,14.0,0.2)", "rgba(255.0,127.0,14.0,0.2)", "rgba(214.0,39.0,40.0,0.2)", "rgba(214.0,39.0,40.0,0.2)", "rgba(31.0,119.0,180.0,0.2)", "rgba(31.0,119.0,180.0,0.2)", "rgba(31.0,119.0,180.0,0.2)", "rgba(31.0,119.0,180.0,0.2)", "rgba(44.0,160.0,44.0,0.2)", "rgba(44.0,160.0,44.0,0.2)", "rgba(44.0,160.0,44.0,0.2)", "rgba(44.0,160.0,44.0,0.2)", "rgba(255.0,127.0,14.0,0.2)", "rgba(255.0,127.0,14.0,0.2)", "rgba(255.0,127.0,14.0,0.2)", "rgba(214.0,39.0,40.0,0.2)", "rgba(214.0,39.0,40.0,0.2)"], "customdata": [[0.300796812749004, 1.0], [0.3207171314741036, 0.5143769968051118], [0.07370517928286853, 0.31092436974789917], [0.035856573705179286, 0.2571428571428571], [0.20916334661354583, 0.4794520547945205], [0.05976095617529881, 0.46875], [0.5205479452054794, 0.48562300319488816], [0.1506849315068493, 0.3697478991596639], [0.0273972602739726, 0.11428571428571428], [0.2465753424657534, 0.3287671232876712], [0.0547945205479452, 0.25], [0.4691358024691358, 0.31932773109243695], [0.09876543209876543, 0.11428571428571428], [0.2962962962962963, 0.1095890410958904], [0.13580246913580246, 0.171875], [0.5901639344262295, 0.5142857142857142], [0.29508196721311475, 0.0821917808219178], [0.11475409836065574, 0.109375], [0.9006622516556292, 1.0], [0.0728476821192053, 0.03914590747330961], [0.026490066225165563, 0.07142857142857142], [0.8626198083067093, 0.9608540925266904], [0.038338658146964855, 0.10526315789473684], [0.022364217252396165, 0.10606060606060606], [0.07667731629392971, 0.42857142857142855], [0.8571428571428571, 0.8947368421052632], [0.058823529411764705, 0.10606060606060606], [0.08403361344537816, 0.17857142857142858], [0.7428571428571429, 0.7878787878787878], [0.2571428571428571, 0.32142857142857145], [0.9632352941176471, 1.0], [0.014705882352941176, 0.007692307692307693], [0.022058823529411766, 0.11538461538461539], [0.9181494661921709, 0.9923076923076923], [0.03914590747330961, 0.09649122807017543], [0.010676156583629894, 0.045454545454545456], [0.03202846975088968, 0.34615384615384615], [0.9035087719298246, 0.9035087719298246], [0.03508771929824561, 0.06060606060606061], [0.06140350877192982, 0.2692307692307692], [0.8939393939393939, 0.8939393939393939], [0.10606060606060606, 0.2692307692307692], [0.9389312977099237, 1.0], [0.03816793893129771, 0.021645021645021644], [0.007633587786259542, 0.008849557522123894], [0.015267175572519083, 0.047619047619047616], [0.8692307692307693, 0.9783549783549783], [0.046153846153846156, 0.10619469026548672], [0.011538461538461539, 0.04838709677419355], [0.07307692307692308, 0.4523809523809524], [0.8771929824561403, 0.8849557522123894], [0.06140350877192982, 0.11290322580645161], [0.06140350877192982, 0.16666666666666666], [0.7878787878787878, 0.8387096774193549], [0.21212121212121213, 0.3333333333333333]], "hovertemplate": "<b>%{source.customdata} → %{target.customdata}</b><br>%{value:.0f} patients<br>• %{customdata[0]:.1%} of %{source.customdata}<br>• %{customdata[1]:.1%} of %{target.customdata}<extra></extra>"}, "node": {"label": ["502 pts<br>53.6%", "292 pts<br>31.2%", "81 pts<br>8.7%", "61 pts<br>6.5%", "151 pts<br>23.1%", "313 pts<br>47.9%", "119 pts<br>18.2%", "70 pts<br>10.7%", "D in ICU<br>219 pts", "64 pts", "136 pts<br>22.8%", "281 pts<br>47.1%", "114 pts<br>19.1%", "66 pts<br>11.1%", "56 pts", "131 pts<br>22.9%", "260 pts<br>45.5%", "114 pts<br>20.0%", "66 pts<br>11.6%", "26 pts", "123 pts<br>23.3%", "231 pts<br>43.7%", "113 pts<br>21.4%", "62 pts<br>11.7%", "42 pts"], "x": [0.001, 0.001, 0.001, 0.001, 0.2712916666666667, 0.2712916666666667, 0.2712916666666667, 0.2712916666666667, 0.14654166666666668, 0.2712916666666667, 0.4792083333333333, 0.4792083333333333, 0.4792083333333333, 0.4792083333333333, 0.4792083333333333, 0.687125, 0.687125, 0.687125, 0.687125, 0.687125, 0.999, 0.999, 0.999, 0.999, 0.999], "y": [-0.1, 0.125, 0.35, 0.5750000000000001, -0.1, 0.08000000000000002, 0.26, 0.44000000000000006, 0.8, 0.6200000000000001, -0.1, 0.08000000000000002, 0.26, 0.44000000000000006, 0.6200000000000001, -0.1, 0.08000000000000002, 0.26, 0.44000000000000006, 0.6200000000000001, -0.1, 0.08000000000000002, 0.26, 0.44000000000000006, 0.6200000000000001], "color": ["rgba(31.0,119.0,180.0,0.8)", "rgba(44.0,160.0,44.0,0.8)", "rgba(255.0,127.0,14.0,0.8)", "rgba(214.0,39.0,40.0,0.8)", "rgba(31.0,119.0,180.0,0.8)", "rgba(44.0,160.0,44.0,0.8)", "rgba(255.0,127.0,14.0,0.8)", "rgba(214.0,39.0,40.0,0.8)", "rgba(148.0,103.0,189.0,0.8)", "rgba(148.0,103.0,189.0,0.8)", "rgba(31.0,119.0,180.0,0.8)", "rgba(44.0,160.0,44.0,0.8)", "rgba(255.0,127.0,14.0,0.8)", "rgba(214.0,39.0,40.0,0.8)", "rgba(148.0,103.0,189.0,0.8)", "rgba(31.0,119.0,180.0,0.8)", "rgba(44.0,160.0,44.0,0.8)", "rgba(255.0,127.0,14.0,0.8)", "rgba(214.0,39.0,40.0,0.8)", "rgba(148.0,103.0,189.0,0.8)", "rgba(31.0,119.0,180.0,0.8)", "rgba(44.0,160.0,44.0,0.8)", "rgba(255.0,127.0,14.0,0.8)", "rgba(214.0,39.0,40.0,0.8)", "rgba(148.0,103.0,189.0,0.8)"], "pad": 10, "thickness": 40, "customdata": ["CCI: 0 at admission", "CCI: 1-2 at admission", "CCI: 3-4 at admission", "CCI: 5+ at admission", "CCI: 0 at discharge", "CCI: 1-2 at discharge", "CCI: 3-4 at discharge", "CCI: 5+ at discharge", "Death in ICU", "Death at discharge", "CCI: 0 at 6 months", "CCI: 1-2 at 6 months", "CCI: 3-4 at 6 months", "CCI: 5+ at 6 months", "Death at 6 months", "CCI: 0 at 1 year", "CCI: 1-2 at 1 year", "CCI: 3-4 at 1 year", "CCI: 5+ at 1 year", "Death at 1 year", "CCI: 0 at 2 year", "CCI: 1-2 at 2 year", "CCI: 3-4 at 2 year", "CCI: 5+ at 2 year", "Death at 2 year"], "hovertemplate": "%{customdata}<br>%{value:.0f} patients<extra></extra>"}, "loc_map": {"0": {"x": 0.001, "text": "Admission"}, "1": {"x": 0.2712916666666667, "text": "Discharge"}, "180": {"x": 0.4792083333333333, "text": "6 months"}, "365": {"x": 0.687125, "text": "1 year"}, "730": {"x": 0.999, "text": "2 year"}}}