{"link": {"source": [0, 0, 0, 0, 0, 0, 1, 1, 1, 1, 1, 2, 2, 2, 2, 3, 3, 3, 4, 4, 4, 4, 5, 5, 5, 5, 6, 6, 6, 7, 7, 10, 10, 10, 10, 10, 11, 11, 11, 11, 12, 12, 12, 13, 13, 15, 15, 15, 16, 16, 16, 16, 17, 17, 17, 18, 18], "target": [4, 5, 6, 7, 8, 9, 5, 6, 7, 8, 9, 6, 7, 8, 9, 7, 8, 9, 10, 11, 13, 14, 11, 12, 13, 14, 12, 13, 14, 13, 14, 15, 16, 17, 18, 19, 16, 17, 18, 19, 17, 18, 19, 18, 19, 20, 21, 24, 21, 22, 23, 24, 22, 23, 24, 23, 24], "value": [110, 199, 36, 17, 284, 118, 190, 98, 24, 240, 102, 87, 30, 100, 41, 52, 28, 25, 85, 5, 1, 19, 294, 17, 6, 72, 155, 13, 53, 85, 38, 71, 4, 1, 2, 7, 249, 17, 5, 28, 143, 10, 19, 81, 24, 59, 5, 7, 203, 14, 2, 34, 122, 10, 29, 70, 28], "color": ["rgba(31.0,119.0,180.0,0.2)", "rgba(31.0,119.0,180.0,0.2)", "rgba(31.0,119.0,180.0,0.2)", "rgba(31.0,119.0,180.0,0.2)", "rgba(31.0,119.0,180.0,0.2)", "rgba(31.0,119.0,180.0,0.2)", "rgba(44.0,160.0,44.0,0.2)", "rgba(44.0,160.0,44.0,0.2)", "rgba(44.0,160.0,44.0,0.2)", "rgba(44.0,160.0,44.0,0.2)", "rgba(44.0,160.0,44.0,0.2)", "rgba(255.0,127.0,14.0,0.2)", "rgba(255.0,127.0,14.0,0.2)", "rgba(255.0,127.0,14.0,0.2)", "rgba(255.0,127.0,14.0,0.2)", "rgba(214.0,39.0,40.0,0.2)", "rgba(214.0,39.0,40.0,0.2)", "rgba(214.0,39.0,40.0,0.2)", "rgba(31.0,119.0,180.0,0.2)", "rgba(31.0,119.0,180.0,0.2)", "rgba(31.0,119.0,180.0,0.2)", "rgba(31.0,119.0,180.0,0.2)", "rgba(44.0,160.0,44.0,0.2)", "rgba(44.0,160.0,44.0,0.2)", "rgba(44.0,160.0,44.0,0.2)", "rgba(44.0,160.0,44.0,0.2)", "rgba(255.0,127.0,14.0,0.2)", "rgba(255.0,127.0,14.0,0.2)", "rgba(255.0,127.0,14.0,0.2)", "rgba(214.0,39.0,40.0,0.2)", "rgba(214.0,39.0,40.0,0.2)", "rgba(31.0,119.0,180.0,0.2)", "rgba(31.0,119.0,180.0,0.2)", "rgba(31.0,119.0,180.0,0.2)", "rgba(31.0,119.0,180.0,0.2)", "rgba(31.0,119.0,180.0,0.2)", "rgba(44.0,160.0,44.0,0.2)", "rgba(44.0,160.0,44.0,0.2)", "rgba(44.0,160.0,44.0,0.2)", "rgba(44.0,160.0,44.0,0.2)", "rgba(255.0,127.0,14.0,0.2)", "rgba(255.0,127.0,14.0,0.2)", "rgba(255.0,127.0,14.0,0.2)", "rgba(214.0,39.0,40.0,0.2)", "rgba(214.0,39.0,40.0,0.2)", "rgba(31.0,119.0,180.0,0.2)", "rgba(31.0,119.0,180.0,0.2)", "rgba(31.0,119.0,180.0,0.2)", "rgba(44.0,160.0,44.0,0.2)", "rgba(44.0,160.0,44.0,0.2)", "rgba(44.0,160.0,44.0,0.2)", "rgba(44.0,160.0,44.0,0.2)", "rgba(255.0,127.0,14.0,0.2)", "rgba(255.0,127.0,14.0,0.2)", "rgba(255.0,127.0,14.0,0.2)", "rgba(214.0,39.0,40.0,0.2)", "rgba(214.0,39.0,40.0,0.2)"], "customdata": [[0.14397905759162305, 1.0], [0.2604712041884817, 0.5115681233933161], [0.04712041884816754, 0.16289592760180996], [0.02225130890052356, 0.13821138211382114], [0.3717277486910995, 0.43558282208588955], [0.1544502617801047, 0.4125874125874126], [0.290519877675841, 0.4884318766066838], [0.14984709480122324, 0.4434389140271493], [0.03669724770642202, 0.1951219512195122], [0.3669724770642202, 0.36809815950920244], [0.1559633027522936, 0.35664335664335667], [0.3372093023255814, 0.3936651583710407], [0.11627906976744186, 0.24390243902439024], [0.3875968992248062, 0.15337423312883436], [0.15891472868217055, 0.14335664335664336], [0.49523809523809526, 0.42276422764227645], [0.26666666666666666, 0.04294478527607362], [0.23809523809523808, 0.08741258741258741], [0.7727272727272727, 1.0], [0.045454545454545456, 0.016722408026755852], [0.00909090909090909, 0.009523809523809525], [0.17272727272727273, 0.1043956043956044], [0.7557840616966581, 0.9832775919732442], [0.043701799485861184, 0.09883720930232558], [0.015424164524421594, 0.05714285714285714], [0.18508997429305912, 0.3956043956043956], [0.7013574660633484, 0.9011627906976745], [0.058823529411764705, 0.12380952380952381], [0.2398190045248869, 0.29120879120879123], [0.6910569105691057, 0.8095238095238095], [0.3089430894308943, 0.2087912087912088], [0.8352941176470589, 1.0], [0.047058823529411764, 0.015810276679841896], [0.011764705882352941, 0.006211180124223602], [0.023529411764705882, 0.02040816326530612], [0.08235294117647059, 0.08974358974358974], [0.8327759197324415, 0.9841897233201581], [0.056856187290969896, 0.10559006211180125], [0.016722408026755852, 0.05102040816326531], [0.09364548494983277, 0.358974358974359], [0.8313953488372093, 0.8881987577639752], [0.05813953488372093, 0.10204081632653061], [0.11046511627906977, 0.24358974358974358], [0.7714285714285715, 0.826530612244898], [0.22857142857142856, 0.3076923076923077], [0.8309859154929577, 1.0], [0.07042253521126761, 0.02403846153846154], [0.09859154929577464, 0.07142857142857142], [0.8023715415019763, 0.9759615384615384], [0.05533596837944664, 0.10294117647058823], [0.007905138339920948, 0.024390243902439025], [0.13438735177865613, 0.3469387755102041], [0.7577639751552795, 0.8970588235294118], [0.062111801242236024, 0.12195121951219512], [0.18012422360248448, 0.29591836734693877], [0.7142857142857143, 0.8536585365853658], [0.2857142857142857, 0.2857142857142857]], "hovertemplate": "<b>%{source.customdata} → %{target.customdata}</b><br>%{value:.0f} patients<br>• %{customdata[0]:.1%} of %{source.customdata}<br>• %{customdata[1]:.1%} of %{target.customdata}<extra></extra>"}, "node": {"label": ["764 pts<br>42.9%", "654 pts<br>36.7%", "258 pts<br>14.5%", "105 pts<br>5.9%", "110 pts<br>13.0%", "389 pts<br>46.1%", "221 pts<br>26.2%", "123 pts<br>14.6%", "D in ICU<br>652 pts", "286 pts", "85 pts<br>12.9%", "299 pts<br>45.2%", "172 pts<br>26.0%", "105 pts<br>15.9%", "182 pts", "71 pts<br>12.2%", "253 pts<br>43.4%", "161 pts<br>27.6%", "98 pts<br>16.8%", "78 pts", "59 pts<br>12.2%", "208 pts<br>42.9%", "136 pts<br>28.0%", "82 pts<br>16.9%", "98 pts"], "x": [0.001, 0.001, 0.001, 0.001, 0.2712916666666667, 0.2712916666666667, 0.2712916666666667, 0.2712916666666667, 0.14654166666666668, 0.2712916666666667, 0.4792083333333333, 0.4792083333333333, 0.4792083333333333, 0.4792083333333333, 0.4792083333333333, 0.687125, 0.687125, 0.687125, 0.687125, 0.687125, 0.999, 0.999, 0.999, 0.999, 0.999], "y": [-0.1, 0.125, 0.35, 0.5750000000000001, -0.1, 0.08000000000000002, 0.26, 0.44000000000000006, 0.8, 0.6200000000000001, -0.1, 0.08000000000000002, 0.26, 0.44000000000000006, 0.6200000000000001, -0.1, 0.08000000000000002, 0.26, 0.44000000000000006, 0.6200000000000001, -0.1, 0.08000000000000002, 0.26, 0.44000000000000006, 0.6200000000000001], "color": ["rgba(31.0,119.0,180.0,0.8)", "rgba(44.0,160.0,44.0,0.8)", "rgba(255.0,127.0,14.0,0.8)", "rgba(214.0,39.0,40.0,0.8)", "rgba(31.0,119.0,180.0,0.8)", "rgba(44.0,160.0,44.0,0.8)", "rgba(255.0,127.0,14.0,0.8)", "rgba(214.0,39.0,40.0,0.8)", "rgba(148.0,103.0,189.0,0.8)", "rgba(148.0,103.0,189.0,0.8)", "rgba(31.0,119.0,180.0,0.8)", "rgba(44.0,160.0,44.0,0.8)", "rgba(255.0,127.0,14.0,0.8)", "rgba(214.0,39.0,40.0,0.8)", "rgba(148.0,103.0,189.0,0.8)", "rgba(31.0,119.0,180.0,0.8)", "rgba(44.0,160.0,44.0,0.8)", "rgba(255.0,127.0,14.0,0.8)", "rgba(214.0,39.0,40.0,0.8)", "rgba(148.0,103.0,189.0,0.8)", "rgba(31.0,119.0,180.0,0.8)", "rgba(44.0,160.0,44.0,0.8)", "rgba(255.0,127.0,14.0,0.8)", "rgba(214.0,39.0,40.0,0.8)", "rgba(148.0,103.0,189.0,0.8)"], "pad": 10, "thickness": 40, "customdata": ["CCI: 0 at admission", "CCI: 1-2 at admission", "CCI: 3-4 at admission", "CCI: 5+ at admission", "CCI: 0 at discharge", "CCI: 1-2 at discharge", "CCI: 3-4 at discharge", "CCI: 5+ at discharge", "Death in ICU", "Death at discharge", "CCI: 0 at 6 months", "CCI: 1-2 at 6 months", "CCI: 3-4 at 6 months", "CCI: 5+ at 6 months", "Death at 6 months", "CCI: 0 at 1 year", "CCI: 1-2 at 1 year", "CCI: 3-4 at 1 year", "CCI: 5+ at 1 year", "Death at 1 year", "CCI: 0 at 2 year", "CCI: 1-2 at 2 year", "CCI: 3-4 at 2 year", "CCI: 5+ at 2 year", "Death at 2 year"], "hovertemplate": "%{customdata}<br>%{value:.0f} patients<extra></extra>"}, "loc_map": {"0": {"x": 0.001, "text": "Admission"}, "1": {"x": 0.2712916666666667, "text": "Discharge"}, "180": {"x": 0.4792083333333333, "text": "6 months"}, "365": {"x": 0.687125, "text": "1 year"}, "730": {"x": 0.999, "text": "2 year"}}}