{"link": {"source": [0, 0, 0, 0, 0, 0, 1, 1, 1, 1, 1, 2, 2, 2, 2, 3, 3, 3, 4, 4, 5, 5, 5, 5, 6, 6, 6, 7, 7, 10, 10, 10, 11, 11, 11, 11, 12, 12, 12, 13, 13, 15, 15, 15, 15, 16, 16, 16, 16, 17, 17, 17, 18, 18], "target": [4, 5, 6, 7, 8, 9, 5, 6, 7, 8, 9, 6, 7, 8, 9, 7, 8, 9, 10, 11, 11, 12, 13, 14, 12, 13, 14, 13, 14, 15, 16, 19, 16, 17, 18, 19, 17, 18, 19, 18, 19, 20, 21, 23, 24, 21, 22, 23, 24, 22, 23, 24, 23, 24], "value": [264, 95, 16, 3, 80, 12, 447, 265, 82, 209, 56, 941, 669, 740, 262, 804, 526, 223, 253, 11, 499, 29, 2, 12, 1063, 64, 95, 1286, 272, 236, 16, 1, 457, 39, 6, 8, 954, 99, 39, 1216, 136, 223, 11, 1, 1, 404, 56, 3, 10, 847, 93, 53, 1149, 172], "color": ["rgba(31.0,119.0,180.0,0.2)", "rgba(31.0,119.0,180.0,0.2)", "rgba(31.0,119.0,180.0,0.2)", "rgba(31.0,119.0,180.0,0.2)", "rgba(31.0,119.0,180.0,0.2)", "rgba(31.0,119.0,180.0,0.2)", "rgba(44.0,160.0,44.0,0.2)", "rgba(44.0,160.0,44.0,0.2)", "rgba(44.0,160.0,44.0,0.2)", "rgba(44.0,160.0,44.0,0.2)", "rgba(44.0,160.0,44.0,0.2)", "rgba(255.0,127.0,14.0,0.2)", "rgba(255.0,127.0,14.0,0.2)", "rgba(255.0,127.0,14.0,0.2)", "rgba(255.0,127.0,14.0,0.2)", "rgba(214.0,39.0,40.0,0.2)", "rgba(214.0,39.0,40.0,0.2)", "rgba(214.0,39.0,40.0,0.2)", "rgba(31.0,119.0,180.0,0.2)", "rgba(31.0,119.0,180.0,0.2)", "rgba(44.0,160.0,44.0,0.2)", "rgba(44.0,160.0,44.0,0.2)", "rgba(44.0,160.0,44.0,0.2)", "rgba(44.0,160.0,44.0,0.2)", "rgba(255.0,127.0,14.0,0.2)", "rgba(255.0,127.0,14.0,0.2)", "rgba(255.0,127.0,14.0,0.2)", "rgba(214.0,39.0,40.0,0.2)", "rgba(214.0,39.0,40.0,0.2)", "rgba(31.0,119.0,180.0,0.2)", "rgba(31.0,119.0,180.0,0.2)", "rgba(31.0,119.0,180.0,0.2)", "rgba(44.0,160.0,44.0,0.2)", "rgba(44.0,160.0,44.0,0.2)", "rgba(44.0,160.0,44.0,0.2)", "rgba(44.0,160.0,44.0,0.2)", "rgba(255.0,127.0,14.0,0.2)", "rgba(255.0,127.0,14.0,0.2)", "rgba(255.0,127.0,14.0,0.2)", "rgba(214.0,39.0,40.0,0.2)", "rgba(214.0,39.0,40.0,0.2)", "rgba(31.0,119.0,180.0,0.2)", "rgba(31.0,119.0,180.0,0.2)", "rgba(31.0,119.0,180.0,0.2)", "rgba(31.0,119.0,180.0,0.2)", "rgba(44.0,160.0,44.0,0.2)", "rgba(44.0,160.0,44.0,0.2)", "rgba(44.0,160.0,44.0,0.2)", "rgba(44.0,160.0,44.0,0.2)", "rgba(255.0,127.0,14.0,0.2)", "rgba(255.0,127.0,14.0,0.2)", "rgba(255.0,127.0,14.0,0.2)", "rgba(214.0,39.0,40.0,0.2)", "rgba(214.0,39.0,40.0,0.2)"], "customdata": [[0.5617021276595745, 1.0], [0.20212765957446807, 0.1752767527675277], [0.03404255319148936, 0.01309328968903437], [0.006382978723404255, 0.0019255455712451862], [0.1702127659574468, 0.05144694533762058], [0.02553191489361702, 0.0216998191681736], [0.42209631728045327, 0.8247232472324724], [0.2502360717658168, 0.21685761047463176], [0.07743153918791312, 0.05263157894736842], [0.19735599622285174, 0.13440514469453377], [0.05288007554296506, 0.10126582278481013], [0.360260336906585, 0.7700490998363339], [0.25612557427258803, 0.4293966623876765], [0.2833078101071976, 0.4758842443729904], [0.1003062787136294, 0.47377938517179025], [0.5177076625885383, 0.5160462130937099], [0.33869929169349644, 0.3382636655948553], [0.14359304571796522, 0.40325497287522605], [0.9583333333333334, 1.0], [0.041666666666666664, 0.021568627450980392], [0.9206642066420664, 0.9784313725490196], [0.05350553505535055, 0.026556776556776556], [0.0036900369003690036, 0.0014792899408284023], [0.02214022140221402, 0.0316622691292876], [0.869885433715221, 0.9734432234432234], [0.05237315875613748, 0.047337278106508875], [0.07774140752864157, 0.25065963060686014], [0.8254172015404364, 0.9511834319526628], [0.17458279845956354, 0.7176781002638523], [0.932806324110672, 1.0], [0.06324110671936758, 0.03382663847780127], [0.003952569169960474, 0.005434782608695652], [0.8960784313725491, 0.9661733615221987], [0.07647058823529412, 0.03927492447129909], [0.011764705882352941, 0.004542013626040878], [0.01568627450980392, 0.043478260869565216], [0.8736263736263736, 0.9607250755287009], [0.09065934065934066, 0.07494322482967448], [0.03571428571428571, 0.21195652173913043], [0.8994082840236687, 0.9205147615442847], [0.10059171597633136, 0.7391304347826086], [0.9449152542372882, 1.0], [0.046610169491525424, 0.02650602409638554], [0.00423728813559322, 0.0008025682182985554], [0.00423728813559322, 0.00423728813559322], [0.854122621564482, 0.9734939759036144], [0.11839323467230443, 0.06201550387596899], [0.006342494714587738, 0.002407704654895666], [0.021141649048625793, 0.0423728813559322], [0.8529707955689829, 0.937984496124031], [0.09365558912386707, 0.07463884430176565], [0.05337361530715005, 0.2245762711864407], [0.8697956093868282, 0.9221508828250401], [0.13020439061317185, 0.7288135593220338]], "hovertemplate": "<b>%{source.customdata} → %{target.customdata}</b><br>%{value:.0f} patients<br>• %{customdata[0]:.1%} of %{source.customdata}<br>• %{customdata[1]:.1%} of %{target.customdata}<extra></extra>"}, "node": {"label": ["470 pts", "1059 pts", "2612 pts", "1553 pts", "264 pts", "542 pts", "1222 pts", "1558 pts", "D in ICU<br>1555 pts", "553 pts", "253 pts", "510 pts", "1092 pts", "1352 pts", "379 pts", "236 pts", "473 pts", "993 pts", "1321 pts", "184 pts", "223 pts", "415 pts", "903 pts", "1246 pts", "236 pts"], "x": [0.001, 0.001, 0.001, 0.001, 0.2712916666666667, 0.2712916666666667, 0.2712916666666667, 0.2712916666666667, 0.14654166666666668, 0.2712916666666667, 0.4792083333333333, 0.4792083333333333, 0.4792083333333333, 0.4792083333333333, 0.4792083333333333, 0.687125, 0.687125, 0.687125, 0.687125, 0.687125, 0.999, 0.999, 0.999, 0.999, 0.999], "y": [-0.1, 0.125, 0.35, 0.5750000000000001, -0.1, 0.08000000000000002, 0.26, 0.44000000000000006, 0.8, 0.6200000000000001, -0.1, 0.08000000000000002, 0.26, 0.44000000000000006, 0.6200000000000001, -0.1, 0.08000000000000002, 0.26, 0.44000000000000006, 0.6200000000000001, -0.1, 0.08000000000000002, 0.26, 0.44000000000000006, 0.6200000000000001], "color": ["rgba(31.0,119.0,180.0,0.8)", "rgba(44.0,160.0,44.0,0.8)", "rgba(255.0,127.0,14.0,0.8)", "rgba(214.0,39.0,40.0,0.8)", "rgba(31.0,119.0,180.0,0.8)", "rgba(44.0,160.0,44.0,0.8)", "rgba(255.0,127.0,14.0,0.8)", "rgba(214.0,39.0,40.0,0.8)", "rgba(148.0,103.0,189.0,0.8)", "rgba(148.0,103.0,189.0,0.8)", "rgba(31.0,119.0,180.0,0.8)", "rgba(44.0,160.0,44.0,0.8)", "rgba(255.0,127.0,14.0,0.8)", "rgba(214.0,39.0,40.0,0.8)", "rgba(148.0,103.0,189.0,0.8)", "rgba(31.0,119.0,180.0,0.8)", "rgba(44.0,160.0,44.0,0.8)", "rgba(255.0,127.0,14.0,0.8)", "rgba(214.0,39.0,40.0,0.8)", "rgba(148.0,103.0,189.0,0.8)", "rgba(31.0,119.0,180.0,0.8)", "rgba(44.0,160.0,44.0,0.8)", "rgba(255.0,127.0,14.0,0.8)", "rgba(214.0,39.0,40.0,0.8)", "rgba(148.0,103.0,189.0,0.8)"], "pad": 10, "thickness": 40, "customdata": ["CCI: 0 at admission", "CCI: 1-2 at admission", "CCI: 3-4 at admission", "CCI: 5+ at admission", "CCI: 0 at discharge", "CCI: 1-2 at discharge", "CCI: 3-4 at discharge", "CCI: 5+ at discharge", "Death in ICU", "Death at discharge", "CCI: 0 at 6 months", "CCI: 1-2 at 6 months", "CCI: 3-4 at 6 months", "CCI: 5+ at 6 months", "Death at 6 months", "CCI: 0 at 1 year", "CCI: 1-2 at 1 year", "CCI: 3-4 at 1 year", "CCI: 5+ at 1 year", "Death at 1 year", "CCI: 0 at 2 year", "CCI: 1-2 at 2 year", "CCI: 3-4 at 2 year", "CCI: 5+ at 2 year", "Death at 2 year"], "hovertemplate": "%{customdata}<br>%{value:.0f} patients<extra></extra>"}, "loc_map": {"0": {"x": 0.001, "text": "Admission"}, "1": {"x": 0.2712916666666667, "text": "Discharge"}, "180": {"x": 0.4792083333333333, "text": "6 months"}, "365": {"x": 0.687125, "text": "1 year"}, "730": {"x": 0.999, "text": "2 year"}}}